HIERARCHY
ROOT Hips
{
	OFFSET 0.000000 0.000000 0.000000
	CHANNELS 6 Xposition Yposition Zposition Zrotation Xrotation Yrotation
	JOINT LHipJoint
	{
		OFFSET 0.000000 0.000000 0.000000
		CHANNELS 3 Zrotation Xrotation Yrotation
		JOINT LeftUpLeg
		{
			OFFSET 0.076937 -0.101296 0.047373
			CHANNELS 3 Zrotation Xrotation Yrotation
			JOINT LeftLeg
			{
				OFFSET 0.138181 -0.379650 0.000000
				CHANNELS 3 Zrotation Xrotation Yrotation
				JOINT LeftFoot
				{
					OFFSET 0.144621 -0.397343 0.000000
					CHANNELS 3 Zrotation Xrotation Yrotation
					JOINT LeftToeBase
					{
						OFFSET 0.008898 -0.024446 0.131094
						CHANNELS 3 Zrotation Xrotation Yrotation
						JOINT End_Site
						{
							OFFSET 0.000000 -0.000000 0.067149
							CHANNELS 3 Zrotation Xrotation Yrotation
							End Site
							{
								OFFSET 0.000000 -0.000000 0.020145
							}
						}
					}
				}
			}
		}
	}
	JOINT RHipJoint
	{
		OFFSET 0.000000 0.000000 0.000000
		CHANNELS 3 Zrotation Xrotation Yrotation
		JOINT RightUpLeg
		{
			OFFSET -0.073689 -0.101296 0.047373
			CHANNELS 3 Zrotation Xrotation Yrotation
			JOINT RightLeg
			{
				OFFSET -0.143511 -0.394292 0.000000
				CHANNELS 3 Zrotation Xrotation Yrotation
				JOINT RightFoot
				{
					OFFSET -0.144963 -0.398282 0.000000
					CHANNELS 3 Zrotation Xrotation Yrotation
					JOINT RightToeBase
					{
						OFFSET -0.009298 -0.025546 0.133386
						CHANNELS 3 Zrotation Xrotation Yrotation
						JOINT End_Site
						{
							OFFSET -0.000000 -0.000000 0.068344
							CHANNELS 3 Zrotation Xrotation Yrotation
							End Site
							{
								OFFSET -0.000000 -0.000000 0.020503
							}
						}
					}
				}
			}
		}
	}
	JOINT LowerBack
	{
		OFFSET 0.000000 0.000000 0.000000
		CHANNELS 3 Zrotation Xrotation Yrotation
		JOINT Spine
		{
			OFFSET 0.001596 0.114897 -0.010915
			CHANNELS 3 Zrotation Xrotation Yrotation
			JOINT Spine1
			{
				OFFSET 0.003202 0.115645 -0.002413
				CHANNELS 3 Zrotation Xrotation Yrotation
				JOINT Neck
				{
					OFFSET 0.000000 0.000000 0.000000
					CHANNELS 3 Zrotation Xrotation Yrotation
					JOINT Neck1
					{
						OFFSET -0.003058 0.098565 0.009709
						CHANNELS 3 Zrotation Xrotation Yrotation
						JOINT Head
						{
							OFFSET 0.005874 0.099418 -0.006997
							CHANNELS 3 Zrotation Xrotation Yrotation
							JOINT End_Site
							{
								OFFSET 0.002100 0.099931 -0.003523
								CHANNELS 3 Zrotation Xrotation Yrotation
								End Site
								{
									OFFSET 0.000630 0.029979 -0.001057
								}
							}
						}
					}
				}
				JOINT LeftShoulder
				{
					OFFSET 0.000000 0.000000 0.000000
					CHANNELS 3 Zrotation Xrotation Yrotation
					JOINT LeftArm
					{
						OFFSET 0.189788 0.067783 -0.017566
						CHANNELS 3 Zrotation Xrotation Yrotation
						JOINT LeftForeArm
						{
							OFFSET 0.281260 -0.000000 -0.000000
							CHANNELS 3 Zrotation Xrotation Yrotation
							JOINT LeftHand
							{
								OFFSET 0.196626 -0.000000 -0.000000
								CHANNELS 3 Zrotation Xrotation Yrotation
								JOINT LeftFingerBase
								{
									OFFSET 0.000000 0.000000 0.000000
									CHANNELS 3 Zrotation Xrotation Yrotation
									JOINT LeftHandIndex1
									{
										OFFSET 0.040372 -0.000000 -0.000000
										CHANNELS 3 Zrotation Xrotation Yrotation
										JOINT End_Site
										{
											OFFSET 0.032549 -0.000000 -0.000000
											CHANNELS 3 Zrotation Xrotation Yrotation
											End Site
											{
												OFFSET 0.009765 -0.000000 -0.000000
											}
										}
									}
								}
								JOINT LThumb
								{
									OFFSET 0.000000 0.000000 0.000000
									CHANNELS 3 Zrotation Xrotation Yrotation
									JOINT End_Site
									{
										OFFSET 0.033046 -0.000000 0.033046
										CHANNELS 3 Zrotation Xrotation Yrotation
										End Site
										{
											OFFSET 0.009914 -0.000000 0.009914
										}
									}
								}
							}
						}
					}
				}
				JOINT RightShoulder
				{
					OFFSET 0.000000 0.000000 0.000000
					CHANNELS 3 Zrotation Xrotation Yrotation
					JOINT RightArm
					{
						OFFSET -0.177042 0.077557 -0.022840
						CHANNELS 3 Zrotation Xrotation Yrotation
						JOINT RightForeArm
						{
							OFFSET -0.295874 -0.000000 -0.000000
							CHANNELS 3 Zrotation Xrotation Yrotation
							JOINT RightHand
							{
								OFFSET -0.194403 -0.000000 -0.000000
								CHANNELS 3 Zrotation Xrotation Yrotation
								JOINT RightFingerBase
								{
									OFFSET 0.000000 0.000000 0.000000
									CHANNELS 3 Zrotation Xrotation Yrotation
									JOINT RightHandIndex1
									{
										OFFSET -0.035138 -0.000000 -0.000000
										CHANNELS 3 Zrotation Xrotation Yrotation
										JOINT End_Site
										{
											OFFSET -0.028329 -0.000000 -0.000000
											CHANNELS 3 Zrotation Xrotation Yrotation
											End Site
											{
												OFFSET -0.008499 -0.000000 -0.000000
											}
										}
									}
								}
								JOINT RThumb
								{
									OFFSET 0.000000 0.000000 0.000000
									CHANNELS 3 Zrotation Xrotation Yrotation
									JOINT End_Site
									{
										OFFSET -0.028762 -0.000000 0.028762
										CHANNELS 3 Zrotation Xrotation Yrotation
										End Site
										{
											OFFSET -0.008628 -0.000000 0.008628
										}
									}
								}
							}
						}
					}
				}
			}
		}
	}
}
MOTION
Frames: 160
Frame Time: 0.03333333
0.000000 0.988594 0.000000 -0.000000 0.000000 -0.000000 -12.055450 22.050589 16.367549 -16.388706 -21.084059 -11.394089 -3.876232 2.025246 0.815780 6.231633 0.513191 32.822687 -0.558914 -15.243377 -4.174993 -0.000000 0.000000 -0.000000 8.315026 -4.069219 7.411662 13.853268 4.238972 -2.153759 -5.120386 1.326722 -0.416799 1.404708 23.038539 20.926286 1.241027 -15.680311 8.994573 -0.000000 0.000000 -0.000000 -1.572610 8.273555 -0.151775 2.940478 -4.750899 0.314924 -0.000000 0.000000 -0.000000 2.701521 -18.040261 -0.407611 0.359350 21.343511 -1.336205 -9.313315 10.711106 0.320770 -0.000000 0.000000 -0.000000 -5.102991 -8.371079 18.873186 -51.214962 5.021668 -10.455122 13.820637 -0.700374 -5.774029 -0.000000 0.000000 -0.000000 -1.829253 -0.434218 26.704743 -4.055105 0.067693 -1.911934 -0.000000 0.000000 -0.000000 -23.082468 13.595308 29.452170 -0.000000 0.000000 -0.000000 -11.963782 15.439387 44.208580 58.744818 -6.717391 -11.905550 3.357254 0.391693 13.305577 -0.000000 0.000000 -0.000000 -5.434755 -0.660996 13.858815 3.576867 -0.135003 -4.321618 -0.000000 0.000000 -0.000000 -2.086611 -1.666532 -12.774984 -0.000000 0.000000 -0.000000
0.000000 0.994210 0.000000 0.000000 0.000000 0.000000 -14.806378 24.583757 18.896618 -15.732606 -24.031694 -12.841615 -4.382030 2.454037 1.001152 8.468941 -1.720976 39.046252 -0.424443 -14.883182 -3.248704 0.000000 0.000000 0.000000 10.518528 -5.036279 9.482210 12.102840 5.599500 -2.738939 -5.807367 1.737877 -0.534556 1.133112 24.336556 25.234349 1.357959 -15.705856 9.822032 0.000000 0.000000 0.000000 -1.815249 8.553857 -0.156792 3.132539 -4.678901 0.322956 0.000000 0.000000 0.000000 3.667398 -17.998381 -0.348443 -0.511870 21.753128 -1.255216 -10.249824 10.350356 0.350915 0.000000 0.000000 0.000000 -3.422154 -10.590575 25.338667 -61.644375 5.237997 -8.768059 15.582184 -1.262175 -9.205289 0.000000 0.000000 0.000000 0.732318 0.204566 31.213980 -4.940686 0.066025 -1.530306 0.000000 0.000000 0.000000 -26.932157 12.624634 40.409484 0.000000 0.000000 0.000000 -16.366127 15.928714 50.464157 68.531012 -3.478543 -5.104144 2.093239 0.309413 16.814819 0.000000 0.000000 0.000000 -6.692003 -0.984386 16.717903 4.161098 -0.176890 -4.866261 0.000000 0.000000 0.000000 0.173088 0.125165 -18.256582 0.000000 0.000000 0.000000
0.006875 0.993398 0.007343 0.000000 0.000000 0.000000 -18.762059 27.839007 22.648306 -15.409311 -28.100425 -14.973229 -5.203720 2.539929 1.057510 11.596256 -3.519808 48.112891 -0.318491 -15.198957 -2.386803 0.000000 0.000000 0.000000 14.049499 -6.401501 12.818407 9.436508 7.836091 -3.611658 -6.771013 1.940175 -0.578977 0.494286 26.379649 31.622344 1.399608 -15.114319 10.520602 0.000000 0.000000 0.000000 -2.235139 8.802480 -0.163952 3.324283 -4.518196 0.325697 0.000000 0.000000 0.000000 5.234615 -17.548376 -0.259749 -2.459807 21.798140 -1.015596 -12.070443 9.560737 0.385014 0.000000 0.000000 0.000000 -0.365449 -13.383053 34.959413 -70.230247 4.579242 -6.508409 16.741875 -1.838111 -12.443431 0.000000 0.000000 0.000000 3.914602 1.253729 35.505777 -5.766919 0.055897 -1.109725 0.000000 0.000000 0.000000 -29.619939 10.929913 50.214865 0.000000 0.000000 0.000000 -23.004946 15.681919 59.428078 75.747600 1.476123 1.897885 0.578527 0.101823 19.963919 0.000000 0.000000 0.000000 -7.778370 -1.325930 19.319422 4.634582 -0.217805 -5.378410 0.000000 0.000000 0.000000 2.148613 1.421986 -23.009034 0.000000 0.000000 0.000000
0.000649 0.994436 -0.007315 0.000000 0.000000 0.000000 -21.985561 30.121860 25.708190 -15.338384 -31.145921 -16.627319 -5.790968 2.723362 1.150318 14.249319 -5.071481 54.423575 -0.205507 -14.544467 -1.610319 0.000000 0.000000 0.000000 16.622552 -7.264851 15.268778 7.593153 9.553419 -4.220753 -7.463249 2.222056 -0.648519 0.001619 27.308360 36.436947 1.326416 -14.166677 10.644165 0.000000 0.000000 0.000000 -2.503760 9.023656 -0.167073 3.484763 -4.416115 0.329464 0.000000 0.000000 0.000000 6.692344 -17.826485 -0.169036 -4.358472 22.557869 -0.796951 -13.682058 9.287700 0.436639 0.000000 0.000000 0.000000 2.033033 -15.087034 41.975917 -76.411317 2.256160 -2.866258 16.370337 -2.315198 -15.993404 0.000000 0.000000 0.000000 8.188633 2.826169 38.029486 -6.281998 0.024201 -0.441011 0.000000 0.000000 0.000000 -28.433174 8.205148 58.384888 0.000000 0.000000 0.000000 -27.864637 14.781553 65.668471 79.162902 7.080438 8.559385 -2.189019 -0.425587 22.001760 0.000000 0.000000 0.000000 -9.956433 -1.772268 20.137925 5.207732 -0.239491 -5.262462 0.000000 0.000000 0.000000 3.894355 2.453946 -25.579563 0.000000 0.000000 0.000000
0.005153 0.994154 -0.005594 0.000000 0.000000 0.000000 -24.947336 31.968716 28.531235 -15.450982 -33.770028 -18.128376 -6.296811 2.895643 1.238204 16.645357 -6.361366 59.504877 -0.114927 -13.509322 -0.970315 0.000000 0.000000 0.000000 18.907585 -7.906331 17.427068 6.017069 11.100852 -4.726100 -8.061426 2.495422 -0.714208 -0.404034 27.811621 40.545418 1.224719 -13.212574 10.545304 0.000000 0.000000 0.000000 -2.745891 9.224543 -0.168970 3.624994 -4.328688 0.332627 0.000000 0.000000 0.000000 8.089195 -18.143456 -0.073014 -6.230977 23.215160 -0.554810 -15.222772 9.053944 0.481964 0.000000 0.000000 0.000000 4.199123 -16.275731 47.907259 -80.550604 -0.793534 0.936515 15.142695 -2.577160 -19.210138 0.000000 0.000000 0.000000 12.694219 4.537442 39.208178 -6.578599 -0.015442 0.268690 0.000000 0.000000 0.000000 -24.992504 5.677832 64.775512 0.000000 0.000000 0.000000 -31.920601 13.563365 70.660952 80.014718 12.436659 14.793288 -5.237687 -1.069376 23.063915 0.000000 0.000000 0.000000 -12.257441 -2.159384 19.910038 5.727908 -0.243782 -4.870072 0.000000 0.000000 0.000000 5.220498 3.212660 -26.806270 0.000000 0.000000 0.000000
0.007592 0.994001 -0.004623 0.000000 0.000000 0.000000 -27.573033 33.424826 31.042310 -15.675392 -35.971340 -19.456201 -6.732278 3.057144 1.321054 18.704098 -7.421175 63.447058 -0.053324 -12.372265 -0.491966 0.000000 0.000000 0.000000 20.850695 -8.369618 19.255694 4.719721 12.440474 -5.134158 -8.569925 2.753323 -0.774842 -0.693254 28.004428 43.899884 1.134223 -12.438628 10.379877 0.000000 0.000000 0.000000 -2.950765 9.399330 -0.169846 3.743270 -4.251728 0.334934 0.000000 0.000000 0.000000 9.199337 -18.359812 0.007327 -7.748933 23.724410 -0.341944 -16.471835 8.820525 0.508677 0.000000 0.000000 0.000000 6.017509 -17.069755 52.701869 -82.977663 -3.919782 4.431767 13.500642 -2.614484 -21.824665 0.000000 0.000000 0.000000 16.911100 6.080486 39.321302 -6.707189 -0.053970 0.921004 0.000000 0.000000 0.000000 -20.461524 3.765002 69.357963 0.000000 0.000000 0.000000 -35.140445 12.291874 74.498470 79.151707 16.914576 20.395559 -8.101742 -1.678117 23.368123 0.000000 0.000000 0.000000 -14.320612 -2.417682 19.069978 6.138795 -0.234132 -4.364197 0.000000 0.000000 0.000000 6.107223 3.733273 -27.156365 0.000000 0.000000 0.000000
0.008828 0.994131 -0.004092 0.000000 0.000000 0.000000 -29.839608 34.558267 33.219405 -15.968152 -37.779429 -20.609469 -7.097417 3.200106 1.394975 20.425736 -8.290019 66.465528 -0.014835 -11.306470 -0.149867 0.000000 0.000000 0.000000 22.481679 -8.694398 20.779127 3.645733 13.582273 -5.460283 -8.989834 2.982906 -0.827692 -0.874975 27.998005 46.584833 1.012547 -11.534045 10.000528 0.000000 0.000000 0.000000 -3.119819 9.547544 -0.170037 3.844095 -4.186818 0.336819 0.000000 0.000000 0.000000 10.117820 -18.540650 0.077299 -9.038554 24.134761 -0.150178 -17.517822 8.612602 0.525486 0.000000 0.000000 0.000000 7.497356 -17.594913 56.515332 -84.204497 -6.738482 7.455109 11.791406 -2.495009 -23.816289 0.000000 0.000000 0.000000 20.582710 7.314858 38.787867 -6.729487 -0.086757 1.475540 0.000000 0.000000 0.000000 -15.805555 2.455481 72.446494 0.000000 0.000000 0.000000 -37.661725 11.101707 77.406715 77.387498 20.371258 25.285967 -10.555599 -2.175125 23.225797 0.000000 0.000000 0.000000 -15.989781 -2.541205 17.948068 6.429573 -0.216767 -3.857845 0.000000 0.000000 0.000000 6.644205 4.066354 -27.101271 0.000000 0.000000 0.000000
0.010538 0.994030 -0.003071 0.000000 0.000000 0.000000 -31.753027 35.436450 35.072135 -16.301734 -39.244923 -21.601518 -7.399206 3.325068 1.459905 21.841340 -9.000303 68.769432 0.009127 -10.341537 0.100863 0.000000 0.000000 0.000000 23.840605 -8.913670 22.033275 2.753601 14.540302 -5.717481 -9.333091 3.182039 -0.872713 -0.980610 27.896594 48.709080 0.934017 -10.933535 9.736190 0.000000 0.000000 0.000000 -3.258719 9.672298 -0.169818 3.926303 -4.132527 0.338186 0.000000 0.000000 0.000000 10.851625 -18.677088 0.134906 -10.104064 24.446146 0.014952 -18.373563 8.418224 0.532987 0.000000 0.000000 0.000000 8.685603 -17.940583 59.525716 -84.681979 -9.103535 9.986002 10.206622 -2.296177 -25.295766 0.000000 0.000000 0.000000 23.651655 8.231896 37.933877 -6.693593 -0.112645 1.926064 0.000000 0.000000 0.000000 -11.541097 1.584713 74.414437 0.000000 0.000000 0.000000 -39.625802 10.053936 79.606814 75.292520 22.919322 29.448453 -12.563082 -2.550233 22.863669 0.000000 0.000000 0.000000 -17.240730 -2.564489 16.797688 6.623173 -0.197119 -3.405679 0.000000 0.000000 0.000000 6.968873 4.283897 -26.879606 0.000000 0.000000 0.000000
0.012254 0.993883 -0.002021 0.000000 0.000000 0.000000 -33.349389 36.116887 36.628276 -16.634922 -40.427723 -22.443696 -7.655500 3.435785 1.517715 22.999403 -9.593789 70.520777 0.024067 -9.462022 0.290802 0.000000 0.000000 0.000000 24.954350 -9.056478 23.048157 2.021230 15.329862 -5.917947 -9.618925 3.353168 -0.910683 -1.026170 27.735472 50.375204 0.850761 -10.315609 9.404196 0.000000 0.000000 0.000000 -3.372538 9.780508 -0.169316 3.992925 -4.090401 0.339355 0.000000 0.000000 0.000000 11.407315 -18.785329 0.180140 -10.949061 24.685006 0.150086 -19.054574 8.244740 0.534104 0.000000 0.000000 0.000000 9.624703 -18.172062 61.888405 -84.729653 -10.999180 12.053029 8.817432 -2.071268 -26.391306 0.000000 0.000000 0.000000 26.148525 8.884690 36.993317 -6.631320 -0.132364 2.284446 0.000000 0.000000 0.000000 -7.887019 0.996333 75.622561 0.000000 0.000000 0.000000 -41.153163 9.164950 81.270391 73.205001 24.752039 32.917421 -14.169664 -2.820487 22.407744 0.000000 0.000000 0.000000 -18.178632 -2.543411 15.799751 6.749765 -0.178305 -3.022902 0.000000 0.000000 0.000000 7.136703 4.415710 -26.548105 0.000000 0.000000 0.000000
0.013417 0.993843 -0.001355 0.000000 0.000000 0.000000 -34.667266 36.646206 37.923913 -16.953188 -41.375801 -23.152115 -7.873280 3.531221 1.567922 23.950948 -10.093918 71.869748 0.033025 -8.692185 0.434542 0.000000 0.000000 0.000000 25.868161 -9.142720 23.865873 1.415285 15.975961 -6.072986 -9.859341 3.499231 -0.942494 -1.038067 27.562011 51.689713 0.795017 -9.892120 9.167230 0.000000 0.000000 0.000000 -3.469759 9.877409 -0.168640 4.046269 -4.060267 0.340482 0.000000 0.000000 0.000000 11.808426 -18.858465 0.213121 -11.595181 24.833476 0.254484 -19.581710 8.073731 0.527954 0.000000 0.000000 0.000000 10.369522 -18.330031 63.753905 -84.564762 -12.474055 13.705984 7.636251 -1.850233 -27.203553 0.000000 0.000000 0.000000 28.160388 9.338975 36.076043 -6.560715 -0.147190 2.567638 0.000000 0.000000 0.000000 -4.855342 0.582159 76.333658 0.000000 0.000000 0.000000 -42.353514 8.419964 82.535704 71.279971 26.064774 35.783147 -15.440876 -3.009811 21.934619 0.000000 0.000000 0.000000 -18.904819 -2.501795 14.943892 6.832053 -0.161525 -2.705495 0.000000 0.000000 0.000000 7.184897 4.475129 -26.207678 0.000000 0.000000 0.000000
0.014506 0.993725 -0.000768 0.000000 0.000000 0.000000 -35.741936 37.059511 38.993418 -17.246052 -42.132384 -23.742964 -8.064877 3.617487 1.613493 24.729618 -10.523330 72.896840 0.038657 -7.962392 0.555434 0.000000 0.000000 0.000000 26.612089 -9.189798 24.518805 0.912311 16.504598 -6.193309 -10.059933 3.621238 -0.968579 -1.024252 27.381633 52.723344 0.739798 -9.473097 8.910714 0.000000 0.000000 0.000000 -3.546691 9.961628 -0.167857 4.081177 -4.037287 0.340998 0.000000 0.000000 0.000000 12.061110 -18.908229 0.234471 -12.041844 24.909163 0.326410 -19.967872 7.909409 0.516360 0.000000 0.000000 0.000000 10.950414 -18.439814 65.209966 -84.322020 -13.587496 14.990056 6.654302 -1.648478 -27.799425 0.000000 0.000000 0.000000 29.764280 9.652184 35.251501 -6.491998 -0.158272 2.790149 0.000000 0.000000 0.000000 -2.396609 0.278641 76.738482 0.000000 0.000000 0.000000 -43.285823 7.813908 83.501042 69.597712 26.987428 38.097112 -16.434092 -3.140507 21.497424 0.000000 0.000000 0.000000 -19.454666 -2.453996 14.243719 6.884827 -0.147298 -2.448317 0.000000 0.000000 0.000000 7.177978 4.498769 -25.886468 0.000000 0.000000 0.000000
0.015635 0.993629 -0.000468 0.000000 0.000000 0.000000 -36.619123 37.385989 39.877416 -17.495352 -42.739890 -24.229282 -8.246172 3.697118 1.656048 25.370955 -10.899052 73.679054 0.041810 -7.289218 0.656396 0.000000 0.000000 0.000000 27.219148 -9.205910 25.036212 0.489362 16.936903 -6.286136 -10.225946 3.721324 -0.989590 -0.994823 27.206688 53.527624 0.703039 -9.190734 8.729981 0.000000 0.000000 0.000000 -3.613635 10.030919 -0.167153 4.101965 -4.020560 0.341105 0.000000 0.000000 0.000000 12.180468 -18.935273 0.244918 -12.307654 24.920133 0.367761 -20.231789 7.748799 0.500155 0.000000 0.000000 0.000000 11.399132 -18.516286 66.334907 -84.075714 -14.407885 15.961050 5.850419 -1.472397 -28.230862 0.000000 0.000000 0.000000 31.050254 9.872332 34.540593 -6.429318 -0.166649 2.966452 0.000000 0.000000 0.000000 -0.412854 0.047155 76.968075 0.000000 0.000000 0.000000 -43.999563 7.334008 84.237479 68.184939 27.624494 39.924278 -17.198503 -3.232177 21.136326 0.000000 0.000000 0.000000 -19.864475 -2.406073 13.677226 6.917632 -0.135732 -2.245409 0.000000 0.000000 0.000000 7.153917 4.507049 -25.617746 0.000000 0.000000 0.000000
0.015838 0.993572 0.000677 0.000000 0.000000 0.000000 -37.339380 37.646416 40.609846 -17.712091 -43.232417 -24.634224 -8.414058 3.768979 1.694889 25.907004 -11.220800 74.302978 0.043392 -6.670233 0.744610 0.000000 0.000000 0.000000 27.722666 -9.197667 25.448438 0.126417 17.286634 -6.355228 -10.373663 3.805978 -1.006864 -0.961939 27.049328 54.186213 0.659583 -8.852059 8.505879 0.000000 0.000000 0.000000 -3.672146 10.099869 -0.166316 4.110491 -4.015095 0.341236 0.000000 0.000000 0.000000 12.176865 -18.937584 0.244849 -12.412556 24.859451 0.380665 -20.391038 7.574202 0.477626 0.000000 0.000000 0.000000 11.761556 -18.575323 67.250385 -83.849583 -15.007437 16.688714 5.178762 -1.318349 -28.547212 0.000000 0.000000 0.000000 32.091452 10.021613 33.908062 -6.372652 -0.173165 3.109848 0.000000 0.000000 0.000000 1.188352 -0.134565 77.079547 0.000000 0.000000 0.000000 -44.589400 6.925913 84.811443 66.999081 28.080076 41.395305 -17.796032 -3.300162 20.851764 0.000000 0.000000 0.000000 -20.171239 -2.358930 13.205344 6.938740 -0.126399 -2.084666 0.000000 0.000000 0.000000 7.125148 4.506840 -25.411253 0.000000 0.000000 0.000000
0.016425 0.993414 0.000677 0.000000 0.000000 0.000000 -37.919972 37.856322 41.215298 -17.894075 -43.628817 -24.966286 -8.582676 3.841437 1.734293 26.354046 -11.511857 74.774403 0.043719 -6.091279 0.821669 0.000000 0.000000 0.000000 28.128404 -9.173581 25.766138 -0.177121 17.566879 -6.406718 -10.506721 3.880752 -1.021838 -0.920500 26.895946 54.705845 0.623122 -8.564222 8.307499 0.000000 0.000000 0.000000 -3.722704 10.164341 -0.165443 4.105177 -4.018532 0.341157 0.000000 0.000000 0.000000 12.044750 -18.906680 0.233212 -12.339307 24.705490 0.361439 -20.439650 7.376295 0.447536 0.000000 0.000000 0.000000 12.038659 -18.623462 67.966555 -83.664854 -15.427364 17.209259 4.622798 -1.186939 -28.786166 0.000000 0.000000 0.000000 32.957010 10.133076 33.369109 -6.323204 -0.178250 3.226193 0.000000 0.000000 0.000000 2.506178 -0.282600 77.134844 0.000000 0.000000 0.000000 -45.053832 6.597892 85.251350 66.035896 28.400753 42.550823 -18.259757 -3.352208 20.638732 0.000000 0.000000 0.000000 -20.415399 -2.320594 12.835196 6.952821 -0.118975 -1.958259 0.000000 0.000000 0.000000 7.087578 4.498143 -25.236879 0.000000 0.000000 0.000000
0.016532 0.993488 0.001191 0.000000 0.000000 0.000000 -38.393627 38.027197 41.718644 -18.040497 -43.950242 -25.236598 -8.753123 3.911618 1.773006 26.735705 -11.773198 75.148387 0.043170 -5.550290 0.890584 0.000000 0.000000 0.000000 28.465267 -9.136574 26.014879 -0.440264 17.796260 -6.445129 -10.632685 3.947725 -1.034845 -0.876069 26.750953 55.133070 0.583127 -8.240458 8.081614 0.000000 0.000000 0.000000 -3.771217 10.221350 -0.164645 4.089822 -4.025295 0.340724 0.000000 0.000000 0.000000 11.781395 -18.834707 0.209463 -12.084256 24.451956 0.310211 -20.378465 7.144194 0.408737 0.000000 0.000000 0.000000 12.261206 -18.658987 68.539003 -83.518754 -15.734861 17.595614 4.152772 -1.074868 -29.011626 0.000000 0.000000 0.000000 33.667545 10.210512 32.901580 -6.280365 -0.182276 3.321555 0.000000 0.000000 0.000000 3.577134 -0.403007 77.148192 0.000000 0.000000 0.000000 -45.426990 6.330167 85.597293 65.266216 28.618921 43.438610 -18.613968 -3.398281 20.520108 0.000000 0.000000 0.000000 -20.608880 -2.291741 12.556271 6.961927 -0.113312 -1.862634 0.000000 0.000000 0.000000 7.054706 4.489331 -25.096999 0.000000 0.000000 0.000000
0.016685 0.993335 0.001580 0.000000 0.000000 0.000000 -38.779277 38.168318 42.139769 -18.155190 -44.211599 -25.455257 -8.930711 3.983691 1.813143 27.065406 -12.016596 75.437575 0.041905 -5.035867 0.952918 0.000000 0.000000 0.000000 28.743062 -9.089994 26.205244 -0.671270 17.985580 -6.473553 -10.752959 4.009277 -1.046495 -0.826533 26.607194 55.482813 0.536280 -7.847330 7.806804 0.000000 0.000000 0.000000 -3.815369 10.273259 -0.163875 4.062279 -4.038131 0.339988 0.000000 0.000000 0.000000 11.382931 -18.725423 0.174182 -11.640789 24.105748 0.228376 -20.210554 6.877207 0.361954 0.000000 0.000000 0.000000 12.436120 -18.688861 68.997340 -83.386848 -15.959558 17.886806 3.726313 -0.972401 -29.241732 0.000000 0.000000 0.000000 34.288212 10.269500 32.480959 -6.241604 -0.185651 3.404055 0.000000 0.000000 0.000000 4.487870 -0.505894 77.143437 0.000000 0.000000 0.000000 -45.730633 6.109561 85.869216 64.659812 28.775751 44.127695 -18.893485 -3.443035 20.478318 0.000000 0.000000 0.000000 -20.771322 -2.268794 12.332910 6.969346 -0.108835 -1.787141 0.000000 0.000000 0.000000 7.019701 4.476634 -24.985297 0.000000 0.000000 0.000000
0.017029 0.993189 0.002568 0.000000 0.000000 0.000000 -39.098105 38.287938 42.499292 -18.239547 -44.430485 -25.633149 -9.125043 4.058597 1.855574 27.354593 -12.240751 75.670461 0.040125 -4.554104 1.009090 0.000000 0.000000 0.000000 28.977815 -9.032878 26.349262 -0.879309 18.141583 -6.493216 -10.877403 4.069637 -1.057542 -0.772990 26.463625 55.777523 0.496292 -7.501873 7.559116 0.000000 0.000000 0.000000 -3.870107 10.322870 -0.163159 4.033979 -4.055448 0.339485 0.000000 0.000000 0.000000 10.848446 -18.566738 0.127337 -11.011621 23.648211 0.118616 -19.935191 6.561206 0.305914 0.000000 0.000000 0.000000 12.583972 -18.709673 69.375625 -83.272618 -16.121116 18.102965 3.343728 -0.879420 -29.463385 0.000000 0.000000 0.000000 34.839703 10.316471 32.102071 -6.206428 -0.188539 3.476591 0.000000 0.000000 0.000000 5.273594 -0.595108 77.132081 0.000000 0.000000 0.000000 -45.982980 5.924364 86.083876 64.192168 28.882670 44.645434 -19.111868 -3.492309 20.528743 0.000000 0.000000 0.000000 -20.885883 -2.254146 12.185679 6.975052 -0.105570 -1.732115 0.000000 0.000000 0.000000 7.010507 4.479301 -24.886060 0.000000 0.000000 0.000000
0.016939 0.993093 0.003065 0.000000 0.000000 0.000000 -39.360285 38.390223 42.807067 -18.294689 -44.612234 -25.773689 -9.338616 4.138021 1.901243 27.612725 -12.453994 75.854607 0.037945 -4.113026 1.056697 0.000000 0.000000 0.000000 29.181082 -8.968492 26.459596 -1.071494 18.279462 -6.508611 -11.010285 4.132308 -1.068725 -0.712745 26.313991 56.019621 0.466358 -7.240269 7.361111 0.000000 0.000000 0.000000 -3.930382 10.367050 -0.162531 4.001412 -4.072535 0.338717 0.000000 0.000000 0.000000 10.167517 -18.344731 0.068763 -10.176472 23.047806 -0.018434 -19.541432 6.180373 0.239305 0.000000 0.000000 0.000000 12.710603 -18.721338 69.685396 -83.169847 -16.237464 18.265569 2.986983 -0.791682 -29.683187 0.000000 0.000000 0.000000 35.355911 10.357872 31.749306 -6.172772 -0.191156 3.544064 0.000000 0.000000 0.000000 5.981543 -0.675491 77.125323 0.000000 0.000000 0.000000 -46.189222 5.771862 86.257383 63.849694 28.945762 45.005989 -19.281164 -3.549912 20.677609 0.000000 0.000000 0.000000 -20.985498 -2.247695 12.092514 6.980278 -0.103256 -1.692885 0.000000 0.000000 0.000000 7.005862 4.483639 -24.801144 0.000000 0.000000 0.000000
0.016617 0.993087 0.003917 0.000000 0.000000 0.000000 -39.586711 38.480297 43.079336 -18.322151 -44.769481 -25.885168 -9.571766 4.221208 1.949903 27.843636 -12.655648 76.000105 0.035519 -3.708226 1.097183 0.000000 0.000000 0.000000 29.361258 -8.895436 26.541790 -1.260112 18.403227 -6.519106 -11.153067 4.198949 -1.080393 -0.643608 26.151980 56.222746 0.442200 -7.029427 7.190145 0.000000 0.000000 0.000000 -3.992433 10.409223 -0.161905 3.967878 -4.092769 0.338081 0.000000 0.000000 0.000000 9.307480 -18.043576 -0.002274 -9.105980 22.285880 -0.180132 -19.007158 5.720455 0.161622 0.000000 0.000000 0.000000 12.820769 -18.728182 69.947608 -83.068745 -16.322564 18.393059 2.640653 -0.705457 -29.910102 0.000000 0.000000 0.000000 35.795275 10.380396 31.419304 -6.142741 -0.193422 3.603600 0.000000 0.000000 0.000000 6.570560 -0.743667 77.099159 0.000000 0.000000 0.000000 -46.366277 5.640098 86.397882 63.623871 28.973241 45.224619 -19.414112 -3.621286 20.940494 0.000000 0.000000 0.000000 -21.077935 -2.244653 12.022500 6.985634 -0.101756 -1.667007 0.000000 0.000000 0.000000 7.005909 4.488016 -24.750674 0.000000 0.000000 0.000000
0.017204 0.992810 0.004928 0.000000 0.000000 0.000000 -39.787889 38.562495 43.328180 -18.324509 -44.912934 -25.975338 -9.834350 4.311248 2.003526 28.056483 -12.847953 76.122713 0.032953 -3.341251 1.129789 0.000000 0.000000 0.000000 29.532664 -8.811065 26.605328 -1.457489 18.523014 -6.526167 -11.309302 4.269837 -1.092441 -0.564727 25.974566 56.396942 0.423117 -6.866449 7.043929 0.000000 0.000000 0.000000 -4.058554 10.444975 -0.161386 3.930278 -4.111814 0.337129 0.000000 0.000000 0.000000 8.272493 -17.662059 -0.082205 -7.813810 21.355792 -0.355114 -18.341046 5.179052 0.075508 0.000000 0.000000 0.000000 12.921235 -18.726585 70.167474 -82.969952 -16.397063 18.508268 2.286689 -0.616997 -30.196487 0.000000 0.000000 0.000000 36.158689 10.384516 31.110110 -6.116138 -0.195394 3.656173 0.000000 0.000000 0.000000 7.047067 -0.800451 77.055494 0.000000 0.000000 0.000000 -46.512978 5.530398 86.517149 63.489249 28.960295 45.312441 -19.511393 -3.707978 21.324242 0.000000 0.000000 0.000000 -21.160920 -2.250174 12.003864 6.991752 -0.100938 -1.652158 0.000000 0.000000 0.000000 7.016026 4.499041 -24.698139 0.000000 0.000000 0.000000
0.018073 0.992794 0.006328 0.000000 0.000000 0.000000 -39.985293 38.636958 43.560245 -18.275255 -45.056678 -26.039116 -10.139558 4.407804 2.062726 28.259297 -13.025253 76.248002 0.030491 -3.035790 1.150619 0.000000 0.000000 0.000000 29.692974 -8.719661 26.652332 -1.650619 18.640890 -6.532910 -11.496523 4.350167 -1.105440 -0.478758 25.785232 56.559158 0.410844 -6.771523 6.935989 0.000000 0.000000 0.000000 -4.130564 10.475820 -0.160955 3.892852 -4.129214 0.336072 0.000000 0.000000 0.000000 7.054677 -17.187529 -0.167728 -6.292001 20.234236 -0.532528 -17.532807 4.542010 -0.017592 0.000000 0.000000 0.000000 13.026850 -18.715620 70.375580 -82.850713 -16.493627 18.655249 1.876182 -0.513410 -30.605832 0.000000 0.000000 0.000000 36.488881 10.373845 30.792956 -6.089949 -0.197271 3.707159 0.000000 0.000000 0.000000 7.464206 -0.851918 76.995613 0.000000 0.000000 0.000000 -46.653031 5.425205 86.630311 63.433455 28.911933 45.285723 -19.596533 -3.817565 21.844983 0.000000 0.000000 0.000000 -21.245759 -2.259398 12.003839 6.999601 -0.100615 -1.645021 0.000000 0.000000 0.000000 7.029854 4.511102 -24.661383 0.000000 0.000000 0.000000
0.019197 0.992816 0.007750 0.000000 0.000000 0.000000 -40.168116 38.705945 43.776825 -18.189659 -45.198510 -26.082809 -10.494665 4.515512 2.130253 28.454667 -13.190076 76.377159 0.028241 -2.792170 1.158737 0.000000 0.000000 0.000000 29.851958 -8.621319 26.691218 -1.846498 18.761148 -6.539590 -11.720743 4.447452 -1.120922 -0.379969 25.572360 56.709769 0.403265 -6.727665 6.852714 0.000000 0.000000 0.000000 -4.210666 10.503291 -0.160587 3.854720 -4.146258 0.334942 0.000000 0.000000 0.000000 5.384331 -16.567626 -0.267279 -4.225080 18.736646 -0.723982 -16.401910 3.727310 -0.122914 0.000000 0.000000 0.000000 13.140199 -18.696270 70.580380 -82.723160 -16.608228 18.825806 1.411129 -0.393212 -31.139691 0.000000 0.000000 0.000000 36.791671 10.353739 30.477466 -6.063970 -0.199072 3.757028 0.000000 0.000000 0.000000 7.833725 -0.898657 76.931627 0.000000 0.000000 0.000000 -46.791786 5.320547 86.737374 63.436614 28.826076 45.156986 -19.667418 -3.951963 22.514242 0.000000 0.000000 0.000000 -21.339350 -2.273895 12.026492 7.010204 -0.100620 -1.642608 0.000000 0.000000 0.000000 7.043430 4.523068 -24.624008 0.000000 0.000000 0.000000
0.020879 0.992483 0.008913 0.000000 0.000000 0.000000 -40.332784 38.771567 43.981195 -18.063074 -45.337942 -26.103573 -10.908690 4.634826 2.207097 28.639613 -13.344121 76.501599 0.026322 -2.617350 1.152175 0.000000 0.000000 0.000000 30.013537 -8.515856 26.725123 -2.047809 18.891153 -6.548283 -11.987844 4.564200 -1.139063 -0.263854 25.327436 56.842321 0.395910 -6.691007 6.764883 0.000000 0.000000 0.000000 -4.294601 10.525989 -0.160305 3.811129 -4.164913 0.333585 0.000000 0.000000 0.000000 4.203807 -15.954905 -0.327217 -2.776518 17.488006 -0.817366 -15.593640 3.010383 -0.203686 0.000000 0.000000 0.000000 13.254143 -18.672204 70.775397 -82.572985 -16.745539 19.030132 0.870336 -0.248048 -31.814814 0.000000 0.000000 0.000000 37.075637 10.322724 30.151705 -6.037241 -0.200828 3.806956 0.000000 0.000000 0.000000 8.169090 -0.942594 76.857833 0.000000 0.000000 0.000000 -46.924843 5.219796 86.836491 63.513443 28.698413 44.908523 -19.728489 -4.117035 23.357994 0.000000 0.000000 0.000000 -21.435150 -2.297467 12.095102 7.023696 -0.101036 -1.646226 0.000000 0.000000 0.000000 7.067751 4.543491 -24.569099 0.000000 0.000000 0.000000
0.022527 0.992319 0.010279 0.000000 0.000000 0.000000 -40.491625 38.834731 44.179276 -17.873465 -45.492125 -26.100417 -11.409074 4.772129 2.298156 28.824613 -13.488782 76.639937 0.024677 -2.495667 1.132860 0.000000 0.000000 0.000000 30.185311 -8.402242 26.759526 -2.260364 19.035973 -6.559606 -12.305188 4.703697 -1.160080 -0.131013 25.051002 56.962780 0.394751 -6.724318 6.711721 0.000000 0.000000 0.000000 -4.383354 10.539383 -0.160232 3.762959 -4.179766 0.331721 0.000000 0.000000 0.000000 3.226636 -15.270947 -0.366323 -1.584319 16.272984 -0.860940 -14.918163 2.285556 -0.277057 0.000000 0.000000 0.000000 13.378108 -18.637799 70.967412 -82.412889 -16.914404 19.274456 0.254237 -0.074437 -32.638420 0.000000 0.000000 0.000000 37.332404 10.277534 29.813193 -6.010255 -0.202498 3.855830 0.000000 0.000000 0.000000 8.464015 -0.983709 76.764944 0.000000 0.000000 0.000000 -47.053351 5.122102 86.938666 63.660467 28.518008 44.527912 -19.770897 -4.318254 24.415093 0.000000 0.000000 0.000000 -21.587269 -2.332818 12.191925 7.040812 -0.101858 -1.655567 0.000000 0.000000 0.000000 7.062216 4.544995 -24.510896 0.000000 0.000000 0.000000
0.024480 0.991930 0.011712 0.000000 0.000000 0.000000 -40.642164 38.898166 44.376371 -17.620422 -45.666962 -26.076486 -12.010824 4.929493 2.405981 29.005762 -13.611776 76.803563 0.023519 -2.457896 1.096287 0.000000 0.000000 0.000000 30.378475 -8.276404 26.799977 -2.492343 19.199461 -6.573235 -12.682974 4.872256 -1.184664 0.021347 24.736705 57.079474 0.398529 -6.816474 6.684189 0.000000 0.000000 0.000000 -4.468371 10.536407 -0.160543 3.701130 -4.191024 0.328841 0.000000 0.000000 0.000000 2.472694 -14.610827 -0.386913 -0.664965 15.191069 -0.868829 -14.386617 1.599722 -0.340789 0.000000 0.000000 0.000000 13.519241 -18.590318 71.165828 -82.234098 -17.121923 19.570222 -0.446778 0.134932 -33.609715 0.000000 0.000000 0.000000 37.573690 10.218174 29.452041 -5.982296 -0.204096 3.904415 0.000000 0.000000 0.000000 8.735043 -1.024377 76.648039 0.000000 0.000000 0.000000 -47.183914 5.022375 87.056153 63.874480 28.286113 44.021019 -19.795475 -4.558513 25.699276 0.000000 0.000000 0.000000 -21.761174 -2.383118 12.351708 7.062128 -0.103107 -1.670807 0.000000 0.000000 0.000000 7.059051 4.551055 -24.417893 0.000000 0.000000 0.000000
0.026653 0.991540 0.013682 0.000000 0.000000 0.000000 -40.796016 38.960128 44.572396 -17.270040 -45.876437 -26.022310 -12.734185 5.107160 2.532825 29.184388 -13.703663 77.009610 0.022833 -2.510402 1.042078 0.000000 0.000000 0.000000 30.586545 -8.142883 26.845410 -2.733311 19.382569 -6.591279 -13.130420 5.073633 -1.212715 0.190256 24.390138 57.197345 0.396533 -6.854543 6.613851 0.000000 0.000000 0.000000 -4.552771 10.511500 -0.161431 3.636770 -4.200286 0.325684 0.000000 0.000000 0.000000 1.864520 -13.948606 -0.394990 0.053125 14.197533 -0.853546 -13.960702 0.942418 -0.398083 0.000000 0.000000 0.000000 13.685103 -18.527054 71.381402 -82.028345 -17.380087 19.934615 -1.238132 0.387083 -34.721001 0.000000 0.000000 0.000000 37.805325 10.153609 29.088297 -5.953847 -0.205602 3.952024 0.000000 0.000000 0.000000 8.992318 -1.064467 76.525128 0.000000 0.000000 0.000000 -47.323144 4.915454 87.192309 64.163120 28.002684 43.384028 -19.783816 -4.840438 27.248656 0.000000 0.000000 0.000000 -21.973097 -2.447724 12.559632 7.088054 -0.104920 -1.693932 0.000000 0.000000 0.000000 7.051555 4.555408 -24.312351 0.000000 0.000000 0.000000
0.029278 0.991032 0.016155 0.000000 0.000000 0.000000 -40.940654 39.021528 44.765059 -16.832486 -46.124579 -25.944997 -13.591657 5.309025 2.682725 29.355222 -13.747329 77.274274 0.022623 -2.678150 0.967797 0.000000 0.000000 0.000000 30.816791 -8.001318 26.901765 -2.994335 19.590585 -6.613264 -13.644130 5.310873 -1.244340 0.368341 24.025952 57.319524 0.399198 -6.946035 6.570481 0.000000 0.000000 0.000000 -4.618913 10.456160 -0.163111 3.552004 -4.205845 0.321122 0.000000 0.000000 0.000000 1.356604 -13.318888 -0.394673 0.627068 13.323259 -0.826926 -13.615831 0.339764 -0.447743 0.000000 0.000000 0.000000 13.876171 -18.447309 71.614152 -81.798710 -17.694388 20.373908 -2.096816 0.680419 -35.953220 0.000000 0.000000 0.000000 37.992999 10.071051 28.713396 -5.927226 -0.206912 3.995064 0.000000 0.000000 0.000000 9.195804 -1.101710 76.365048 0.000000 0.000000 0.000000 -47.472624 4.799834 87.360255 64.512325 27.664001 42.625046 -19.717110 -5.163844 29.092886 0.000000 0.000000 0.000000 -22.214338 -2.526229 12.816154 7.118411 -0.107543 -1.728863 0.000000 0.000000 0.000000 7.055024 4.566515 -24.210767 0.000000 0.000000 0.000000
0.033184 0.990242 0.019124 0.000000 0.000000 0.000000 -41.052895 39.082904 44.947207 -16.303107 -46.408869 -25.839802 -14.600298 5.534126 2.858023 29.503529 -13.722939 77.600024 0.022715 -2.975221 0.874649 0.000000 0.000000 0.000000 31.071658 -7.853772 26.973307 -3.271599 19.825755 -6.640410 -14.239998 5.595864 -1.280535 0.561771 23.632260 57.438665 0.393395 -6.953945 6.467803 0.000000 0.000000 0.000000 -4.667996 10.365762 -0.165740 3.451926 -4.210540 0.315617 0.000000 0.000000 0.000000 0.944636 -12.721441 -0.388175 1.051109 12.548254 -0.792525 -13.348377 -0.207121 -0.491327 0.000000 0.000000 0.000000 14.084621 -18.351884 71.848727 -81.540887 -18.067829 20.894328 -3.013863 1.016799 -37.279017 0.000000 0.000000 0.000000 38.128359 9.970222 28.331857 -5.903314 -0.207995 4.032232 0.000000 0.000000 0.000000 9.336647 -1.135210 76.165215 0.000000 0.000000 0.000000 -47.617810 4.686538 87.548322 64.927857 27.275483 41.750821 -19.557736 -5.520210 31.255000 0.000000 0.000000 0.000000 -22.527354 -2.634300 13.171039 7.151729 -0.111452 -1.783322 0.000000 0.000000 0.000000 7.041654 4.567869 -24.095829 0.000000 0.000000 0.000000
0.038563 0.989062 0.023165 0.000000 0.000000 0.000000 -41.138686 39.142038 45.115428 -15.637833 -46.751506 -25.695901 -15.791827 5.780797 3.062115 29.628063 -13.613200 78.012426 0.022753 -3.394707 0.767812 0.000000 0.000000 0.000000 31.340585 -7.706224 27.057025 -3.549532 20.084204 -6.674148 -14.921627 5.931856 -1.320441 0.761279 23.227610 57.553038 0.383121 -6.915918 6.333877 0.000000 0.000000 0.000000 -4.693064 10.234902 -0.169432 3.331890 -4.210355 0.308674 0.000000 0.000000 0.000000 0.594856 -12.160869 -0.377799 1.374698 11.872871 -0.756282 -13.137619 -0.695420 -0.529226 0.000000 0.000000 0.000000 14.314872 -18.237757 72.088006 -81.255098 -18.507222 21.505209 -3.972583 1.393810 -38.655014 0.000000 0.000000 0.000000 38.221637 9.850519 27.932759 -5.882220 -0.208874 4.063799 0.000000 0.000000 0.000000 9.426608 -1.167001 75.916585 0.000000 0.000000 0.000000 -47.760976 4.573538 87.769638 65.379685 26.839565 40.790302 -19.286620 -5.902157 33.755245 0.000000 0.000000 0.000000 -22.917000 -2.792158 13.711862 7.185231 -0.116903 -1.861790 0.000000 0.000000 0.000000 7.002921 4.559609 -23.901227 0.000000 0.000000 0.000000
0.045184 0.988012 0.027743 0.000000 0.000000 0.000000 -41.177162 39.198163 45.260021 -14.812282 -47.153325 -25.499222 -17.190250 6.042840 3.296143 29.710464 -13.402245 78.503015 0.022493 -3.889674 0.662393 0.000000 0.000000 0.000000 31.620911 -7.563609 27.155785 -3.816610 20.362067 -6.715287 -15.702330 6.332257 -1.364491 0.965398 22.815025 57.655104 0.366402 -6.806882 6.155100 0.000000 0.000000 0.000000 -4.688201 10.047668 -0.174523 3.192932 -4.199745 0.300060 0.000000 0.000000 0.000000 0.270663 -11.606077 -0.364039 1.621362 11.282865 -0.720459 -12.967625 -1.130637 -0.562285 0.000000 0.000000 0.000000 14.562458 -18.098216 72.304011 -80.947677 -19.019582 22.214119 -4.930014 1.796227 -40.018202 0.000000 0.000000 0.000000 38.280995 9.695597 27.463970 -5.862327 -0.209626 4.092268 0.000000 0.000000 0.000000 9.472752 -1.201205 75.578273 0.000000 0.000000 0.000000 -47.872980 4.483163 88.026764 65.866163 26.352042 39.741297 -18.857232 -6.299179 36.666142 0.000000 0.000000 0.000000 -23.315123 -2.985622 14.398018 7.216553 -0.124085 -1.967551 0.000000 0.000000 0.000000 6.991794 4.571217 -23.684215 0.000000 0.000000 0.000000
0.053284 0.986460 0.033715 0.000000 0.000000 0.000000 -41.152220 39.250331 45.372431 -13.808541 -47.629817 -25.247061 -18.808630 6.310149 3.558666 29.738666 -13.059823 79.100359 0.021955 -4.497183 0.559147 0.000000 0.000000 0.000000 31.915214 -7.429463 27.275702 -4.064952 20.654242 -6.763646 -16.593196 6.809233 -1.412139 1.165114 22.412514 57.730426 0.346913 -6.660224 5.956683 0.000000 0.000000 0.000000 -4.633771 9.798367 -0.180823 3.018711 -4.171692 0.288501 0.000000 0.000000 0.000000 -0.046447 -11.054085 -0.347208 1.801831 10.768362 -0.686317 -12.834182 -1.516332 -0.591331 0.000000 0.000000 0.000000 14.822330 -17.932535 72.482531 -80.619933 -19.604067 23.021478 -5.841526 2.203413 -41.304649 0.000000 0.000000 0.000000 38.322565 9.512886 26.932770 -5.844146 -0.210260 4.117423 0.000000 0.000000 0.000000 9.495001 -1.239493 75.158246 0.000000 0.000000 0.000000 -47.942969 4.423836 88.330761 66.365160 25.811923 38.620433 -18.225675 -6.690982 40.046704 0.000000 0.000000 0.000000 -23.714448 -3.228831 15.291450 7.237340 -0.133444 -2.109822 0.000000 0.000000 0.000000 6.996573 4.597020 -23.424245 0.000000 0.000000 0.000000
0.063969 0.983615 0.039591 0.000000 0.000000 0.000000 -41.050735 39.298701 45.447812 -12.578315 -48.195510 -24.918816 -20.672805 6.569930 3.847529 29.683500 -12.570629 79.779644 0.021443 -5.180700 0.473981 0.000000 0.000000 0.000000 32.213261 -7.307940 27.412328 -4.269391 20.947169 -6.819899 -17.607014 7.378763 -1.462510 1.360401 22.020009 57.721962 0.338449 -6.635977 5.832858 0.000000 0.000000 0.000000 -4.551592 9.480625 -0.188341 2.822410 -4.129943 0.275051 0.000000 0.000000 0.000000 -0.356845 -10.498382 -0.327208 1.921736 10.336789 -0.655798 -12.729991 -1.847787 -0.616110 0.000000 0.000000 0.000000 15.082262 -17.741722 72.595820 -80.266127 -20.239115 23.906394 -6.644054 2.580390 -42.413109 0.000000 0.000000 0.000000 38.345307 9.285502 26.292641 -5.825451 -0.210914 4.143489 0.000000 0.000000 0.000000 9.487271 -1.283240 74.628098 0.000000 0.000000 0.000000 -47.943510 4.417762 88.662977 66.821263 25.294051 37.573066 -17.401162 -7.027020 43.723192 0.000000 0.000000 0.000000 -24.123778 -3.520686 16.368928 7.247932 -0.144190 -2.276333 0.000000 0.000000 0.000000 6.980758 4.615543 -23.092923 0.000000 0.000000 0.000000
0.074812 0.980093 0.046364 0.000000 0.000000 0.000000 -40.891412 39.337681 45.479864 -11.059593 -48.862327 -24.483288 -22.753546 6.776890 4.135888 29.513179 -11.877186 80.583920 0.022202 -5.895486 0.431166 0.000000 0.000000 0.000000 32.512561 -7.206446 27.571445 -4.408239 21.229615 -6.885144 -18.761958 8.053015 -1.512253 1.530562 21.677173 57.639868 0.325020 -6.543003 5.681445 0.000000 0.000000 0.000000 -4.416741 9.081136 -0.196631 2.592458 -4.070742 0.258961 0.000000 0.000000 0.000000 -0.692566 -9.928281 -0.303340 1.980866 9.980991 -0.629283 -12.654229 -2.131358 -0.637552 0.000000 0.000000 0.000000 15.337941 -17.528583 72.639195 -79.908985 -20.894428 24.825525 -7.180279 2.844483 -43.178878 0.000000 0.000000 0.000000 38.361656 9.037786 25.600397 -5.809809 -0.211231 4.160892 0.000000 0.000000 0.000000 9.476850 -1.334292 74.006828 0.000000 0.000000 0.000000 -47.874859 4.465470 89.037809 67.087191 24.918028 36.862249 -16.483638 -7.256302 47.283490 0.000000 0.000000 0.000000 -24.458612 -3.830677 17.542071 7.251347 -0.155096 -2.447304 0.000000 0.000000 0.000000 6.995376 4.660006 -22.697027 0.000000 0.000000 0.000000
0.085688 0.975007 0.053906 0.000000 0.000000 0.000000 -40.678126 39.365224 45.465478 -9.240639 -49.629775 -23.927184 -24.970862 6.893554 4.392363 29.171750 -10.941376 81.487039 0.026780 -6.508477 0.470995 0.000000 0.000000 0.000000 32.791716 -7.132603 27.742305 -4.467819 21.481819 -6.956251 -20.034199 8.835238 -1.558168 1.672252 21.389442 57.423205 0.329538 -6.658075 5.660678 0.000000 0.000000 0.000000 -4.216735 8.584430 -0.204943 2.325689 -3.989487 0.239994 0.000000 0.000000 0.000000 -1.075347 -9.310953 -0.273381 1.999084 9.676441 -0.605836 -12.599782 -2.376185 -0.656377 0.000000 0.000000 0.000000 15.583588 -17.289353 72.585683 -79.357508 -21.732866 26.057202 -7.764741 3.138750 -43.969160 0.000000 0.000000 0.000000 38.586170 8.802385 24.800363 -5.774680 -0.212237 4.206135 0.000000 0.000000 0.000000 9.705514 -1.415812 73.439134 0.000000 0.000000 0.000000 -47.711663 4.588117 89.467934 67.154185 24.725677 36.544936 -15.530503 -7.376179 50.599202 0.000000 0.000000 0.000000 -24.746651 -4.164906 18.822458 7.239850 -0.166271 -2.627760 0.000000 0.000000 0.000000 7.000186 4.703371 -22.242543 0.000000 0.000000 0.000000
0.095279 0.970706 0.063218 0.000000 0.000000 0.000000 -40.474397 39.400921 45.473318 -7.256022 -50.508783 -23.320421 -27.099213 6.870745 4.559266 28.567047 -9.723294 82.403601 0.039589 -6.804673 0.665893 0.000000 0.000000 0.000000 33.033761 -7.050673 27.872131 -4.478849 21.637582 -7.005462 -21.420068 9.682231 -1.587466 1.739009 21.251250 57.131576 0.330256 -6.705665 5.632697 0.000000 0.000000 0.000000 -3.957996 7.946823 -0.212968 2.034631 -3.892827 0.219373 0.000000 0.000000 0.000000 -1.471241 -8.592016 -0.234449 1.979272 9.411275 -0.584917 -12.570666 -2.597477 -0.674362 0.000000 0.000000 0.000000 15.899976 -16.972451 72.489893 -78.262031 -22.938454 28.006028 -8.957752 3.740827 -45.262986 0.000000 0.000000 0.000000 38.985560 8.520687 23.768928 -5.713050 -0.214114 4.289108 0.000000 0.000000 0.000000 10.129649 -1.532438 72.837932 0.000000 0.000000 0.000000 -47.476159 4.769088 90.035478 67.071655 24.687971 36.544561 -14.513841 -7.399214 53.841177 0.000000 0.000000 0.000000 -24.878512 -4.498643 20.193199 7.205557 -0.177437 -2.817537 0.000000 0.000000 0.000000 7.059155 4.786920 -21.752830 0.000000 0.000000 0.000000
0.110056 0.966157 0.084374 0.000000 0.000000 0.000000 -40.091489 39.383386 45.294388 -5.191155 -51.346747 -22.625431 -28.820651 6.766393 4.637697 27.690503 -8.366369 83.084956 0.060807 -6.573016 1.058900 0.000000 0.000000 0.000000 33.184282 -7.095561 28.054434 -4.329710 21.782540 -7.084952 -22.827937 10.691191 -1.618820 1.767492 21.187427 56.537881 0.334565 -6.778822 5.644448 0.000000 0.000000 0.000000 -3.737389 7.370105 -0.218115 1.774574 -3.778732 0.200169 0.000000 0.000000 0.000000 -1.812689 -7.987549 -0.197627 1.902495 9.198248 -0.567555 -12.563906 -2.768114 -0.689091 0.000000 0.000000 0.000000 16.143640 -16.713865 72.372462 -76.902505 -24.152005 30.158680 -10.495192 4.545927 -46.744011 0.000000 0.000000 0.000000 39.559014 8.205381 22.559946 -5.623201 -0.216580 4.407828 0.000000 0.000000 0.000000 10.759137 -1.684696 72.251688 0.000000 0.000000 0.000000 -47.248866 4.947985 90.489139 66.781839 24.892052 37.024647 -13.619396 -7.391658 56.819929 0.000000 0.000000 0.000000 -24.927555 -4.795564 21.454712 7.164791 -0.186926 -2.985077 0.000000 0.000000 0.000000 7.116897 4.869785 -21.272265 0.000000 0.000000 0.000000
0.120380 0.967129 0.093766 0.000000 0.000000 0.000000 -39.768248 39.316564 45.027138 -3.168394 -52.161544 -21.918484 -29.651798 6.516361 4.535880 26.843371 -7.137915 83.646949 0.077912 -6.034051 1.478168 0.000000 0.000000 0.000000 33.299989 -7.213729 28.283355 -4.192666 21.920953 -7.160153 -24.150330 11.762912 -1.643102 1.713455 21.294565 55.736875 0.335266 -6.780832 5.654579 0.000000 0.000000 0.000000 -3.445585 6.836845 -0.217755 1.548111 -3.646227 0.182506 0.000000 0.000000 0.000000 -2.144619 -7.503073 -0.163589 1.692630 9.056245 -0.554694 -12.610579 -2.893229 -0.703023 0.000000 0.000000 0.000000 16.366205 -16.498998 72.324218 -75.269951 -25.340321 32.508796 -12.286477 5.507622 -48.158976 0.000000 0.000000 0.000000 40.215809 7.863775 21.265833 -5.516158 -0.219069 4.545006 0.000000 0.000000 0.000000 11.502058 -1.860514 71.682555 0.000000 0.000000 0.000000 -47.114532 5.054184 90.917814 66.415763 25.255314 37.787647 -12.868955 -7.357531 59.375380 0.000000 0.000000 0.000000 -24.895195 -5.022096 22.473608 7.117163 -0.194793 -3.131506 0.000000 0.000000 0.000000 7.189013 4.950477 -20.933041 0.000000 0.000000 0.000000
0.144025 0.967970 0.100928 0.000000 0.000000 0.000000 -39.557725 39.284274 44.880108 -1.596848 -52.945044 -21.421935 -29.463865 6.031638 4.183484 26.009641 -5.944218 84.223268 0.090251 -5.617796 1.839299 0.000000 0.000000 0.000000 33.481135 -7.248184 28.483277 -4.230768 21.904306 -7.146485 -25.479219 12.767235 -1.633207 1.525558 21.694251 55.015660 0.333191 -6.715649 5.674231 0.000000 0.000000 0.000000 -3.206968 6.369840 -0.215854 1.373917 -3.566121 0.170143 0.000000 0.000000 0.000000 -2.363374 -7.141139 -0.137391 1.407358 8.985251 -0.546927 -12.685582 -3.011757 -0.718223 0.000000 0.000000 0.000000 16.776443 -16.227388 72.597428 -73.400070 -26.433069 34.977008 -14.269496 6.584888 -49.365541 0.000000 0.000000 0.000000 40.914702 7.520669 19.984572 -5.399558 -0.221277 4.689937 0.000000 0.000000 0.000000 12.312831 -2.049278 71.170768 0.000000 0.000000 0.000000 -47.241202 4.947195 91.432292 65.762549 25.812324 39.034383 -12.325235 -7.331528 61.365806 0.000000 0.000000 0.000000 -24.878996 -5.182746 23.189448 7.080198 -0.200304 -3.236890 0.000000 0.000000 0.000000 7.215451 4.990051 -20.703205 0.000000 0.000000 0.000000
0.160558 0.969849 0.104501 0.000000 0.000000 0.000000 -39.343058 39.265793 44.763766 -0.718971 -53.643662 -21.253642 -28.364026 5.559104 3.777007 25.050594 -4.802887 84.466989 0.099874 -5.231294 2.185965 0.000000 0.000000 0.000000 33.631754 -7.266004 28.638542 -4.373343 21.754440 -7.066396 -26.672498 13.737279 -1.612579 1.280036 22.234865 54.145110 0.332382 -6.652911 5.713872 0.000000 0.000000 0.000000 -2.932942 5.989575 -0.209438 1.242914 -3.521320 0.161601 0.000000 0.000000 0.000000 -2.507044 -6.903746 -0.119454 1.029214 8.977510 -0.543168 -12.802185 -3.085787 -0.732164 0.000000 0.000000 0.000000 17.158794 -15.991023 72.909246 -71.384953 -27.341433 37.410906 -16.417467 7.765727 -50.393577 0.000000 0.000000 0.000000 41.633136 7.180870 18.743126 -5.274739 -0.223097 4.840388 0.000000 0.000000 0.000000 13.171089 -2.245184 70.733598 0.000000 0.000000 0.000000 -47.426795 4.789965 91.887937 65.057342 26.365881 40.333306 -11.872020 -7.253239 62.731233 0.000000 0.000000 0.000000 -24.791153 -5.270394 23.655046 7.046736 -0.204766 -3.324701 0.000000 0.000000 0.000000 7.291232 5.048372 -20.641085 0.000000 0.000000 0.000000
0.183712 0.971243 0.105680 0.000000 0.000000 0.000000 -39.230401 39.279523 44.755584 -0.582668 -54.263025 -21.456399 -26.717231 5.094349 3.355078 24.101478 -3.776514 84.516741 0.101273 -4.613673 2.513601 0.000000 0.000000 0.000000 33.826308 -7.210088 28.755913 -4.666121 21.422458 -6.895434 -27.800777 14.663403 -1.575479 0.972623 22.936097 53.220855 0.319438 -6.427314 5.684590 0.000000 0.000000 0.000000 -2.600709 5.684037 -0.197853 1.155174 -3.523664 0.157160 0.000000 0.000000 0.000000 -2.615360 -6.777718 -0.108423 0.570889 9.013985 -0.541673 -12.949666 -3.142825 -0.746648 0.000000 0.000000 0.000000 17.585586 -15.755667 73.353329 -69.286060 -28.069719 39.777901 -18.671372 9.016384 -51.245494 0.000000 0.000000 0.000000 42.307320 6.842884 17.566558 -5.148306 -0.224444 4.989197 0.000000 0.000000 0.000000 13.999024 -2.435968 70.351111 0.000000 0.000000 0.000000 -47.742270 4.521547 92.347042 64.255738 26.889035 41.681117 -11.574112 -7.150944 63.310788 0.000000 0.000000 0.000000 -24.678258 -5.294885 23.870957 7.030504 -0.208371 -3.391032 0.000000 0.000000 0.000000 7.400409 5.115800 -20.727828 0.000000 0.000000 0.000000
0.213026 0.971401 0.104325 0.000000 0.000000 0.000000 -39.155747 39.320087 44.820633 -1.261903 -54.758114 -22.066237 -24.960250 4.756475 3.028923 23.467785 -3.195379 84.325619 0.105325 -4.448092 2.711512 0.000000 0.000000 0.000000 34.115615 -7.085403 28.886745 -5.073381 20.935228 -6.652891 -28.892505 15.577690 -1.524025 0.639595 23.729556 52.197053 0.287266 -5.950676 5.522604 0.000000 0.000000 0.000000 -2.194741 5.445097 -0.180590 1.106339 -3.563628 0.156130 0.000000 0.000000 0.000000 -2.683030 -6.759458 -0.104741 0.010557 9.088890 -0.541269 -13.131687 -3.185251 -0.762114 0.000000 0.000000 0.000000 18.048445 -15.520431 73.911637 -67.254547 -28.602428 41.942511 -20.919789 10.277395 -51.942638 0.000000 0.000000 0.000000 42.926553 6.539575 16.535284 -5.029279 -0.225381 5.128553 0.000000 0.000000 0.000000 14.777346 -2.611608 70.060775 0.000000 0.000000 0.000000 -48.172793 4.152060 92.786576 63.467762 27.365980 42.976459 -11.572246 -7.106174 62.997202 0.000000 0.000000 0.000000 -24.594896 -5.259222 23.795076 7.039688 -0.210888 -3.427479 0.000000 0.000000 0.000000 7.509601 5.169576 -20.953662 0.000000 0.000000 0.000000
0.255021 0.967783 0.102440 0.000000 0.000000 0.000000 -39.099299 39.416820 45.017567 -2.637890 -55.194744 -23.060543 -23.730087 4.578177 2.846719 23.079899 -3.012185 83.814179 0.109112 -4.451511 2.806794 0.000000 0.000000 0.000000 34.489657 -6.849442 28.976082 -5.473167 20.159504 -6.323877 -30.090979 16.524956 -1.442469 0.313944 24.549036 51.087604 0.236652 -5.204420 5.203483 0.000000 0.000000 0.000000 -1.760976 5.273427 -0.160157 1.098339 -3.657272 0.159203 0.000000 0.000000 0.000000 -2.671595 -6.825576 -0.108831 -0.665829 9.200095 -0.540924 -13.353462 -3.211067 -0.778673 0.000000 0.000000 0.000000 18.538740 -15.274369 74.533412 -65.501600 -28.918597 43.689301 -22.996534 11.464363 -52.529238 0.000000 0.000000 0.000000 43.455501 6.312899 15.757249 -4.932171 -0.226114 5.246513 0.000000 0.000000 0.000000 15.448439 -2.753806 69.901796 0.000000 0.000000 0.000000 -48.665298 3.725001 93.189068 62.772094 27.795907 44.153873 -11.968172 -7.170262 61.734470 0.000000 0.000000 0.000000 -24.645658 -5.174115 23.371834 7.078525 -0.211362 -3.416291 0.000000 0.000000 0.000000 7.527782 5.150426 -21.281905 0.000000 0.000000 0.000000
0.302125 0.967411 0.099646 0.000000 0.000000 0.000000 -39.102923 39.581407 45.387540 -4.623512 -55.648601 -24.441388 -22.998666 4.522676 2.772325 22.791764 -3.045346 83.042587 0.110039 -4.440017 2.837964 0.000000 0.000000 0.000000 34.959582 -6.474709 29.002644 -5.809480 19.065985 -5.913191 -31.374761 17.513629 -1.331061 0.044783 25.293595 49.798615 0.164347 -4.063540 4.630112 0.000000 0.000000 0.000000 -1.319284 5.165982 -0.138181 1.117860 -3.794731 0.165380 0.000000 0.000000 0.000000 -2.597245 -6.944127 -0.118182 -1.425843 9.331333 -0.539250 -13.605711 -3.210610 -0.794720 0.000000 0.000000 0.000000 18.994267 -15.037085 75.104421 -64.238591 -28.998499 44.777565 -24.772078 12.512288 -53.055742 0.000000 0.000000 0.000000 43.872877 6.197641 15.312064 -4.867802 -0.226903 5.334399 0.000000 0.000000 0.000000 15.970756 -2.847678 69.904515 0.000000 0.000000 0.000000 -49.118886 3.327373 93.523835 62.329674 28.136895 45.014223 -12.794677 -7.346554 59.589607 0.000000 0.000000 0.000000 -24.812236 -5.032785 22.595999 7.140272 -0.208841 -3.346325 0.000000 0.000000 0.000000 7.445933 5.056420 -21.680779 0.000000 0.000000 0.000000
0.353935 0.970871 0.096648 0.000000 0.000000 0.000000 -39.226070 39.771528 45.859087 -6.918464 -56.049151 -26.012474 -22.668082 4.545152 2.768108 22.805220 -3.397059 82.284320 0.099046 -4.063805 2.791178 0.000000 0.000000 0.000000 35.631918 -5.998206 29.102183 -6.081671 17.773091 -5.459673 -32.653476 18.466114 -1.195828 -0.130832 25.870590 48.370604 0.094252 -2.761194 3.909265 0.000000 0.000000 0.000000 -0.871711 5.156148 -0.115702 1.123747 -3.952331 0.171605 0.000000 0.000000 0.000000 -2.456048 -7.172503 -0.135691 -2.279428 9.466538 -0.534784 -13.893988 -3.218559 -0.813914 0.000000 0.000000 0.000000 19.464504 -14.817713 75.796021 -63.588036 -28.881074 45.117853 -26.217851 13.415019 -53.589811 0.000000 0.000000 0.000000 44.183524 6.213488 15.232943 -4.840895 -0.228062 5.391390 0.000000 0.000000 0.000000 16.338537 -2.886378 70.092023 0.000000 0.000000 0.000000 -49.704943 2.813482 93.797872 61.936349 28.460418 45.817136 -14.089229 -7.603070 56.534226 0.000000 0.000000 0.000000 -25.205210 -4.846459 21.436510 7.227378 -0.202349 -3.203199 0.000000 0.000000 0.000000 7.133552 4.805583 -22.104423 0.000000 0.000000 0.000000
0.407625 0.971785 0.089304 0.000000 0.000000 0.000000 -39.460215 39.949266 46.347277 -9.265003 -56.296851 -27.567857 -22.565345 4.574005 2.780074 23.072294 -3.957120 81.693981 0.089538 -3.800363 2.698347 0.000000 0.000000 0.000000 36.413713 -5.494038 29.269858 -6.096594 16.433386 -5.040412 -33.820333 19.169671 -1.044520 -0.051704 25.815228 47.125664 0.058445 -1.986604 3.369901 0.000000 0.000000 0.000000 -0.440007 5.226216 -0.094756 1.108277 -4.108178 0.176570 0.000000 0.000000 0.000000 -2.319456 -7.465112 -0.155821 -3.152831 9.566067 -0.526855 -14.188953 -3.254122 -0.836428 0.000000 0.000000 0.000000 19.935447 -14.622824 76.593147 -63.526111 -28.601231 44.755639 -27.466079 14.253857 -54.191051 0.000000 0.000000 0.000000 44.426586 6.348222 15.466841 -4.844787 -0.229487 5.420673 0.000000 0.000000 0.000000 16.608545 -2.883085 70.435647 0.000000 0.000000 0.000000 -50.416393 2.189064 94.011721 61.502098 28.752943 46.614208 -15.709896 -7.837762 52.813491 0.000000 0.000000 0.000000 -25.845469 -4.624402 19.961020 7.342861 -0.190942 -2.975063 0.000000 0.000000 0.000000 6.564567 4.392859 -22.452950 0.000000 0.000000 0.000000
0.454924 0.973889 0.081668 0.000000 0.000000 0.000000 -39.726021 40.103379 46.798720 -11.594448 -56.423317 -29.073439 -22.712320 4.650944 2.835044 23.542931 -4.721237 81.174287 0.085535 -3.851905 2.543236 0.000000 0.000000 0.000000 37.233116 -5.000669 29.482766 -5.844559 15.250034 -4.710229 -34.577352 19.451314 -0.930089 0.435832 24.648349 46.107071 0.050028 -1.852351 3.093867 0.000000 0.000000 0.000000 -0.037729 5.345248 -0.076450 1.054201 -4.241079 0.178403 0.000000 0.000000 0.000000 -2.194947 -7.756774 -0.174837 -4.056613 9.624768 -0.515962 -14.500654 -3.294626 -0.860740 0.000000 0.000000 0.000000 20.284454 -14.498380 77.266621 -64.100257 -28.138818 43.631295 -28.495400 15.016144 -54.861751 0.000000 0.000000 0.000000 44.608756 6.591753 15.982164 -4.874623 -0.231038 5.423874 0.000000 0.000000 0.000000 16.786619 -2.840939 70.919997 0.000000 0.000000 0.000000 -51.044584 1.638405 94.122379 61.155055 28.943361 47.191201 -17.446354 -7.947409 48.715862 0.000000 0.000000 0.000000 -26.634623 -4.364458 18.290076 7.460877 -0.174752 -2.679732 0.000000 0.000000 0.000000 5.778963 3.846564 -22.728313 0.000000 0.000000 0.000000
0.496596 0.973225 0.075036 0.000000 0.000000 0.000000 -40.011856 40.197380 47.125237 -13.662144 -56.372695 -30.332501 -22.961673 4.728574 2.896525 24.086182 -5.531615 80.757259 0.083579 -4.057143 2.359331 0.000000 0.000000 0.000000 38.085462 -4.576218 29.805265 -5.403778 14.411856 -4.509753 -34.594659 19.039177 -0.907103 0.991807 23.199155 45.346184 0.026850 -1.218550 2.524461 0.000000 0.000000 0.000000 0.291466 5.474980 -0.062628 0.978629 -4.306594 0.176399 0.000000 0.000000 0.000000 -2.055330 -8.047003 -0.193581 -5.004960 9.657011 -0.503062 -14.833295 -3.330270 -0.886119 0.000000 0.000000 0.000000 20.513195 -14.440314 77.793521 -65.190769 -27.536007 41.934973 -29.457096 15.768104 -55.558405 0.000000 0.000000 0.000000 44.761857 6.907298 16.675831 -4.919597 -0.232526 5.408860 0.000000 0.000000 0.000000 16.920253 -2.776603 71.491449 0.000000 0.000000 0.000000 -51.554904 1.195024 94.131860 61.031099 29.008125 47.393488 -19.145170 -7.929857 44.684482 0.000000 0.000000 0.000000 -27.487669 -4.059086 16.488060 7.563666 -0.154404 -2.335542 0.000000 0.000000 0.000000 4.821884 3.194584 -22.967118 0.000000 0.000000 0.000000
0.534497 0.973743 0.069075 0.000000 0.000000 0.000000 -40.478210 40.245665 47.422535 -15.265304 -56.258108 -31.270804 -23.283612 4.728444 2.914741 24.662483 -6.273833 80.577453 0.082760 -4.378472 2.164644 0.000000 0.000000 0.000000 38.932909 -4.174841 30.151898 -4.816483 13.874648 -4.418530 -33.958608 17.906586 -0.952681 1.404517 22.064827 45.206971 0.021777 -1.070772 2.330140 0.000000 0.000000 0.000000 0.548933 5.611756 -0.053003 0.885916 -4.326070 0.171667 0.000000 0.000000 0.000000 -1.922994 -8.307466 -0.209987 -5.973064 9.679450 -0.489262 -15.181539 -3.375031 -0.913759 0.000000 0.000000 0.000000 20.685793 -14.413290 78.251081 -66.538215 -26.847951 39.980399 -30.513840 16.573856 -56.203396 0.000000 0.000000 0.000000 44.860818 7.244408 17.437375 -4.964859 -0.233583 5.383879 0.000000 0.000000 0.000000 17.005884 -2.698586 72.093530 0.000000 0.000000 0.000000 -52.015219 0.796892 94.112698 61.083600 28.956712 47.271355 -20.667577 -7.825579 41.123051 0.000000 0.000000 0.000000 -28.383256 -3.709153 14.593161 7.642137 -0.131026 -1.961585 0.000000 0.000000 0.000000 3.699444 2.439112 -23.215124 0.000000 0.000000 0.000000
0.567279 0.973563 0.063341 0.000000 0.000000 0.000000 -40.942808 40.227368 47.568556 -16.385403 -56.027825 -31.834157 -23.707335 4.716803 2.931678 25.239512 -6.988131 80.467414 0.081674 -4.793988 1.950944 0.000000 0.000000 0.000000 39.583463 -3.909403 30.470456 -3.950194 13.577825 -4.436799 -32.802214 16.616448 -1.052458 1.684809 21.284377 45.158036 0.018821 -0.969772 2.223568 0.000000 0.000000 0.000000 0.694875 5.755435 -0.049154 0.815940 -4.304896 0.166827 0.000000 0.000000 0.000000 -1.778397 -8.535399 -0.224544 -6.995209 9.695729 -0.474289 -15.561731 -3.401369 -0.941675 0.000000 0.000000 0.000000 20.679103 -14.489219 78.475967 -68.016906 -26.053252 37.852944 -31.670450 17.434158 -56.789176 0.000000 0.000000 0.000000 44.924356 7.593134 18.237108 -5.011948 -0.234347 5.350742 0.000000 0.000000 0.000000 17.051057 -2.612342 72.703081 0.000000 0.000000 0.000000 -52.277120 0.579680 93.991807 61.441812 28.774432 46.696585 -21.896511 -7.668172 38.216800 0.000000 0.000000 0.000000 -29.059291 -3.341610 12.843131 7.677253 -0.108530 -1.617398 0.000000 0.000000 0.000000 2.665121 1.747514 -23.499877 0.000000 0.000000 0.000000
0.594851 0.974523 0.059514 0.000000 0.000000 0.000000 -41.314924 40.163064 47.570305 -17.155187 -55.664647 -32.088990 -24.224670 4.715715 2.960590 25.762128 -7.639306 80.368446 0.081666 -5.450070 1.715660 0.000000 0.000000 0.000000 40.012883 -3.791503 30.750734 -2.838704 13.469132 -4.546376 -31.416735 15.499754 -1.170266 1.876605 20.742005 44.935012 0.020880 -1.047452 2.283925 0.000000 0.000000 0.000000 0.733679 5.905648 -0.050487 0.767928 -4.251441 0.162182 0.000000 0.000000 0.000000 -1.629851 -8.720626 -0.236645 -8.029855 9.714303 -0.458809 -15.958202 -3.401333 -0.967736 0.000000 0.000000 0.000000 20.480704 -14.672137 78.438425 -69.505244 -25.204934 35.722633 -32.841785 18.311881 -57.347736 0.000000 0.000000 0.000000 44.864065 7.975977 19.170885 -5.070242 -0.234679 5.296707 0.000000 0.000000 0.000000 16.965443 -2.499851 73.353955 0.000000 0.000000 0.000000 -52.307733 0.571981 93.770210 62.049924 28.492380 45.772975 -22.848288 -7.505340 35.965353 0.000000 0.000000 0.000000 -29.374509 -2.993115 11.384419 7.670898 -0.089020 -1.327774 0.000000 0.000000 0.000000 1.893687 1.235338 -23.766277 0.000000 0.000000 0.000000
0.619257 0.976019 0.056099 0.000000 0.000000 0.000000 -41.610942 40.070882 47.474534 -17.581263 -55.203662 -32.060384 -24.861404 4.702279 2.988692 26.228682 -8.203065 80.319633 0.079906 -6.216883 1.471321 0.000000 0.000000 0.000000 40.291362 -3.774472 31.004897 -1.757990 13.599220 -4.734296 -29.750406 14.526340 -1.309749 2.038658 20.265023 44.446860 0.024830 -1.191202 2.388198 0.000000 0.000000 0.000000 0.717600 6.025660 -0.053631 0.711135 -4.157232 0.155696 0.000000 0.000000 0.000000 -1.520920 -8.822262 -0.243668 -8.990273 9.740692 -0.443955 -16.335716 -3.379552 -0.989921 0.000000 0.000000 0.000000 20.160170 -14.901937 78.171551 -70.880790 -24.405744 33.803191 -33.957306 19.159983 -57.866318 0.000000 0.000000 0.000000 44.648485 8.389104 20.253144 -5.138616 -0.234309 5.218013 0.000000 0.000000 0.000000 16.726304 -2.360352 74.045899 0.000000 0.000000 0.000000 -52.127031 0.747808 93.528352 62.868796 28.115395 44.554325 -23.604300 -7.405142 34.415671 0.000000 0.000000 0.000000 -29.494597 -2.694613 10.211589 7.634955 -0.073210 -1.097127 0.000000 0.000000 0.000000 1.296481 0.841841 -24.007762 0.000000 0.000000 0.000000
0.644765 0.976504 0.054113 0.000000 0.000000 0.000000 -41.849511 39.965664 47.323064 -17.663839 -54.701707 -31.787867 -25.666138 4.680256 3.021023 26.627003 -8.652234 80.340647 0.076389 -7.158839 1.221120 0.000000 0.000000 0.000000 40.426967 -3.833223 31.209587 -0.887196 13.972738 -4.985086 -27.750812 13.566401 -1.462484 2.130645 19.973127 43.872029 0.031145 -1.398518 2.551430 0.000000 0.000000 0.000000 0.635169 6.114415 -0.058883 0.676465 -4.036379 0.149656 0.000000 0.000000 0.000000 -1.416619 -8.861535 -0.247644 -9.910902 9.815563 -0.427924 -16.702623 -3.324550 -1.007132 0.000000 0.000000 0.000000 19.784443 -15.137221 77.761684 -72.046927 -23.701004 32.191938 -35.015439 19.951161 -58.286514 0.000000 0.000000 0.000000 44.287900 8.826439 21.477089 -5.216498 -0.233122 5.114097 0.000000 0.000000 0.000000 16.346779 -2.200189 74.769784 0.000000 0.000000 0.000000 -51.807892 1.041173 93.279239 63.812559 27.688380 43.190105 -24.269100 -7.410916 33.525129 0.000000 0.000000 0.000000 -29.534533 -2.446280 9.261456 7.586418 -0.060044 -0.905611 0.000000 0.000000 0.000000 0.798248 0.516503 -24.191048 0.000000 0.000000 0.000000
0.670442 0.975572 0.053407 0.000000 0.000000 0.000000 -42.013745 39.852762 47.121705 -17.388550 -54.174528 -31.278294 -26.670046 4.644007 3.055556 26.930348 -8.963499 80.413507 0.070560 -8.162170 0.988923 0.000000 0.000000 0.000000 40.433339 -3.961608 31.369624 -0.327062 14.609515 -5.295220 -25.507664 12.501479 -1.595776 2.167033 19.840349 43.371636 0.036906 -1.567063 2.698058 0.000000 0.000000 0.000000 0.521742 6.188235 -0.065000 0.661230 -3.905242 0.144415 0.000000 0.000000 0.000000 -1.332994 -8.871858 -0.249860 -10.766442 9.963000 -0.409186 -17.046282 -3.232282 -1.017726 0.000000 0.000000 0.000000 19.378929 -15.372011 77.274217 -72.958257 -23.106200 30.908530 -35.979526 20.658885 -58.609688 0.000000 0.000000 0.000000 43.797708 9.285213 22.842280 -5.302947 -0.231124 4.987663 0.000000 0.000000 0.000000 15.843456 -2.023030 75.537086 0.000000 0.000000 0.000000 -51.417372 1.393084 93.024087 64.744136 27.261533 41.865842 -24.887886 -7.512105 33.135814 0.000000 0.000000 0.000000 -29.537306 -2.242154 8.490566 7.534984 -0.048804 -0.741120 0.000000 0.000000 0.000000 0.380360 0.245567 -24.306205 0.000000 0.000000 0.000000
0.699229 0.973495 0.053385 0.000000 0.000000 0.000000 -42.108744 39.740412 46.892665 -16.770895 -53.651718 -30.567744 -27.873060 4.591252 3.090348 27.105526 -9.103405 80.527282 0.064051 -9.227369 0.793698 0.000000 0.000000 0.000000 40.339733 -4.137488 31.486539 -0.106775 15.461000 -5.640767 -23.237931 11.319624 -1.673038 2.143430 19.896614 43.099604 0.035194 -1.475531 2.732525 0.000000 0.000000 0.000000 0.385583 6.237892 -0.071470 0.667849 -3.766910 0.140144 0.000000 0.000000 0.000000 -1.252689 -8.851419 -0.250675 -11.559002 10.170064 -0.386846 -17.367025 -3.111452 -1.022577 0.000000 0.000000 0.000000 18.987724 -15.577367 76.753959 -73.637592 -22.639762 29.941701 -36.774635 21.241401 -58.856379 0.000000 0.000000 0.000000 43.174366 9.737714 24.299270 -5.400258 -0.228410 4.840319 0.000000 0.000000 0.000000 15.200673 -1.837268 76.295471 0.000000 0.000000 0.000000 -50.988421 1.773039 92.787784 65.520551 26.866304 40.727841 -25.479632 -7.689400 33.108371 0.000000 0.000000 0.000000 -29.541999 -2.075064 7.858447 7.485773 -0.039442 -0.602907 0.000000 0.000000 0.000000 0.028346 0.018273 -24.385889 0.000000 0.000000 0.000000
0.732312 0.969922 0.054074 0.000000 0.000000 0.000000 -42.139795 39.629063 46.639957 -15.719507 -53.164375 -29.629242 -29.327215 4.492691 3.107497 27.167673 -9.067457 80.721860 0.059171 -10.240018 0.660388 0.000000 0.000000 0.000000 40.183227 -4.345287 31.577972 -0.175640 16.430105 -5.987228 -21.168957 10.188176 -1.693823 2.056838 20.151494 42.994520 0.035673 -1.450520 2.817497 0.000000 0.000000 0.000000 0.228907 6.259129 -0.078190 0.692985 -3.623067 0.136644 0.000000 0.000000 0.000000 -1.157616 -8.829853 -0.251788 -12.294796 10.439080 -0.359738 -17.667162 -2.963150 -1.021800 0.000000 0.000000 0.000000 18.647610 -15.736278 76.254584 -74.103359 -22.322827 29.292487 -37.347097 21.687729 -59.087628 0.000000 0.000000 0.000000 42.396718 10.166385 25.834917 -5.507710 -0.225022 4.675530 0.000000 0.000000 0.000000 14.390987 -1.643387 77.037700 0.000000 0.000000 0.000000 -50.564733 2.143272 92.585378 66.013730 26.552096 39.925458 -26.085524 -7.932531 33.325339 0.000000 0.000000 0.000000 -29.635953 -1.931792 7.293090 7.443849 -0.030847 -0.474189 0.000000 0.000000 0.000000 -0.349403 -0.225026 -24.434658 0.000000 0.000000 0.000000
0.770204 0.970612 0.054959 0.000000 0.000000 0.000000 -41.965318 39.506734 46.281057 -14.240497 -52.648571 -28.439015 -31.028404 4.385749 3.130714 27.066855 -8.848375 80.908725 0.059422 -11.214032 0.605265 0.000000 0.000000 0.000000 39.898909 -4.660409 31.667885 -0.279388 17.397770 -6.326569 -19.383701 9.263722 -1.688425 1.968907 20.410166 42.849168 0.032895 -1.324967 2.844285 0.000000 0.000000 0.000000 0.039912 6.225554 -0.085365 0.721134 -3.456573 0.132466 0.000000 0.000000 0.000000 -1.059400 -8.785626 -0.252075 -12.923493 10.769628 -0.328291 -17.925577 -2.776386 -1.012481 0.000000 0.000000 0.000000 18.315763 -15.861849 75.690517 -74.435631 -22.126816 28.872810 -37.601448 21.987609 -59.421199 0.000000 0.000000 0.000000 41.421866 10.593112 27.554146 -5.628146 -0.220673 4.487099 0.000000 0.000000 0.000000 13.381590 -1.432824 77.831327 0.000000 0.000000 0.000000 -50.067091 2.571806 92.402050 66.210421 26.311405 39.442818 -26.678928 -8.235087 33.776504 0.000000 0.000000 0.000000 -29.846812 -1.796540 6.733604 7.412626 -0.022840 -0.352591 0.000000 0.000000 0.000000 -0.784498 -0.504521 -24.509201 0.000000 0.000000 0.000000
0.809353 0.976612 0.054469 0.000000 0.000000 0.000000 -41.673957 39.412435 45.946498 -12.378079 -52.190873 -27.088220 -32.964543 4.226016 3.125705 26.822399 -8.438464 81.146920 0.067603 -12.133996 0.636040 0.000000 0.000000 0.000000 39.565932 -4.974916 31.706544 -0.432148 18.300734 -6.631993 -17.996641 8.548172 -1.664831 1.930655 20.527395 42.912778 0.034366 -1.349678 2.917036 0.000000 0.000000 0.000000 -0.199509 6.096873 -0.093552 0.729071 -3.301169 0.127582 0.000000 0.000000 0.000000 -0.966716 -8.651146 -0.248686 -13.417541 11.142874 -0.294279 -18.125312 -2.572301 -0.996474 0.000000 0.000000 0.000000 18.068031 -15.901747 75.116647 -74.581509 -22.063137 28.718347 -37.626722 22.188324 -59.846017 0.000000 0.000000 0.000000 40.285294 10.969395 29.339587 -5.755454 -0.215453 4.284095 0.000000 0.000000 0.000000 12.206934 -1.223455 78.595764 0.000000 0.000000 0.000000 -49.524429 3.031486 92.301729 66.032547 26.186948 39.387655 -27.262804 -8.609368 34.488180 0.000000 0.000000 0.000000 -30.132126 -1.663791 6.175287 7.387829 -0.015531 -0.240561 0.000000 0.000000 0.000000 -1.256615 -0.806382 -24.623824 0.000000 0.000000 0.000000
0.843478 0.978795 0.055779 0.000000 0.000000 0.000000 -41.358294 39.344856 45.669158 -10.002003 -51.793089 -25.513673 -35.067801 3.875357 2.977775 26.532148 -7.867608 81.596452 0.086939 -12.700844 0.781168 0.000000 0.000000 0.000000 39.289645 -5.231577 31.732032 -0.704818 19.171874 -6.900973 -16.941129 7.992057 -1.632819 1.929368 20.537849 43.118237 0.038769 -1.470104 3.021132 0.000000 0.000000 0.000000 -0.466466 5.880567 -0.102590 0.697669 -3.175425 0.121776 0.000000 0.000000 0.000000 -0.862222 -8.503070 -0.245272 -13.833917 11.583952 -0.255106 -18.294351 -2.346384 -0.974962 0.000000 0.000000 0.000000 17.929562 -15.866758 74.628094 -74.533164 -22.061902 28.740876 -37.502438 22.333740 -60.355511 0.000000 0.000000 0.000000 38.987441 11.284928 31.188566 -5.885998 -0.209367 4.070760 0.000000 0.000000 0.000000 10.871090 -1.016800 79.344678 0.000000 0.000000 0.000000 -49.031870 3.444500 92.283871 65.494242 26.221234 39.813449 -27.856344 -9.085816 35.529697 0.000000 0.000000 0.000000 -30.434357 -1.537223 5.646987 7.363084 -0.008962 -0.139290 0.000000 0.000000 0.000000 -1.739944 -1.113757 -24.754848 0.000000 0.000000 0.000000
0.874188 0.976960 0.060345 0.000000 0.000000 0.000000 -41.007300 39.291431 45.415004 -7.328918 -51.426421 -23.832588 -37.004478 3.406699 2.710321 26.282377 -7.236421 82.264482 0.111651 -13.092762 0.972921 0.000000 0.000000 0.000000 39.061446 -5.454851 31.765046 -1.012204 19.998391 -7.142891 -16.219240 7.600646 -1.602623 1.969500 20.427793 43.395115 0.050851 -1.809146 3.219802 0.000000 0.000000 0.000000 -0.760530 5.603943 -0.113434 0.633884 -3.082788 0.115600 0.000000 0.000000 0.000000 -0.751112 -8.394683 -0.243821 -14.196406 12.081630 -0.210789 -18.441519 -2.098192 -0.948446 0.000000 0.000000 0.000000 17.876809 -15.785576 74.239119 -74.401744 -22.053617 28.795905 -37.182934 22.400147 -60.966805 0.000000 0.000000 0.000000 37.531264 11.512695 33.051324 -6.015108 -0.202373 3.850353 0.000000 0.000000 0.000000 9.379174 -0.818781 80.043721 0.000000 0.000000 0.000000 -48.614232 3.792947 92.315491 64.626959 26.429384 40.735151 -28.401274 -9.620355 36.788772 0.000000 0.000000 0.000000 -30.729119 -1.422905 5.175077 7.338034 -0.003113 -0.048541 0.000000 0.000000 0.000000 -2.215369 -1.414766 -24.878063 0.000000 0.000000 0.000000
0.899418 0.976109 0.065126 0.000000 0.000000 0.000000 -40.573515 39.263681 45.193422 -4.911028 -51.106075 -22.355936 -38.303247 3.062638 2.493723 26.417303 -6.909111 83.187167 0.126243 -13.308898 1.082048 0.000000 0.000000 0.000000 38.828549 -5.655800 31.766812 -1.266446 20.712960 -7.350923 -15.841047 7.369740 -1.579255 2.043278 20.220987 43.681876 0.070932 -2.324425 3.495310 0.000000 0.000000 0.000000 -1.060057 5.273552 -0.125712 0.543206 -3.016810 0.109129 0.000000 0.000000 0.000000 -0.668972 -8.220605 -0.239360 -14.491451 12.486986 -0.172274 -18.557173 -1.883551 -0.924379 0.000000 0.000000 0.000000 17.870846 -15.664732 73.858662 -74.279801 -22.068915 28.876630 -36.652973 22.401613 -61.744486 0.000000 0.000000 0.000000 35.916088 11.646053 34.932700 -6.142706 -0.194362 3.621136 0.000000 0.000000 0.000000 7.727938 -0.630262 80.688961 0.000000 0.000000 0.000000 -48.187890 4.147879 92.392298 63.592225 26.729978 41.938483 -28.777356 -10.158586 38.218516 0.000000 0.000000 0.000000 -30.950499 -1.326938 4.790245 7.313980 0.001115 0.017442 0.000000 0.000000 0.000000 -2.605134 -1.659222 -25.018814 0.000000 0.000000 0.000000
0.919708 0.977893 0.067180 0.000000 0.000000 0.000000 -40.081249 39.278170 45.050693 -3.162050 -50.862691 -21.303924 -38.688618 2.965930 2.431595 26.644757 -6.826247 83.832674 0.130646 -13.716304 1.086224 0.000000 0.000000 0.000000 38.596640 -5.802123 31.706552 -1.450424 21.255505 -7.508739 -15.845318 7.313638 -1.566916 2.146213 19.932972 43.981702 0.102534 -3.041767 3.860376 0.000000 0.000000 0.000000 -1.359248 4.901730 -0.139614 0.442740 -2.979027 0.103195 0.000000 0.000000 0.000000 -0.549683 -8.024811 -0.235415 -14.771071 12.790992 -0.139477 -18.672672 -1.702126 -0.904599 0.000000 0.000000 0.000000 17.921047 -15.493974 73.478979 -74.162830 -22.135448 29.021053 -36.051302 22.407622 -62.656340 0.000000 0.000000 0.000000 34.091612 11.661233 36.841137 -6.271912 -0.185002 3.375747 0.000000 0.000000 0.000000 5.854954 -0.448354 81.249575 0.000000 0.000000 0.000000 -47.739546 4.521233 92.520236 62.582632 27.060726 43.198939 -28.910621 -10.684703 39.876892 0.000000 0.000000 0.000000 -30.995418 -1.264527 4.558226 7.288713 0.002958 0.046434 0.000000 0.000000 0.000000 -2.806058 -1.782415 -25.158571 0.000000 0.000000 0.000000
0.937212 0.978485 0.067298 0.000000 0.000000 0.000000 -39.691070 39.316349 44.999415 -1.970963 -50.657424 -20.579880 -38.256135 2.885261 2.347303 26.917143 -6.935014 84.195324 0.125552 -14.174330 1.009808 0.000000 0.000000 0.000000 38.456984 -5.864082 31.640463 -1.620704 21.679491 -7.625253 -16.214015 7.414049 -1.563526 2.262368 19.614889 44.343822 0.143622 -3.854923 4.265727 0.000000 0.000000 0.000000 -1.638099 4.526944 -0.154329 0.347253 -2.958992 0.098104 0.000000 0.000000 0.000000 -0.424030 -7.792333 -0.230781 -14.978743 12.883708 -0.123862 -18.754296 -1.620020 -0.897004 0.000000 0.000000 0.000000 18.059459 -15.282287 73.213415 -73.996743 -22.241120 29.241347 -35.543027 22.478681 -63.597496 0.000000 0.000000 0.000000 32.095635 11.534171 38.693215 -6.395381 -0.174527 3.123139 0.000000 0.000000 0.000000 3.792972 -0.275493 81.694541 0.000000 0.000000 0.000000 -47.381688 4.819485 92.704980 61.695454 27.405319 44.414804 -28.767958 -11.189564 41.810527 0.000000 0.000000 0.000000 -30.837182 -1.225286 4.440687 7.260838 0.002380 0.037512 0.000000 0.000000 0.000000 -2.797649 -1.770749 -25.343291 0.000000 0.000000 0.000000
0.953689 0.979400 0.063718 0.000000 0.000000 0.000000 -39.361365 39.376726 45.019593 -1.424110 -50.426898 -20.189537 -37.254248 2.783013 2.223966 27.168950 -7.206992 84.195628 0.108281 -14.826607 0.832189 0.000000 0.000000 0.000000 38.385093 -5.860934 31.566673 -1.707040 21.993743 -7.719465 -16.951266 7.674585 -1.567060 2.398686 19.244218 44.693343 0.192865 -4.717254 4.679832 0.000000 0.000000 0.000000 -1.873014 4.144732 -0.168296 0.264001 -2.941097 0.093680 0.000000 0.000000 0.000000 -0.293507 -7.526191 -0.225677 -15.108952 12.826971 -0.122441 -18.806093 -1.598728 -0.896551 0.000000 0.000000 0.000000 18.231127 -15.046227 72.960116 -73.803754 -22.344288 29.473155 -35.166191 22.624547 -64.525155 0.000000 0.000000 0.000000 29.952738 11.271575 40.497321 -6.512850 -0.162829 2.861249 0.000000 0.000000 0.000000 1.571786 -0.109399 82.037539 0.000000 0.000000 0.000000 -47.026697 5.117015 92.916838 61.148172 27.703038 45.308384 -28.310143 -11.621202 43.947617 0.000000 0.000000 0.000000 -30.444721 -1.216900 4.469937 7.229181 -0.000539 -0.008536 0.000000 0.000000 0.000000 -2.555844 -1.611776 -25.532157 0.000000 0.000000 0.000000
0.968432 0.980590 0.058882 0.000000 0.000000 0.000000 -39.075677 39.467886 45.123581 -1.575771 -50.200853 -20.167165 -36.111180 2.675531 2.094685 27.258185 -7.442225 83.930083 0.092315 -15.487484 0.678863 0.000000 0.000000 0.000000 38.401640 -5.777665 31.488121 -1.734128 22.194040 -7.785401 -18.045904 8.097353 -1.573123 2.561615 18.799586 44.983663 0.244371 -5.539845 5.047601 0.000000 0.000000 0.000000 -1.989292 3.772000 -0.176402 0.180000 -2.922608 0.089230 0.000000 0.000000 0.000000 -0.213201 -7.231858 -0.218481 -15.154821 12.680668 -0.131418 -18.824842 -1.605100 -0.898410 0.000000 0.000000 0.000000 18.385869 -14.812380 72.660957 -73.568034 -22.409574 29.679026 -34.995782 22.887213 -65.409077 0.000000 0.000000 0.000000 27.651335 10.860585 42.240416 -6.623282 -0.149688 2.586471 0.000000 0.000000 0.000000 -0.821378 0.055537 82.263886 0.000000 0.000000 0.000000 -46.635071 5.447656 93.134191 61.127208 27.899799 45.626175 -27.560208 -11.952110 46.228233 0.000000 0.000000 0.000000 -29.848110 -1.215573 4.558517 7.189961 -0.005284 -0.084108 0.000000 0.000000 0.000000 -2.128062 -1.335609 -25.777388 0.000000 0.000000 0.000000
0.992213 0.981821 0.053716 0.000000 0.000000 0.000000 -38.857812 39.615436 45.376075 -2.276383 -50.072533 -20.473240 -35.190075 2.602977 2.004343 27.556351 -7.969606 83.548495 0.054818 -16.175828 0.385751 0.000000 0.000000 0.000000 38.516532 -5.570656 31.364057 -1.695789 22.161759 -7.782200 -19.555162 8.705267 -1.572772 2.733705 18.333759 45.258775 0.291653 -6.248259 5.339683 0.000000 0.000000 0.000000 -2.029102 3.451283 -0.180063 0.101720 -2.926014 0.085698 0.000000 0.000000 0.000000 -0.145318 -6.937898 -0.211247 -15.103313 12.466245 -0.149484 -18.804903 -1.634618 -0.901651 0.000000 0.000000 0.000000 18.554364 -14.571602 72.372663 -73.302785 -22.375789 29.772269 -35.086368 23.298510 -66.221763 0.000000 0.000000 0.000000 25.227886 10.276123 43.781245 -6.719552 -0.135029 2.299767 0.000000 0.000000 0.000000 -3.335653 0.225621 82.263075 0.000000 0.000000 0.000000 -46.254102 5.771659 93.357427 61.631749 28.004952 45.376217 -26.731372 -12.229431 48.539119 0.000000 0.000000 0.000000 -28.989126 -1.182770 4.572957 7.141759 -0.009754 -0.156301 0.000000 0.000000 0.000000 -1.516001 -0.945689 -26.089598 0.000000 0.000000 0.000000
1.018860 0.983232 0.045186 0.000000 0.000000 0.000000 -38.808518 39.797854 45.765355 -3.222848 -50.033552 -20.948363 -34.371345 2.467972 1.872443 27.849211 -8.507448 83.149124 0.013095 -16.818178 0.088580 0.000000 0.000000 0.000000 38.730229 -5.257829 31.213642 -1.581871 21.893561 -7.710554 -21.414252 9.475060 -1.553841 2.891297 17.912740 45.513042 0.326885 -6.759279 5.531045 0.000000 0.000000 0.000000 -2.016319 3.226498 -0.180034 0.030218 -2.950107 0.083053 0.000000 0.000000 0.000000 -0.104018 -6.681494 -0.204508 -14.905561 12.181110 -0.177971 -18.725275 -1.691936 -0.905829 0.000000 0.000000 0.000000 18.695435 -14.366094 72.113961 -73.042023 -22.191842 29.666836 -35.427675 23.874797 -67.001019 0.000000 0.000000 0.000000 23.060092 9.632329 44.883700 -6.786694 -0.121601 2.050576 0.000000 0.000000 0.000000 -5.574345 0.387181 82.059722 0.000000 0.000000 0.000000 -45.921344 6.056481 93.541659 62.550841 27.987762 44.614955 -25.929558 -12.490108 50.846122 0.000000 0.000000 0.000000 -28.076218 -1.079839 4.316842 7.084444 -0.011663 -0.188406 0.000000 0.000000 0.000000 -0.938650 -0.580650 -26.518755 0.000000 0.000000 0.000000
1.043712 0.980480 0.033604 0.000000 0.000000 0.000000 -38.840896 40.013403 46.258790 -4.447913 -50.074023 -21.609426 -33.692599 2.343791 1.756442 28.100320 -8.997678 82.764115 -0.023198 -17.197229 -0.153418 0.000000 0.000000 0.000000 39.086547 -4.842184 31.080697 -1.465027 21.457282 -7.578402 -23.455289 10.323414 -1.504927 2.985865 17.675410 45.778952 0.346690 -7.041499 5.630320 0.000000 0.000000 0.000000 -1.962585 3.070616 -0.176918 -0.067318 -2.981804 0.079365 0.000000 0.000000 0.000000 -0.081359 -6.410169 -0.196688 -14.560775 11.776740 -0.218752 -18.582596 -1.806277 -0.914764 0.000000 0.000000 0.000000 18.841672 -14.172618 71.904575 -72.801245 -21.891012 29.395866 -36.001144 24.622063 -67.773894 0.000000 0.000000 0.000000 21.310065 9.012488 45.457535 -6.820222 -0.110718 1.857896 0.000000 0.000000 0.000000 -7.344120 0.535472 81.671013 0.000000 0.000000 0.000000 -45.643971 6.295487 93.712115 63.642310 27.816098 43.508713 -25.204644 -12.763828 53.156274 0.000000 0.000000 0.000000 -27.195032 -0.891899 3.686171 7.024021 -0.010366 -0.168908 0.000000 0.000000 0.000000 -0.471035 -0.287948 -27.124576 0.000000 0.000000 0.000000
1.064532 0.974346 0.025055 0.000000 0.000000 0.000000 -38.945592 40.224477 46.771192 -5.724202 -50.200997 -22.345786 -33.208138 2.271528 1.687334 28.261961 -9.353623 82.449580 -0.048365 -17.380565 -0.316424 0.000000 0.000000 0.000000 39.464757 -4.409550 30.945001 -1.223915 20.878399 -7.419553 -25.535684 11.151156 -1.419492 2.987326 17.707495 46.100744 0.337572 -6.937074 5.565076 0.000000 0.000000 0.000000 -1.763558 3.019430 -0.163384 -0.194839 -3.012988 0.074197 0.000000 0.000000 0.000000 -0.201204 -6.189404 -0.184237 -14.099030 11.353328 -0.261719 -18.391314 -1.920151 -0.920770 0.000000 0.000000 0.000000 18.871441 -14.067335 71.646118 -72.538703 -21.532244 29.056624 -36.832419 25.550309 -68.506413 0.000000 0.000000 0.000000 20.000931 8.472506 45.570741 -6.825133 -0.102529 1.719257 0.000000 0.000000 0.000000 -8.605055 0.666704 81.155854 0.000000 0.000000 0.000000 -45.372147 6.529618 93.811146 64.913432 27.386395 41.922574 -24.531542 -13.093937 55.657330 0.000000 0.000000 0.000000 -26.328744 -0.620184 2.651136 6.965485 -0.005692 -0.093533 0.000000 0.000000 0.000000 -0.088179 -0.053072 -27.915695 0.000000 0.000000 0.000000
1.108863 0.968475 0.013585 0.000000 0.000000 0.000000 -39.018885 40.469798 47.350893 -7.322863 -50.425653 -23.313764 -32.823733 2.358887 1.739988 28.237254 -9.568451 82.016532 -0.064056 -17.590219 -0.414007 0.000000 0.000000 0.000000 39.757108 -3.958743 30.698832 -0.916714 20.074695 -7.189588 -27.401214 11.859070 -1.313766 2.899550 17.990398 46.474804 0.276766 -6.145589 5.152199 0.000000 0.000000 0.000000 -1.771137 3.079889 -0.163819 -0.280200 -3.091131 0.072143 0.000000 0.000000 0.000000 -0.184658 -5.992452 -0.178465 -13.544039 10.991114 -0.299886 -18.166095 -1.987596 -0.918152 0.000000 0.000000 0.000000 18.741461 -14.044107 71.198968 -72.266951 -21.028308 28.525182 -37.883675 26.659191 -69.241342 0.000000 0.000000 0.000000 19.578623 8.213371 45.187312 -6.806856 -0.099594 1.674554 0.000000 0.000000 0.000000 -8.903404 0.727185 80.680062 0.000000 0.000000 0.000000 -44.943943 6.892232 93.681883 66.125325 26.767398 40.155612 -24.000352 -13.562400 58.446969 0.000000 0.000000 0.000000 -25.618756 -0.269765 1.186435 6.919014 0.003777 0.062477 0.000000 0.000000 0.000000 0.074230 0.043868 -28.835689 0.000000 0.000000 0.000000
1.124493 0.966114 0.002892 0.000000 0.000000 0.000000 -39.142502 40.634597 47.771697 -8.525118 -50.677311 -24.095918 -32.643401 2.499403 1.837586 28.058968 -9.521714 81.739214 -0.066090 -17.934719 -0.418816 0.000000 0.000000 0.000000 39.889693 -3.650211 30.461110 -0.469399 19.329732 -7.003809 -28.685772 12.304660 -1.223531 2.842746 18.191382 46.938117 0.240136 -5.622229 4.887535 0.000000 0.000000 0.000000 -1.843810 3.296517 -0.168332 -0.312576 -3.186281 0.072968 0.000000 0.000000 0.000000 -0.185415 -5.961494 -0.177407 -12.922394 10.730116 -0.330469 -17.915104 -1.999963 -0.906394 0.000000 0.000000 0.000000 18.381579 -14.194567 70.674724 -71.926419 -20.359746 27.801093 -39.280137 28.001839 -69.883666 0.000000 0.000000 0.000000 19.817151 8.109978 44.177606 -6.768157 -0.102692 1.736520 0.000000 0.000000 0.000000 -8.606233 0.749587 80.062895 0.000000 0.000000 0.000000 -44.522073 7.238733 93.284840 67.252461 26.003438 38.292692 -23.583407 -14.193975 61.623240 0.000000 0.000000 0.000000 -25.087730 0.147287 -0.661964 6.887147 0.017207 0.285959 0.000000 0.000000 0.000000 -0.007805 -0.004516 -29.898909 0.000000 0.000000 0.000000
1.142122 0.971667 -0.006837 0.000000 0.000000 0.000000 -39.241624 40.675622 47.904601 -9.118610 -50.943269 -24.562128 -32.692959 2.721914 2.003018 27.645457 -9.163270 81.537460 -0.041510 -18.163714 -0.259679 0.000000 0.000000 0.000000 39.734977 -3.587939 30.235585 0.115347 18.667005 -6.868213 -29.135559 12.476775 -1.191153 2.820863 18.301760 47.489073 0.213424 -5.211781 4.686723 0.000000 0.000000 0.000000 -2.022629 3.649253 -0.178923 -0.256131 -3.242365 0.077141 0.000000 0.000000 0.000000 -0.170341 -6.081582 -0.182063 -12.315793 10.519798 -0.355334 -17.674980 -1.966564 -0.889054 0.000000 0.000000 0.000000 17.786807 -14.496875 70.008420 -71.676151 -19.410516 26.644901 -40.869893 29.417293 -70.332669 0.000000 0.000000 0.000000 20.571754 8.135543 42.797697 -6.725669 -0.110067 1.873000 0.000000 0.000000 0.000000 -7.863650 0.730537 79.401286 0.000000 0.000000 0.000000 -44.041436 7.618604 92.614970 68.165588 25.106473 36.432190 -23.193089 -14.905280 65.031761 0.000000 0.000000 0.000000 -24.595729 0.561283 -2.574326 6.857633 0.031284 0.522125 0.000000 0.000000 0.000000 -0.163541 -0.092542 -30.992365 0.000000 0.000000 0.000000
1.143822 0.977803 -0.021686 0.000000 0.000000 0.000000 -39.419393 40.613464 47.836097 -8.956992 -51.322078 -24.675647 -33.055210 2.956284 2.189959 27.006412 -8.434927 81.540195 0.016141 -18.146090 0.101073 0.000000 0.000000 0.000000 39.389693 -3.700122 30.033569 0.667464 18.116752 -6.762353 -28.913861 12.325830 -1.200789 2.795224 18.426757 48.131696 0.201268 -5.003142 4.604431 0.000000 0.000000 0.000000 -2.002512 4.161204 -0.175879 -0.174169 -3.291391 0.082452 0.000000 0.000000 0.000000 -0.355985 -6.355180 -0.183060 -11.729790 10.319333 -0.377069 -17.445889 -1.927314 -0.871678 0.000000 0.000000 0.000000 16.947538 -14.977897 69.284830 -71.397467 -18.298863 25.267805 -42.759091 30.752200 -70.172102 0.000000 0.000000 0.000000 21.877981 8.312628 41.211117 -6.673889 -0.121080 2.076389 0.000000 0.000000 0.000000 -6.580141 0.642724 78.854582 0.000000 0.000000 0.000000 -43.628938 7.924100 91.754521 68.897629 24.135649 34.621222 -22.665594 -15.523864 68.440750 0.000000 0.000000 0.000000 -24.097797 0.887110 -4.154340 6.832397 0.041366 0.692951 0.000000 0.000000 0.000000 -0.163947 -0.090936 -31.968445 0.000000 0.000000 0.000000
1.180545 0.981442 -0.052229 0.000000 0.000000 0.000000 -39.225720 40.503745 47.509632 -8.094292 -51.417427 -24.249390 -33.960387 3.077190 2.317402 26.335727 -7.623616 81.638476 0.081404 -17.983261 0.514451 0.000000 0.000000 0.000000 39.028301 -3.948530 29.977912 1.235235 18.028248 -6.831112 -28.376833 12.029075 -1.228799 2.769119 18.541327 48.683869 0.182203 -4.690884 4.446242 0.000000 0.000000 0.000000 -2.019953 4.554026 -0.175487 -0.130558 -3.301144 0.084874 0.000000 0.000000 0.000000 -0.454414 -6.535282 -0.185195 -11.140659 10.121558 -0.396661 -17.222326 -1.889976 -0.855005 0.000000 0.000000 0.000000 16.073346 -15.423916 68.411017 -71.022308 -17.099918 23.794804 -44.795036 31.778437 -69.266253 0.000000 0.000000 0.000000 23.560670 8.578674 39.560899 -6.602686 -0.133674 2.317066 0.000000 0.000000 0.000000 -4.860639 0.492284 78.440472 0.000000 0.000000 0.000000 -43.077082 8.328436 90.817395 69.318819 23.263482 33.159966 -21.992557 -15.919092 71.474993 0.000000 0.000000 0.000000 -24.206063 1.141992 -5.321888 6.859429 0.043310 0.722653 0.000000 0.000000 0.000000 -0.250342 -0.136115 -32.932743 0.000000 0.000000 0.000000
1.204986 0.978749 -0.054389 0.000000 0.000000 0.000000 -38.706264 40.364051 46.991422 -6.610820 -51.371525 -23.410818 -35.399658 3.151782 2.436205 25.542315 -6.648253 81.801171 0.157848 -17.835626 1.005924 0.000000 0.000000 0.000000 38.567628 -4.319225 29.968800 1.931853 18.081744 -6.978035 -28.043670 11.899110 -1.250514 2.753856 18.613866 49.095111 0.144566 -4.045020 4.091971 0.000000 0.000000 0.000000 -2.035002 4.909436 -0.174989 -0.115582 -3.303857 0.085690 0.000000 0.000000 0.000000 -0.529309 -6.696847 -0.187916 -10.536502 9.942977 -0.413793 -16.998269 -1.843552 -0.837300 0.000000 0.000000 0.000000 15.146523 -15.856717 67.422275 -70.468950 -16.024603 22.541076 -46.683889 32.288856 -67.707585 0.000000 0.000000 0.000000 25.250099 8.790631 37.880650 -6.513085 -0.145874 2.563316 0.000000 0.000000 0.000000 -3.108155 0.326548 78.007718 0.000000 0.000000 0.000000 -42.438764 8.781911 89.795579 69.474008 22.543491 32.073427 -21.240932 -16.055733 73.896412 0.000000 0.000000 0.000000 -24.674675 1.352457 -6.177860 6.905269 0.040530 0.671764 0.000000 0.000000 0.000000 -0.442870 -0.236188 -33.857063 0.000000 0.000000 0.000000
1.228408 0.981132 -0.054593 0.000000 0.000000 0.000000 -38.025041 40.130319 46.215018 -4.042538 -51.185647 -21.927244 -37.386577 3.061392 2.452257 24.600026 -5.427615 82.149870 0.250492 -17.662406 1.612169 0.000000 0.000000 0.000000 37.997441 -4.864173 30.052954 2.813083 18.268868 -7.213647 -27.901349 11.956721 -1.271680 2.821339 18.472637 49.463461 0.136044 -3.913400 3.980465 0.000000 0.000000 0.000000 -2.026181 5.205964 -0.173438 -0.115957 -3.239400 0.083953 0.000000 0.000000 0.000000 -0.640330 -6.850763 -0.189168 -9.901558 9.731862 -0.430373 -16.766523 -1.810032 -0.821008 0.000000 0.000000 0.000000 14.220583 -16.257832 66.402324 -69.719185 -15.233134 21.734345 -47.814541 32.141183 -66.036863 0.000000 0.000000 0.000000 26.544932 8.852891 36.336794 -6.437447 -0.155425 2.763233 0.000000 0.000000 0.000000 -1.817881 0.200205 77.431593 0.000000 0.000000 0.000000 -41.787947 9.226167 88.757712 69.379160 22.001066 31.374144 -20.429339 -15.907172 75.577383 0.000000 0.000000 0.000000 -25.293648 1.416516 -6.306837 6.959035 0.033081 0.544065 0.000000 0.000000 0.000000 -0.556722 -0.294042 -34.317324 0.000000 0.000000 0.000000
1.258527 0.979171 -0.053954 0.000000 0.000000 0.000000 -37.206604 39.903149 45.423764 -0.813627 -50.948435 -20.101970 -39.800938 2.831181 2.367418 23.421396 -3.959095 82.523786 0.352101 -16.923573 2.366429 0.000000 0.000000 0.000000 37.380389 -5.411337 30.088408 3.732781 18.390264 -7.433880 -27.946496 12.159524 -1.288547 2.905289 18.290231 49.801979 0.137627 -3.976898 3.962448 0.000000 0.000000 0.000000 -2.114935 5.420269 -0.176899 -0.128660 -3.178132 0.081702 0.000000 0.000000 0.000000 -0.659284 -6.908499 -0.190585 -9.238200 9.510383 -0.445172 -16.531701 -1.799539 -0.807548 0.000000 0.000000 0.000000 13.470065 -16.532508 65.475471 -68.739751 -14.712080 21.378156 -47.682465 31.380101 -64.883848 0.000000 0.000000 0.000000 26.997897 8.793973 35.521344 -6.415165 -0.159968 2.853865 0.000000 0.000000 0.000000 -1.514460 0.173451 76.933502 0.000000 0.000000 0.000000 -41.161031 9.641858 87.820787 69.048758 21.712656 31.155493 -19.574321 -15.468529 76.429046 0.000000 0.000000 0.000000 -25.862981 1.418116 -6.170562 7.003011 0.024725 0.404068 0.000000 0.000000 0.000000 -0.630286 -0.331017 -34.584796 0.000000 0.000000 0.000000
1.278044 0.969779 -0.049759 0.000000 0.000000 0.000000 -36.316981 39.643205 44.562032 2.721663 -50.558792 -18.101414 -41.922006 2.501803 2.171881 22.220541 -2.383503 83.159161 0.432831 -15.783413 3.121808 0.000000 0.000000 0.000000 36.729673 -5.995555 30.127276 4.796640 18.524886 -7.690410 -28.272458 12.457709 -1.284432 3.007660 18.065552 50.145643 0.148630 -4.223565 4.029072 0.000000 0.000000 0.000000 -2.280789 5.556950 -0.184030 -0.149389 -3.089215 0.078350 0.000000 0.000000 0.000000 -0.647110 -6.924420 -0.191644 -8.512394 9.298919 -0.457911 -16.275030 -1.805958 -0.795063 0.000000 0.000000 0.000000 12.967139 -16.684416 64.787268 -67.640115 -14.358219 21.296078 -46.178454 30.054142 -64.398353 0.000000 0.000000 0.000000 26.618684 8.603678 35.279522 -6.459081 -0.159769 2.830902 0.000000 0.000000 0.000000 -2.157277 0.257715 76.376692 0.000000 0.000000 0.000000 -40.671172 9.953968 87.065157 68.559406 21.634170 31.317465 -18.625841 -14.744859 76.547582 0.000000 0.000000 0.000000 -26.136168 1.338363 -5.761222 7.037211 0.015554 0.252956 0.000000 0.000000 0.000000 -0.451578 -0.236744 -34.667712 0.000000 0.000000 0.000000
1.291967 0.964435 -0.045306 0.000000 0.000000 0.000000 -35.393200 39.405174 43.762477 5.705378 -50.146826 -16.428724 -43.135532 2.373471 2.104943 21.194595 -1.003490 83.872129 0.498184 -15.002299 3.782143 0.000000 0.000000 0.000000 36.002146 -6.539159 30.042559 5.894264 18.465003 -7.873782 -28.838096 12.875257 -1.263382 3.119988 17.820961 50.498636 0.160826 -4.492321 4.098564 0.000000 0.000000 0.000000 -2.518227 5.634800 -0.194489 -0.165398 -3.000386 0.075254 0.000000 0.000000 0.000000 -0.579583 -6.872590 -0.192326 -7.762387 9.088036 -0.468154 -16.015492 -1.816576 -0.782907 0.000000 0.000000 0.000000 12.703135 -16.702511 64.262937 -66.549617 -14.112068 21.362577 -43.429025 28.230340 -64.539565 0.000000 0.000000 0.000000 25.434079 8.296487 35.633068 -6.556796 -0.154010 2.688161 0.000000 0.000000 0.000000 -3.644572 0.454486 75.788231 0.000000 0.000000 0.000000 -40.237169 10.229996 86.480923 67.995934 21.691731 31.716043 -17.461694 -13.673673 75.958692 0.000000 0.000000 0.000000 -26.070278 1.175032 -5.072284 7.061968 0.005817 0.094264 0.000000 0.000000 0.000000 0.011717 0.006158 -34.549804 0.000000 0.000000 0.000000
1.302194 0.960191 -0.042823 0.000000 0.000000 0.000000 -34.523421 39.190911 43.053399 8.086195 -49.708300 -15.089473 -43.469139 2.330990 2.079419 20.146930 0.234566 84.256843 0.550279 -14.451445 4.338194 0.000000 0.000000 0.000000 35.175304 -7.025324 29.798923 6.962206 18.221292 -7.970211 -29.518400 13.304238 -1.225803 3.198876 17.661668 50.843994 0.178407 -4.842199 4.217615 0.000000 0.000000 0.000000 -2.816767 5.676831 -0.207772 -0.153484 -2.921778 0.073745 0.000000 0.000000 0.000000 -0.486955 -6.786501 -0.192825 -6.956549 8.902679 -0.475983 -15.738265 -1.820700 -0.769036 0.000000 0.000000 0.000000 12.693993 -16.596924 63.949984 -65.552498 -13.918090 21.468495 -39.806143 26.023931 -65.097504 0.000000 0.000000 0.000000 23.643941 7.859751 36.340226 -6.675367 -0.143313 2.457007 0.000000 0.000000 0.000000 -5.691116 0.742712 75.141304 0.000000 0.000000 0.000000 -39.901014 10.444015 86.079663 67.371207 21.905112 32.379267 -16.240346 -12.414009 74.633124 0.000000 0.000000 0.000000 -25.801613 0.973233 -4.247239 7.077710 -0.004023 -0.065051 0.000000 0.000000 0.000000 0.608307 0.321200 -34.330168 0.000000 0.000000 0.000000
1.311067 0.957968 -0.041385 0.000000 0.000000 0.000000 -33.761822 39.001474 42.446398 9.667781 -49.265859 -14.169792 -43.031812 2.369825 2.097882 19.067797 1.352669 84.284943 0.592394 -13.999312 4.822095 0.000000 0.000000 0.000000 34.308085 -7.429457 29.429990 7.940523 17.818045 -7.973595 -30.321509 13.738585 -1.168707 3.259937 17.539442 51.103566 0.198463 -5.221409 4.350467 0.000000 0.000000 0.000000 -3.164568 5.714690 -0.223123 -0.111370 -2.852875 0.073857 0.000000 0.000000 0.000000 -0.357393 -6.727430 -0.195884 -6.110032 8.774629 -0.481770 -15.449040 -1.794408 -0.751062 0.000000 0.000000 0.000000 12.922230 -16.384315 63.850321 -64.766038 -13.704699 21.458529 -35.748390 23.587770 -65.842283 0.000000 0.000000 0.000000 21.652319 7.338887 37.078533 -6.772764 -0.130520 2.205478 0.000000 0.000000 0.000000 -7.857789 1.071761 74.489776 0.000000 0.000000 0.000000 -39.674425 10.587539 85.822072 66.686488 22.261795 33.296973 -15.300576 -11.262949 72.564669 0.000000 0.000000 0.000000 -25.393970 0.742079 -3.292811 7.089161 -0.012002 -0.193762 0.000000 0.000000 0.000000 1.244340 0.663159 -33.891417 0.000000 0.000000 0.000000
1.318924 0.959374 -0.043463 0.000000 0.000000 0.000000 -33.144332 38.857756 41.985673 10.363659 -48.921402 -13.724356 -42.149697 2.561513 2.232659 18.126310 2.218869 84.011967 0.629897 -13.822728 5.193038 0.000000 0.000000 0.000000 33.517234 -7.700325 28.993050 8.697438 17.284833 -7.869570 -31.202245 14.183525 -1.096660 3.289160 17.487314 51.282489 0.218619 -5.586100 4.478848 0.000000 0.000000 0.000000 -3.523591 5.727640 -0.239168 -0.048947 -2.783989 0.074837 0.000000 0.000000 0.000000 -0.202593 -6.667148 -0.200057 -5.246078 8.658560 -0.485903 -15.152965 -1.765688 -0.732610 0.000000 0.000000 0.000000 13.460875 -16.030524 64.031017 -64.262322 -13.498627 21.342398 -31.935524 21.212034 -66.403109 0.000000 0.000000 0.000000 20.039367 6.858617 37.470397 -6.826904 -0.120092 2.013193 0.000000 0.000000 0.000000 -9.585834 1.363248 73.848455 0.000000 0.000000 0.000000 -39.593401 10.641926 85.765875 65.869836 22.693158 34.422530 -14.960825 -10.465352 69.789869 0.000000 0.000000 0.000000 -24.900850 0.491512 -2.225915 7.104189 -0.017572 -0.283077 0.000000 0.000000 0.000000 1.873525 1.012657 -33.219797 0.000000 0.000000 0.000000
1.328990 0.962919 -0.046523 0.000000 0.000000 0.000000 -32.686099 38.772683 41.692649 10.136417 -48.714765 -13.767934 -40.928522 2.891168 2.466315 17.531540 2.628738 83.423403 0.682425 -14.486636 5.365443 0.000000 0.000000 0.000000 32.871235 -7.813575 28.526932 9.204626 16.623178 -7.653933 -32.223188 14.676272 -1.003013 3.294353 17.480625 51.338071 0.248887 -6.101389 4.667417 0.000000 0.000000 0.000000 -3.824133 5.759765 -0.252124 0.013143 -2.740152 0.076423 0.000000 0.000000 0.000000 -0.021398 -6.634511 -0.206351 -4.425930 8.557960 -0.488390 -14.877382 -1.736441 -0.715303 0.000000 0.000000 0.000000 14.267011 -15.565083 64.500552 -64.065360 -13.299599 21.110668 -28.813576 19.140098 -66.556151 0.000000 0.000000 0.000000 18.833550 6.438004 37.464664 -6.846876 -0.112091 1.873598 0.000000 0.000000 0.000000 -10.859757 1.612766 73.154448 0.000000 0.000000 0.000000 -39.703030 10.569623 85.855880 64.871839 23.146080 35.721541 -15.303699 -10.047178 66.392589 0.000000 0.000000 0.000000 -24.547613 0.200889 -0.923369 7.131659 -0.020828 -0.334227 0.000000 0.000000 0.000000 2.325366 1.283788 -32.200201 0.000000 0.000000 0.000000
1.346061 0.963413 -0.053400 0.000000 0.000000 0.000000 -32.434809 38.751896 41.584619 9.244825 -48.680255 -14.183513 -39.453137 3.239427 2.692184 17.294383 2.653269 82.764891 0.709901 -14.983069 5.394480 0.000000 0.000000 0.000000 32.423455 -7.760776 28.070469 9.517092 15.868331 -7.355287 -33.472753 15.211295 -0.872507 3.285418 17.493284 51.253190 0.262527 -6.355855 4.725651 0.000000 0.000000 0.000000 -4.052531 5.839775 -0.260667 0.079103 -2.721463 0.078847 0.000000 0.000000 0.000000 0.160136 -6.688672 -0.215372 -3.656971 8.482284 -0.489916 -14.618562 -1.692646 -0.697442 0.000000 0.000000 0.000000 15.284706 -14.995295 65.183098 -64.344912 -13.137356 20.746323 -26.342269 17.387928 -66.323725 0.000000 0.000000 0.000000 18.119181 6.102678 36.970810 -6.835832 -0.107588 1.801246 0.000000 0.000000 0.000000 -11.604277 1.803681 72.388211 0.000000 0.000000 0.000000 -39.961286 10.391381 85.992109 63.660326 23.565381 37.148316 -16.265671 -9.925739 62.569315 0.000000 0.000000 0.000000 -24.383625 -0.144218 0.667491 7.176069 -0.022442 -0.357890 0.000000 0.000000 0.000000 2.586325 1.469047 -30.812040 0.000000 0.000000 0.000000
1.364409 0.959806 -0.065687 0.000000 0.000000 0.000000 -32.338421 38.745311 41.546125 8.155262 -48.638665 -14.692616 -38.010548 3.469183 2.810112 17.201140 2.543899 82.149089 0.718611 -15.180717 5.388756 0.000000 0.000000 0.000000 32.265409 -7.622028 27.785530 9.597765 15.216585 -7.063343 -34.735309 15.780015 -0.730109 3.233565 17.582711 50.901860 0.267230 -6.472824 4.723207 0.000000 0.000000 0.000000 -4.173875 5.960780 -0.263310 0.097898 -2.703919 0.079185 0.000000 0.000000 0.000000 0.322395 -6.829625 -0.225942 -2.928592 8.406220 -0.490266 -14.375054 -1.657771 -0.681488 0.000000 0.000000 0.000000 16.494537 -14.338962 66.124410 -65.209421 -13.063222 20.296674 -24.459011 15.957401 -65.778382 0.000000 0.000000 0.000000 17.717561 5.826672 36.165885 -6.802743 -0.105774 1.779525 0.000000 0.000000 0.000000 -12.017387 1.949293 71.637757 0.000000 0.000000 0.000000 -40.437297 10.050341 86.125153 62.148508 23.972747 38.815214 -17.736321 -10.011323 58.616878 0.000000 0.000000 0.000000 -24.270749 -0.546535 2.541305 7.234503 -0.022050 -0.348795 0.000000 0.000000 0.000000 2.763592 1.627455 -29.019437 0.000000 0.000000 0.000000
1.375898 0.954100 -0.079060 0.000000 0.000000 0.000000 -32.433042 38.748365 41.577222 7.027706 -48.528541 -15.197311 -36.666654 3.565815 2.819820 17.212446 2.343992 81.594207 0.735410 -15.610805 5.361019 0.000000 0.000000 0.000000 32.399164 -7.408737 27.682259 9.463247 14.766917 -6.831693 -35.942247 16.239874 -0.579186 3.101488 17.861675 50.447841 0.253981 -6.310924 4.604555 0.000000 0.000000 0.000000 -4.166843 6.065093 -0.260666 0.056930 -2.689281 0.076951 0.000000 0.000000 0.000000 0.451395 -6.995180 -0.235533 -2.272821 8.348308 -0.490168 -14.162861 -1.639424 -0.668949 0.000000 0.000000 0.000000 17.944241 -13.546069 67.343742 -66.637731 -13.234250 20.016660 -23.043401 14.810875 -65.043625 0.000000 0.000000 0.000000 17.674833 5.611818 34.993194 -6.751276 -0.107263 1.818345 0.000000 0.000000 0.000000 -12.056059 2.039665 70.862667 0.000000 0.000000 0.000000 -41.148500 9.533743 86.275008 60.353896 24.302489 40.638620 -19.339694 -10.154504 55.077874 0.000000 0.000000 0.000000 -23.988929 -0.895290 4.212199 7.317524 -0.017151 -0.268224 0.000000 0.000000 0.000000 3.021703 1.846016 -27.164293 0.000000 0.000000 0.000000
1.379750 0.948895 -0.090037 0.000000 0.000000 0.000000 -32.669811 38.726463 41.597190 5.911128 -48.286294 -15.648759 -35.386850 3.565070 2.755103 17.332916 2.052710 81.120269 0.751417 -16.096930 5.310261 0.000000 0.000000 0.000000 32.748371 -7.174242 27.747442 9.152812 14.612096 -6.711430 -36.949622 16.433454 -0.440582 2.852211 18.443880 50.049323 0.211263 -5.678253 4.258014 0.000000 0.000000 0.000000 -4.089630 6.111808 -0.256388 -0.021725 -2.679630 0.073198 0.000000 0.000000 0.000000 0.603713 -7.176993 -0.246018 -1.691222 8.383679 -0.493427 -13.984898 -1.600699 -0.656128 0.000000 0.000000 0.000000 19.619292 -12.579044 68.753054 -68.361965 -13.695776 20.056355 -22.024891 13.909943 -64.162358 0.000000 0.000000 0.000000 17.792253 5.395525 33.507058 -6.681519 -0.111903 1.916846 0.000000 0.000000 0.000000 -11.954465 2.106470 70.082147 0.000000 0.000000 0.000000 -42.020729 8.888776 86.347546 58.372713 24.547043 42.559816 -20.647147 -10.217600 52.283782 0.000000 0.000000 0.000000 -23.682735 -1.165674 5.555544 7.426089 -0.011203 -0.172633 0.000000 0.000000 0.000000 3.343820 2.106809 -25.582036 0.000000 0.000000 0.000000
1.372212 0.944025 -0.094725 0.000000 0.000000 0.000000 -33.003222 38.670908 41.576372 4.747165 -47.878925 -16.058190 -34.135677 3.509090 2.651164 17.507666 1.702496 80.656856 0.772262 -16.725977 5.249634 0.000000 0.000000 0.000000 33.265860 -6.931482 27.953944 8.600329 14.785918 -6.705778 -37.445276 16.159876 -0.362742 2.459941 19.408006 49.893479 0.161382 -4.814542 3.837384 0.000000 0.000000 0.000000 -3.949645 6.064287 -0.251509 -0.151155 -2.649751 0.066684 0.000000 0.000000 0.000000 0.776605 -7.328383 -0.255974 -1.146451 8.441709 -0.498053 -13.831496 -1.552827 -0.643730 0.000000 0.000000 0.000000 21.502050 -11.390947 70.208192 -69.986903 -14.544768 20.662547 -21.613028 13.327716 -62.940337 0.000000 0.000000 0.000000 18.223787 5.199775 31.615100 -6.576401 -0.121838 2.120414 0.000000 0.000000 0.000000 -11.580080 2.109470 69.418539 0.000000 0.000000 0.000000 -42.927713 8.209181 86.295274 56.368962 24.740879 44.518834 -21.429977 -10.159394 50.325067 0.000000 0.000000 0.000000 -23.254721 -1.322850 6.422390 7.561362 -0.006529 -0.098802 0.000000 0.000000 0.000000 3.870353 2.486790 -24.568310 0.000000 0.000000 0.000000
1.356679 0.919726 -0.093242 0.000000 0.000000 0.000000 -33.316066 38.332097 40.985762 4.098239 -46.334801 -15.785943 -32.892952 2.949045 2.178136 17.672954 1.637331 80.977804 0.828069 -17.358260 5.420718 0.000000 0.000000 0.000000 33.827646 -7.072467 28.610757 8.290557 15.973935 -7.197900 -37.200707 14.594781 -0.358542 1.738007 21.194389 50.336973 0.148666 -4.508308 3.775446 0.000000 0.000000 0.000000 -3.622793 5.629644 -0.245380 -0.363061 -2.399766 0.051238 0.000000 0.000000 0.000000 0.837134 -7.287397 -0.257078 -0.589896 8.382714 -0.496876 -13.653765 -1.645857 -0.644117 0.000000 0.000000 0.000000 24.108739 -9.617055 72.154786 -70.794961 -16.205658 22.658951 -22.505531 13.321479 -60.820454 0.000000 0.000000 0.000000 18.805528 4.894554 28.943145 -6.369145 -0.136437 2.451827 0.000000 0.000000 0.000000 -10.931973 2.060646 68.711405 0.000000 0.000000 0.000000 -44.393584 7.121104 86.489937 53.879346 25.144261 47.387079 -21.845104 -10.016325 48.846071 0.000000 0.000000 0.000000 -22.450120 -1.231172 6.197820 7.702539 -0.001163 -0.017282 0.000000 0.000000 0.000000 4.657084 2.984824 -24.703548 0.000000 0.000000 0.000000
1.327203 0.967399 -0.018438 0.000000 0.000000 0.000000 -32.925456 38.599166 41.413701 0.394154 -47.328538 -17.934231 -31.884880 4.515315 3.274446 18.076344 0.020563 77.812934 0.726403 -18.058653 4.568821 0.000000 0.000000 0.000000 34.367096 -6.090316 28.044170 6.146221 14.772984 -6.321689 -35.079764 15.323857 -0.662317 1.894003 20.802345 49.681081 0.166670 -4.629608 4.121385 0.000000 0.000000 0.000000 -3.641999 5.905084 -0.241354 -0.745050 -2.580455 0.039097 0.000000 0.000000 0.000000 1.364461 -7.409429 -0.277903 -0.147507 8.517029 -0.506167 -13.610504 -1.154761 -0.593894 0.000000 0.000000 0.000000 25.166093 -8.532728 71.401646 -72.172114 -17.448622 23.779695 -23.378319 13.519555 -59.617622 0.000000 0.000000 0.000000 19.575995 4.359396 24.883339 -6.250150 -0.162291 2.971858 0.000000 0.000000 0.000000 -10.688324 2.157234 67.240340 0.000000 0.000000 0.000000 -42.990344 8.088205 84.815232 54.119946 25.199620 47.264116 -20.211138 -9.318107 49.145049 0.000000 0.000000 0.000000 -21.786293 -1.195816 6.207934 7.984866 -0.005983 -0.085729 0.000000 0.000000 0.000000 6.089633 3.890240 -24.885670 0.000000 0.000000 0.000000
1.294942 0.974720 -0.071066 0.000000 0.000000 0.000000 -34.957567 39.152725 43.104930 -1.001383 -48.529913 -19.134151 -31.759964 4.399379 3.183022 19.178242 -1.074478 78.237734 0.622319 -18.272183 3.868225 0.000000 0.000000 0.000000 36.164872 -5.076188 28.569929 3.903529 15.120854 -6.124196 -34.581949 14.745132 -0.701562 1.791181 21.075352 51.095544 0.165348 -4.511460 4.195802 0.000000 0.000000 0.000000 -3.738891 5.821556 -0.247142 -1.050687 -2.740506 0.028804 0.000000 0.000000 0.000000 1.846707 -7.199496 -0.291033 0.215366 8.470803 -0.504887 -13.806320 -1.236367 -0.610977 0.000000 0.000000 0.000000 27.462480 -6.847237 73.060488 -72.038444 -19.372129 26.422938 -25.475178 14.354376 -58.241607 0.000000 0.000000 0.000000 20.865584 3.955571 21.244694 -6.096871 -0.190974 3.584826 0.000000 0.000000 0.000000 -10.179695 2.125597 66.469077 0.000000 0.000000 0.000000 -43.737715 7.559752 85.178756 52.190293 25.301075 49.240505 -19.984175 -9.252628 49.337973 0.000000 0.000000 0.000000 -21.498299 -1.059748 5.578056 8.256743 -0.000359 -0.004972 0.000000 0.000000 0.000000 7.018518 4.455272 -25.224959 0.000000 0.000000 0.000000
1.250695 0.982313 -0.052858 0.000000 0.000000 0.000000 -36.110483 39.446824 44.078207 -2.744301 -49.233068 -20.330657 -31.378176 4.573144 3.285660 19.949036 -2.143439 77.804761 0.522604 -18.505332 3.207153 0.000000 0.000000 0.000000 37.247979 -4.408676 28.820278 2.205836 15.187468 -5.890608 -33.704075 14.462369 -0.799638 1.740259 21.202265 51.692291 0.165920 -4.446253 4.272078 0.000000 0.000000 0.000000 -3.818218 5.757039 -0.251911 -1.299597 -2.841124 0.019306 0.000000 0.000000 0.000000 2.254260 -7.144408 -0.304949 0.495472 8.529489 -0.509776 -13.941349 -1.136469 -0.607185 0.000000 0.000000 0.000000 29.057373 -5.566712 73.902832 -72.019508 -20.916878 28.500665 -27.346471 14.997498 -56.832752 0.000000 0.000000 0.000000 21.719367 3.466902 17.929595 -5.912021 -0.212048 4.104692 0.000000 0.000000 0.000000 -9.732675 2.100428 65.697529 0.000000 0.000000 0.000000 -43.961166 7.389947 85.007974 50.849073 25.376072 50.686423 -19.489087 -9.094130 49.696915 0.000000 0.000000 0.000000 -21.075265 -0.964180 5.179838 8.514216 0.000752 0.010106 0.000000 0.000000 0.000000 8.012976 5.056522 -25.543522 0.000000 0.000000 0.000000
1.204275 0.985472 -0.035910 0.000000 0.000000 0.000000 -37.191119 39.668880 44.911593 -4.332043 -49.808930 -21.421653 -31.107312 4.649902 3.324209 20.713335 -3.141912 77.559453 0.422673 -18.619034 2.578002 0.000000 0.000000 0.000000 38.143379 -3.896711 29.070905 0.744115 15.235157 -5.686343 -32.888932 14.236751 -0.889174 1.681809 21.342392 52.244893 0.167513 -4.412036 4.346492 0.000000 0.000000 0.000000 -3.927114 5.652648 -0.258925 -1.501566 -2.907975 0.011063 0.000000 0.000000 0.000000 2.620576 -7.106417 -0.317891 0.709553 8.627109 -0.517210 -14.095694 -1.024490 -0.602786 0.000000 0.000000 0.000000 30.372158 -4.486285 74.623011 -71.812896 -22.319342 30.481593 -29.342203 15.659689 -55.421408 0.000000 0.000000 0.000000 22.522819 2.983875 14.904129 -5.735688 -0.230451 4.597799 0.000000 0.000000 0.000000 -9.265516 2.050431 65.093579 0.000000 0.000000 0.000000 -44.145835 7.248999 84.827225 49.560310 25.428909 52.093348 -18.996759 -8.996060 50.363735 0.000000 0.000000 0.000000 -20.693463 -0.894968 4.899075 8.741926 0.002856 0.037361 0.000000 0.000000 0.000000 8.963489 5.622181 -25.869474 0.000000 0.000000 0.000000
1.158472 0.985522 -0.024883 0.000000 0.000000 0.000000 -38.153482 39.841955 45.626413 -5.716981 -50.264999 -22.373625 -30.813560 4.702548 3.343692 21.505084 -4.170268 77.348488 0.322162 -18.640637 1.962775 0.000000 0.000000 0.000000 38.878615 -3.529194 29.338614 -0.491505 15.338292 -5.537108 -32.135062 14.050497 -0.970717 1.680996 21.346870 52.691878 0.172717 -4.448112 4.445036 0.000000 0.000000 0.000000 -4.067501 5.523948 -0.268134 -1.673348 -2.981476 0.004085 0.000000 0.000000 0.000000 2.964513 -7.121310 -0.330541 0.928928 8.772766 -0.528330 -14.221456 -0.881358 -0.593619 0.000000 0.000000 0.000000 31.485622 -3.549631 75.229292 -71.502367 -23.489020 32.215235 -31.204722 16.267810 -54.208360 0.000000 0.000000 0.000000 23.070639 2.504159 12.224978 -5.559441 -0.244699 5.036548 0.000000 0.000000 0.000000 -8.867465 2.005450 64.559659 0.000000 0.000000 0.000000 -44.343268 7.100360 84.668164 48.261967 25.468477 53.539137 -18.515520 -8.942182 51.255924 0.000000 0.000000 0.000000 -20.265422 -0.835088 4.670198 8.945298 0.003505 0.044804 0.000000 0.000000 0.000000 9.917376 6.184283 -26.184944 0.000000 0.000000 0.000000
1.115382 0.988789 -0.019518 0.000000 0.000000 0.000000 -39.020386 39.961012 46.208511 -7.011713 -50.578141 -23.224215 -30.408192 4.700061 3.316965 22.325658 -5.231471 77.167056 0.222859 -18.540947 1.365266 0.000000 0.000000 0.000000 39.448411 -3.311878 29.627651 -1.505459 15.475705 -5.432545 -31.405914 13.893787 -1.049078 1.682715 21.345132 53.067484 0.182998 -4.558129 4.595685 0.000000 0.000000 0.000000 -4.230463 5.363733 -0.279468 -1.822077 -3.048824 -0.002090 0.000000 0.000000 0.000000 3.318950 -7.188115 -0.343605 1.138612 8.954162 -0.542454 -14.348257 -0.718609 -0.582132 0.000000 0.000000 0.000000 32.409329 -2.756851 75.724582 -71.149024 -24.487009 33.754654 -33.016505 16.813714 -53.007655 0.000000 0.000000 0.000000 23.469393 2.049593 9.843782 -5.387203 -0.253716 5.388864 0.000000 0.000000 0.000000 -8.464845 1.953006 64.059413 0.000000 0.000000 0.000000 -44.525288 6.963222 84.493383 46.947798 25.475328 54.996575 -18.026941 -8.906890 52.301547 0.000000 0.000000 0.000000 -19.831598 -0.780786 4.464240 9.121041 0.004004 0.050204 0.000000 0.000000 0.000000 10.813059 6.700992 -26.519972 0.000000 0.000000 0.000000
1.072820 0.989382 -0.017162 0.000000 0.000000 0.000000 -39.708186 40.055535 46.682970 -8.059454 -50.834189 -23.924535 -30.199851 4.695743 3.301148 23.086685 -6.172781 77.106020 0.135910 -18.404821 0.838894 0.000000 0.000000 0.000000 39.967918 -3.153361 29.941056 -2.344008 15.671265 -5.373097 -30.810685 13.742824 -1.109726 1.711270 21.283143 53.418670 0.194454 -4.708314 4.727316 0.000000 0.000000 0.000000 -4.339014 5.172860 -0.289281 -1.966194 -3.116936 -0.008211 0.000000 0.000000 0.000000 3.578489 -7.262883 -0.352909 1.297604 9.128729 -0.556270 -14.456469 -0.537520 -0.567596 0.000000 0.000000 0.000000 33.178744 -2.088281 76.159221 -70.762074 -25.331276 35.119645 -34.707270 17.327427 -51.988335 0.000000 0.000000 0.000000 23.766521 1.648490 7.822356 -5.241737 -0.261060 5.698462 0.000000 0.000000 0.000000 -8.190653 1.918942 63.669605 0.000000 0.000000 0.000000 -44.727686 6.813305 84.359446 45.690789 25.466814 56.416200 -17.595463 -8.957145 53.686480 0.000000 0.000000 0.000000 -19.427763 -0.762182 4.450278 9.293277 0.001573 0.019353 0.000000 0.000000 0.000000 11.686673 7.210237 -26.764231 0.000000 0.000000 0.000000
1.027703 0.984580 -0.019211 0.000000 0.000000 0.000000 -40.088040 40.123959 46.987057 -9.067031 -50.957581 -24.541427 -30.094332 4.756749 3.337523 23.831828 -7.130056 76.990092 0.054173 -18.210650 0.338010 0.000000 0.000000 0.000000 40.339069 -3.135860 30.282752 -2.951528 15.897627 -5.357278 -30.263136 13.654558 -1.168530 1.774202 21.144472 53.649645 0.210251 -4.922915 4.888079 0.000000 0.000000 0.000000 -4.404486 4.961106 -0.297738 -2.118041 -3.176105 -0.014960 0.000000 0.000000 0.000000 3.788123 -7.385192 -0.360067 1.427653 9.318389 -0.571356 -14.559056 -0.307045 -0.547248 0.000000 0.000000 0.000000 33.717914 -1.610637 76.427100 -70.454392 -26.013844 36.228652 -36.291261 17.839463 -51.178884 0.000000 0.000000 0.000000 24.012475 1.297264 6.094391 -5.153725 -0.269442 5.981486 0.000000 0.000000 0.000000 -8.014224 1.902471 63.331475 0.000000 0.000000 0.000000 -44.818969 6.741744 84.133871 44.559609 25.435418 57.694470 -17.106411 -9.060611 55.562287 0.000000 0.000000 0.000000 -19.014238 -0.776690 4.635316 9.452725 -0.004401 -0.053228 0.000000 0.000000 0.000000 12.588367 7.736301 -26.981988 0.000000 0.000000 0.000000
0.977652 0.984031 -0.028595 0.000000 0.000000 0.000000 -40.216273 40.185032 47.177925 -9.970274 -51.029589 -25.078596 -30.028636 4.871563 3.413966 24.467785 -8.042088 76.726137 -0.014707 -17.987017 -0.092925 0.000000 0.000000 0.000000 40.587982 -3.197183 30.602082 -3.337686 16.143798 -5.380499 -29.856040 13.695714 -1.221338 1.913329 20.835088 53.723729 0.225634 -5.156626 5.007511 0.000000 0.000000 0.000000 -4.408512 4.759878 -0.302873 -2.252645 -3.235230 -0.021021 0.000000 0.000000 0.000000 3.913334 -7.551147 -0.363861 1.513264 9.533554 -0.588181 -14.633651 -0.013843 -0.518756 0.000000 0.000000 0.000000 34.084465 -1.280259 76.569890 -70.221236 -26.493332 37.023033 -37.641548 18.295162 -50.576685 0.000000 0.000000 0.000000 24.159153 1.001342 4.676500 -5.083474 -0.275975 6.210862 0.000000 0.000000 0.000000 -7.907271 1.896800 63.060391 0.000000 0.000000 0.000000 -44.830513 6.727314 83.888993 43.610673 25.427062 58.837968 -16.600490 -9.159044 57.536918 0.000000 0.000000 0.000000 -18.622261 -0.814516 4.964878 9.586370 -0.013809 -0.164687 0.000000 0.000000 0.000000 13.414428 8.216066 -27.172972 0.000000 0.000000 0.000000
0.919210 0.974253 -0.044561 0.000000 0.000000 0.000000 -40.062389 40.251295 47.268829 -10.958416 -51.054527 -25.641091 -29.991143 5.093319 3.566990 25.039286 -9.005704 76.246554 -0.075074 -17.679490 -0.482729 0.000000 0.000000 0.000000 40.700694 -3.369461 30.922425 -3.465247 16.409783 -5.449868 -29.573387 13.896728 -1.274160 2.141399 20.322304 53.629719 0.242848 -5.431616 5.116170 0.000000 0.000000 0.000000 -4.362542 4.572159 -0.304925 -2.391410 -3.294245 -0.027427 0.000000 0.000000 0.000000 3.972622 -7.771022 -0.365053 1.558187 9.766000 -0.606000 -14.700823 0.356145 -0.481369 0.000000 0.000000 0.000000 34.250846 -1.124700 76.569668 -70.147133 -26.787165 37.467316 -38.843150 18.767504 -50.226000 0.000000 0.000000 0.000000 24.262987 0.758531 3.527705 -5.045129 -0.282306 6.401306 0.000000 0.000000 0.000000 -7.874872 1.904012 62.854215 0.000000 0.000000 0.000000 -44.721271 6.797139 83.574007 42.847106 25.454432 59.851819 -16.002877 -9.253693 59.861499 0.000000 0.000000 0.000000 -18.242924 -0.883899 5.501043 9.699968 -0.028523 -0.336151 0.000000 0.000000 0.000000 14.227868 8.688656 -27.341889 0.000000 0.000000 0.000000
0.855987 0.972027 -0.064155 0.000000 0.000000 0.000000 -39.838625 40.295530 47.280984 -11.669362 -51.049365 -26.035146 -30.004201 5.269390 3.691279 25.490474 -9.800931 75.829409 -0.121841 -17.404680 -0.796003 0.000000 0.000000 0.000000 40.778476 -3.533259 31.197904 -3.521810 16.660859 -5.525139 -29.335402 14.097719 -1.322446 2.347273 19.854379 53.510028 0.259932 -5.697262 5.220212 0.000000 0.000000 0.000000 -4.288216 4.394807 -0.304967 -2.523255 -3.338932 -0.033710 0.000000 0.000000 0.000000 3.973714 -8.000502 -0.364308 1.574470 9.994817 -0.623244 -14.728752 0.741041 -0.440778 0.000000 0.000000 0.000000 34.337588 -1.039210 76.512176 -70.187055 -26.954595 37.667293 -39.783599 19.131410 -49.946969 0.000000 0.000000 0.000000 24.327543 0.558412 2.590268 -5.035498 -0.288264 6.548605 0.000000 0.000000 0.000000 -7.889288 1.922382 62.650418 0.000000 0.000000 0.000000 -44.585340 6.884902 83.257135 42.203029 25.444446 60.658997 -15.423336 -9.321550 62.100438 0.000000 0.000000 0.000000 -17.881946 -0.948127 6.021004 9.792184 -0.043950 -0.513059 0.000000 0.000000 0.000000 14.941763 9.098934 -27.502878 0.000000 0.000000 0.000000
0.798148 0.963305 -0.080160 0.000000 0.000000 0.000000 -39.572147 40.334434 47.263834 -12.182825 -51.062998 -26.330678 -30.091256 5.406739 3.793689 25.849337 -10.461284 75.464934 -0.155706 -17.154999 -1.032272 0.000000 0.000000 0.000000 40.862967 -3.683236 31.463332 -3.513057 16.910584 -5.610465 -29.206498 14.344885 -1.362234 2.542501 19.407049 53.402205 0.279224 -5.975709 5.345746 0.000000 0.000000 0.000000 -4.172888 4.226862 -0.302172 -2.677359 -3.380113 -0.041232 0.000000 0.000000 0.000000 3.900813 -8.256404 -0.361513 1.547563 10.235546 -0.640603 -14.734218 1.161843 -0.395534 0.000000 0.000000 0.000000 34.365564 -1.007221 76.435118 -70.326066 -27.025568 37.672605 -40.535124 19.447096 -49.786666 0.000000 0.000000 0.000000 24.372939 0.390773 1.809322 -5.033638 -0.294250 6.686758 0.000000 0.000000 0.000000 -7.945083 1.950470 62.453974 0.000000 0.000000 0.000000 -44.464803 6.961078 82.951472 41.644824 25.432085 61.364619 -14.785607 -9.353544 64.462680 0.000000 0.000000 0.000000 -17.546044 -1.025819 6.639823 9.875969 -0.064728 -0.749168 0.000000 0.000000 0.000000 15.607791 9.472624 -27.691030 0.000000 0.000000 0.000000
0.749891 0.964293 -0.088522 0.000000 0.000000 0.000000 -39.187649 40.347782 47.142498 -12.583439 -51.006847 -26.523628 -30.111555 5.590373 3.924116 26.099762 -11.042225 75.016642 -0.182187 -16.960765 -1.221860 0.000000 0.000000 0.000000 40.842331 -3.853846 31.648295 -3.427783 17.118212 -5.694463 -29.010218 14.558496 -1.408031 2.737109 18.951973 53.210963 0.296711 -6.237989 5.441104 0.000000 0.000000 0.000000 -4.061640 4.084055 -0.298743 -2.793154 -3.395567 -0.047008 0.000000 0.000000 0.000000 3.828235 -8.512099 -0.359055 1.510759 10.465887 -0.656877 -14.734507 1.580093 -0.350396 0.000000 0.000000 0.000000 34.287867 -1.062558 76.213517 -70.625731 -27.016421 37.466469 -40.967753 19.626064 -49.689313 0.000000 0.000000 0.000000 24.398680 0.273680 1.265842 -5.057177 -0.298976 6.762310 0.000000 0.000000 0.000000 -8.015718 1.980516 62.283640 0.000000 0.000000 0.000000 -44.207262 7.129238 82.559636 41.429679 25.413711 61.612110 -14.167167 -9.328924 66.576346 0.000000 0.000000 0.000000 -17.218554 -1.088485 7.180200 9.943498 -0.082779 -0.951556 0.000000 0.000000 0.000000 16.180884 9.795289 -27.836693 0.000000 0.000000 0.000000
0.709779 0.963150 -0.089916 0.000000 0.000000 0.000000 -38.723898 40.333007 46.928855 -12.808043 -50.918693 -26.599143 -30.085409 5.786276 4.059777 26.244131 -11.514771 74.535766 -0.199966 -16.787524 -1.355125 0.000000 0.000000 0.000000 40.756256 -4.024603 31.767207 -3.284919 17.320739 -5.786836 -28.775155 14.738925 -1.456357 2.929491 18.492827 52.974054 0.313631 -6.486394 5.530547 0.000000 0.000000 0.000000 -3.931374 3.954512 -0.293612 -2.896625 -3.392968 -0.052236 0.000000 0.000000 0.000000 3.725809 -8.796344 -0.356234 1.455345 10.711367 -0.673679 -14.716709 2.044889 -0.299896 0.000000 0.000000 0.000000 34.124641 -1.187532 75.878275 -71.098599 -26.921807 37.037205 -41.121768 19.673939 -49.619061 0.000000 0.000000 0.000000 24.441031 0.193050 0.891330 -5.102764 -0.304004 6.814415 0.000000 0.000000 0.000000 -8.101648 2.013424 62.129108 0.000000 0.000000 0.000000 -43.842385 7.366184 82.088601 41.487520 25.385983 61.478465 -13.471365 -9.215274 68.617793 0.000000 0.000000 0.000000 -16.904409 -1.147747 7.712417 10.005929 -0.101096 -1.154802 0.000000 0.000000 0.000000 16.721955 10.096654 -27.983169 0.000000 0.000000 0.000000
0.673360 0.962172 -0.090240 0.000000 0.000000 0.000000 -38.284610 40.317975 46.727010 -12.989908 -50.839988 -26.655872 -30.011253 5.961915 4.177369 26.390853 -11.944273 74.140548 -0.215236 -16.632441 -1.472391 0.000000 0.000000 0.000000 40.648079 -4.183619 31.849183 -3.158777 17.511969 -5.873133 -28.504932 14.852726 -1.503291 3.082374 18.122420 52.777766 0.329381 -6.708216 5.615658 0.000000 0.000000 0.000000 -3.830220 3.849373 -0.289512 -2.969843 -3.387188 -0.055939 0.000000 0.000000 0.000000 3.658656 -9.022846 -0.354639 1.382979 10.916418 -0.686867 -14.712774 2.425608 -0.258774 0.000000 0.000000 0.000000 33.961969 -1.308689 75.522129 -71.557243 -26.842123 36.641277 -41.024299 19.602216 -49.569518 0.000000 0.000000 0.000000 24.430955 0.144429 0.667133 -5.141177 -0.306846 6.826611 0.000000 0.000000 0.000000 -8.186751 2.044559 61.998559 0.000000 0.000000 0.000000 -43.493255 7.589553 81.656237 41.734101 25.398478 61.178242 -12.912961 -9.085413 70.143831 0.000000 0.000000 0.000000 -16.682796 -1.194382 8.132595 10.073695 -0.116665 -1.323623 0.000000 0.000000 0.000000 17.149018 10.339216 -28.070318 0.000000 0.000000 0.000000
0.639147 0.965529 -0.082361 0.000000 0.000000 0.000000 -37.803414 40.300635 46.507118 -13.181169 -50.745178 -26.708346 -29.859073 6.173536 4.313587 26.493510 -12.362003 73.679413 -0.228500 -16.502339 -1.575611 0.000000 0.000000 0.000000 40.460293 -4.364822 31.877250 -2.976349 17.682440 -5.962571 -28.184491 14.937813 -1.554440 3.226484 17.764260 52.542092 0.341944 -6.891394 5.674428 0.000000 0.000000 0.000000 -3.759613 3.776416 -0.286532 -3.022535 -3.371855 -0.058614 0.000000 0.000000 0.000000 3.603037 -9.225067 -0.353519 1.288195 11.100321 -0.697660 -14.719482 2.782574 -0.220344 0.000000 0.000000 0.000000 33.733768 -1.480945 75.083020 -72.097425 -26.735037 36.162880 -40.683884 19.428734 -49.570350 0.000000 0.000000 0.000000 24.415569 0.133004 0.614758 -5.182263 -0.309289 6.826337 0.000000 0.000000 0.000000 -8.251249 2.066327 61.925346 0.000000 0.000000 0.000000 -43.067958 7.859302 81.190004 42.253746 25.445165 60.594693 -12.416207 -8.924049 71.309644 0.000000 0.000000 0.000000 -16.517189 -1.236399 8.502988 10.146846 -0.131798 -1.484462 0.000000 0.000000 0.000000 17.524662 10.562054 -28.098626 0.000000 0.000000 0.000000
0.591449 0.965923 -0.069713 0.000000 0.000000 0.000000 -37.377486 40.281833 46.307667 -13.271658 -50.669993 -26.715458 -29.737956 6.366085 4.438267 26.539535 -12.662454 73.294334 -0.236857 -16.429635 -1.640556 0.000000 0.000000 0.000000 40.260678 -4.521897 31.864236 -2.834003 17.805875 -6.029532 -27.867156 14.959501 -1.598837 3.320313 17.529156 52.396374 0.353216 -7.047788 5.731003 0.000000 0.000000 0.000000 -3.715577 3.742999 -0.284406 -3.056845 -3.349858 -0.060360 0.000000 0.000000 0.000000 3.564194 -9.397343 -0.352861 1.194334 11.271862 -0.707296 -14.715868 3.086460 -0.187505 0.000000 0.000000 0.000000 33.525664 -1.633788 74.662930 -72.582413 -26.666606 35.774490 -40.135516 19.119053 -49.500148 0.000000 0.000000 0.000000 24.396355 0.131448 0.608061 -5.233044 -0.310714 6.791235 0.000000 0.000000 0.000000 -8.301682 2.087011 61.821424 0.000000 0.000000 0.000000 -42.691945 8.093485 80.775013 42.837630 25.528357 60.012535 -12.040439 -8.739294 71.851221 0.000000 0.000000 0.000000 -16.432491 -1.260356 8.712257 10.195205 -0.142369 -1.595867 0.000000 0.000000 0.000000 17.799065 10.720644 -28.138858 0.000000 0.000000 0.000000
0.542122 0.968247 -0.052495 0.000000 0.000000 0.000000 -36.968474 40.268166 46.128077 -13.322593 -50.615178 -26.712148 -29.612986 6.578233 4.575692 26.529498 -12.897676 72.899226 -0.241080 -16.390454 -1.673848 0.000000 0.000000 0.000000 40.011566 -4.680122 31.802930 -2.695853 17.903252 -6.087148 -27.522769 14.925246 -1.640761 3.389578 17.354825 52.293855 0.363097 -7.174521 5.786901 0.000000 0.000000 0.000000 -3.703522 3.758327 -0.283372 -3.077591 -3.325199 -0.061419 0.000000 0.000000 0.000000 3.556350 -9.554204 -0.352777 1.073901 11.435657 -0.715299 -14.716597 3.363335 -0.157616 0.000000 0.000000 0.000000 33.304732 -1.792154 74.203974 -73.117772 -26.631503 35.402889 -39.314287 18.627055 -49.320886 0.000000 0.000000 0.000000 24.346765 0.148072 0.686396 -5.270669 -0.311255 6.754520 0.000000 0.000000 0.000000 -8.329902 2.101725 61.723271 0.000000 0.000000 0.000000 -42.306432 8.330671 80.369857 43.568690 25.649372 59.332614 -11.801879 -8.549670 71.749824 0.000000 0.000000 0.000000 -16.428209 -1.266510 8.756942 10.231116 -0.148738 -1.661366 0.000000 0.000000 0.000000 17.980307 10.827439 -28.155360 0.000000 0.000000 0.000000
0.496615 0.967303 -0.034032 0.000000 0.000000 0.000000 -36.551893 40.243300 45.923976 -13.336588 -50.545392 -26.679403 -29.509012 6.802359 4.722632 26.445249 -13.055208 72.473255 -0.244436 -16.395871 -1.696581 0.000000 0.000000 0.000000 39.718363 -4.842918 31.703134 -2.534892 17.922536 -6.122007 -27.201191 14.929194 -1.683842 3.444741 17.207777 52.145513 0.372699 -7.299466 5.837904 0.000000 0.000000 0.000000 -3.728407 3.804149 -0.284077 -3.071632 -3.288616 -0.061154 0.000000 0.000000 0.000000 3.541637 -9.686303 -0.352612 1.007956 11.586151 -0.723764 -14.680557 3.609101 -0.130936 0.000000 0.000000 0.000000 33.047518 -1.980104 73.746361 -73.609228 -26.539093 34.988243 -38.495006 18.185052 -49.248623 0.000000 0.000000 0.000000 24.307735 0.168172 0.780858 -5.306081 -0.311308 6.710619 0.000000 0.000000 0.000000 -8.362346 2.116812 61.634838 0.000000 0.000000 0.000000 -41.905287 8.574308 79.963964 44.319593 25.763094 58.629965 -11.595839 -8.357854 71.475901 0.000000 0.000000 0.000000 -16.488512 -1.272050 8.762615 10.287984 -0.153150 -1.701131 0.000000 0.000000 0.000000 18.145744 10.917223 -28.206097 0.000000 0.000000 0.000000
0.460052 0.966677 -0.016234 0.000000 0.000000 0.000000 -36.102487 40.204758 45.681841 -13.345622 -50.443819 -26.625402 -29.386262 7.063919 4.893262 26.237092 -13.121769 71.929304 -0.246208 -16.463027 -1.701814 0.000000 0.000000 0.000000 39.354261 -5.019195 31.549232 -2.344507 17.866151 -6.135759 -26.844382 14.937386 -1.732147 3.487070 17.082036 51.926715 0.379713 -7.382729 5.880433 0.000000 0.000000 0.000000 -3.770564 3.892651 -0.285021 -3.048102 -3.242843 -0.060039 0.000000 0.000000 0.000000 3.526869 -9.817007 -0.352479 0.969402 11.752986 -0.734093 -14.605036 3.850525 -0.104807 0.000000 0.000000 0.000000 32.744739 -2.200391 73.241490 -74.101146 -26.402235 34.521279 -37.562210 17.698272 -49.198577 0.000000 0.000000 0.000000 24.238509 0.194202 0.904370 -5.341889 -0.310777 6.654325 0.000000 0.000000 0.000000 -8.414634 2.139277 61.517473 0.000000 0.000000 0.000000 -41.474302 8.831054 79.519480 45.151634 25.902791 57.897209 -11.459785 -8.159885 70.815892 0.000000 0.000000 0.000000 -16.620244 -1.268477 8.668136 10.350711 -0.156566 -1.728479 0.000000 0.000000 0.000000 18.268740 10.966878 -28.322403 0.000000 0.000000 0.000000
0.431436 0.967386 0.001816 0.000000 0.000000 0.000000 -35.494286 40.151636 45.357578 -13.459484 -50.269488 -26.587525 -29.255623 7.400104 5.114010 25.948629 -13.204260 71.187537 -0.252337 -16.572747 -1.732461 0.000000 0.000000 0.000000 38.864926 -5.249955 31.336141 -2.018766 17.708603 -6.137418 -26.516641 15.030055 -1.786830 3.516293 16.972981 51.594946 0.388591 -7.489620 5.931713 0.000000 0.000000 0.000000 -3.856971 4.006823 -0.288070 -2.997334 -3.177888 -0.057644 0.000000 0.000000 0.000000 3.493453 -9.929102 -0.352151 0.966208 11.911244 -0.744944 -14.495209 4.088822 -0.079342 0.000000 0.000000 0.000000 32.341679 -2.492891 72.626705 -74.593969 -26.169161 33.937347 -36.666304 17.303089 -49.327862 0.000000 0.000000 0.000000 24.281718 0.240004 1.115604 -5.397523 -0.310175 6.573056 0.000000 0.000000 0.000000 -8.441054 2.152920 61.429575 0.000000 0.000000 0.000000 -40.888986 9.178150 78.997250 46.091776 26.008353 56.991798 -11.347650 -7.990853 70.216142 0.000000 0.000000 0.000000 -16.794007 -1.277500 8.638303 10.414374 -0.158255 -1.736387 0.000000 0.000000 0.000000 18.333215 10.998120 -28.358788 0.000000 0.000000 0.000000
0.417179 0.966106 0.016632 0.000000 0.000000 0.000000 -34.830897 40.073190 44.968413 -13.524515 -50.077345 -26.511860 -29.136882 7.765316 5.354924 25.541630 -13.189881 70.337689 -0.260457 -16.764613 -1.767448 0.000000 0.000000 0.000000 38.291887 -5.490600 31.054148 -1.637780 17.464406 -6.116951 -26.168794 15.133112 -1.846079 3.509934 16.941400 51.202328 0.398936 -7.597622 6.002681 0.000000 0.000000 0.000000 -3.981083 4.143661 -0.292711 -2.912177 -3.102316 -0.053681 0.000000 0.000000 0.000000 3.441724 -10.031780 -0.351682 1.000528 12.097915 -0.759120 -14.340452 4.339433 -0.053158 0.000000 0.000000 0.000000 31.893803 -2.808396 71.930277 -75.079045 -25.889614 33.306353 -35.808622 16.953218 -49.527601 0.000000 0.000000 0.000000 24.438909 0.302424 1.396403 -5.460928 -0.310113 6.495509 0.000000 0.000000 0.000000 -8.414968 2.151089 61.367717 0.000000 0.000000 0.000000 -40.222594 9.566601 78.431348 47.147091 26.084414 55.925942 -11.286871 -7.848339 69.535742 0.000000 0.000000 0.000000 -16.976852 -1.291981 8.640759 10.483174 -0.158984 -1.732870 0.000000 0.000000 0.000000 18.387631 11.033564 -28.347575 0.000000 0.000000 0.000000
0.415416 0.967507 0.030251 0.000000 0.000000 0.000000 -33.952028 39.969222 44.465367 -13.839692 -49.738186 -26.488578 -28.886546 8.219522 5.642269 25.138092 -13.300622 69.291887 -0.271574 -16.895372 -1.828415 0.000000 0.000000 0.000000 37.600745 -5.769048 30.703428 -1.130147 17.113495 -6.077926 -25.895144 15.372959 -1.913161 3.521381 16.851510 50.697303 0.408908 -7.713407 6.059999 0.000000 0.000000 0.000000 -4.098376 4.306133 -0.296103 -2.833822 -3.025950 -0.050153 0.000000 0.000000 0.000000 3.391956 -10.097905 -0.351263 1.039141 12.199874 -0.767654 -14.177926 4.535453 -0.033333 0.000000 0.000000 0.000000 31.342127 -3.188395 71.099108 -75.584716 -25.544840 32.589950 -34.817747 16.583884 -49.858626 0.000000 0.000000 0.000000 24.566232 0.367722 1.688801 -5.513178 -0.310062 6.432915 0.000000 0.000000 0.000000 -8.390620 2.150120 61.300180 0.000000 0.000000 0.000000 -39.392199 10.038421 77.730694 48.318635 26.144332 54.735833 -11.155651 -7.662435 68.878177 0.000000 0.000000 0.000000 -17.281709 -1.325805 8.707984 10.538573 -0.159355 -1.727732 0.000000 0.000000 0.000000 18.318809 10.998201 -28.318085 0.000000 0.000000 0.000000
0.426372 0.966530 0.041666 0.000000 0.000000 0.000000 -32.904500 39.834643 43.862631 -14.306766 -49.278792 -26.476419 -28.556112 8.749439 5.969761 24.665659 -13.447038 68.032360 -0.288142 -17.054336 -1.921590 0.000000 0.000000 0.000000 36.760370 -6.083182 30.253994 -0.445741 16.601933 -6.006188 -25.730921 15.754504 -1.984298 3.547723 16.698924 50.013268 0.419281 -7.845345 6.108809 0.000000 0.000000 0.000000 -4.244642 4.503140 -0.299995 -2.721303 -2.936307 -0.045191 0.000000 0.000000 0.000000 3.322857 -10.126496 -0.350628 1.113853 12.265112 -0.775041 -13.971803 4.704829 -0.017041 0.000000 0.000000 0.000000 30.656869 -3.649660 70.118317 -76.194480 -25.102548 31.705222 -33.771581 16.279779 -50.458880 0.000000 0.000000 0.000000 24.810488 0.470839 2.140329 -5.574013 -0.309612 6.353536 0.000000 0.000000 0.000000 -8.319352 2.125428 61.382419 0.000000 0.000000 0.000000 -38.400436 10.583215 76.886429 49.736085 26.219642 53.354285 -10.959187 -7.454553 68.360346 0.000000 0.000000 0.000000 -17.622521 -1.396247 8.989454 10.588374 -0.162518 -1.753687 0.000000 0.000000 0.000000 18.268431 10.995090 -28.191077 0.000000 0.000000 0.000000
0.438815 0.966683 0.047237 0.000000 0.000000 0.000000 -31.486569 39.651538 43.076304 -15.144983 -48.615501 -26.542101 -28.170736 9.458062 6.407951 24.130946 -13.754071 66.381702 -0.308432 -17.125946 -2.048148 0.000000 0.000000 0.000000 35.738834 -6.488607 29.740431 0.406976 16.013171 -5.926172 -25.518970 16.288525 -2.083248 3.646694 16.326585 49.132287 0.424904 -7.951956 6.107479 0.000000 0.000000 0.000000 -4.308252 4.735456 -0.298070 -2.626682 -2.839385 -0.041257 0.000000 0.000000 0.000000 3.212672 -10.181976 -0.349723 1.195662 12.304575 -0.780948 -13.735923 4.924489 0.003422 0.000000 0.000000 0.000000 29.759339 -4.237473 68.911246 -76.819657 -24.496155 30.624414 -32.565894 15.913087 -51.141866 0.000000 0.000000 0.000000 24.987234 0.578191 2.608996 -5.661391 -0.309403 6.251293 0.000000 0.000000 0.000000 -8.359902 2.137348 61.362799 0.000000 0.000000 0.000000 -37.148042 11.242836 75.813984 51.247883 26.217794 51.794862 -10.620052 -7.157195 67.871391 0.000000 0.000000 0.000000 -17.829285 -1.459460 9.284493 10.589901 -0.165716 -1.787936 0.000000 0.000000 0.000000 18.254441 10.996197 -28.146599 0.000000 0.000000 0.000000
0.449896 0.970463 0.048307 0.000000 0.000000 0.000000 -29.723040 39.416005 42.131408 -16.305175 -47.787254 -26.673338 -27.770182 10.363596 6.970560 23.509744 -14.220841 64.294502 -0.334704 -17.122834 -2.222977 0.000000 0.000000 0.000000 34.536132 -6.976595 29.155396 1.464476 15.318085 -5.827823 -25.338663 17.054359 -2.210067 3.827877 15.673675 47.979675 0.423755 -8.015306 6.042789 0.000000 0.000000 0.000000 -4.317988 5.021846 -0.291809 -2.540243 -2.735453 -0.037888 0.000000 0.000000 0.000000 3.088585 -10.256536 -0.348886 1.275772 12.319242 -0.785060 -13.485039 5.179235 0.026243 0.000000 0.000000 0.000000 28.622166 -4.956061 67.475909 -77.477607 -23.702943 29.316954 -31.144390 15.489061 -52.024752 0.000000 0.000000 0.000000 25.150526 0.698437 3.130238 -5.765572 -0.309781 6.145858 0.000000 0.000000 0.000000 -8.485867 2.174928 61.296164 0.000000 0.000000 0.000000 -35.622017 12.005202 74.503729 52.934751 26.130513 49.982448 -10.191546 -6.813022 67.447847 0.000000 0.000000 0.000000 -17.978052 -1.531116 9.656733 10.560547 -0.169507 -1.833945 0.000000 0.000000 0.000000 18.288796 11.022332 -28.122544 0.000000 0.000000 0.000000
0.463954 0.970294 0.050301 0.000000 0.000000 0.000000 -27.817483 39.108516 41.071353 -17.543061 -46.837385 -26.756533 -27.295473 11.279719 7.521302 22.874087 -14.734303 62.108057 -0.355598 -17.027753 -2.375092 0.000000 0.000000 0.000000 33.218371 -7.489266 28.500207 2.586524 14.573255 -5.705996 -25.090385 17.881276 -2.358617 4.049395 14.854827 46.774033 0.421125 -8.087194 5.951891 0.000000 0.000000 0.000000 -4.300399 5.303893 -0.284261 -2.464055 -2.617679 -0.035210 0.000000 0.000000 0.000000 2.939589 -10.328362 -0.347996 1.359432 12.278461 -0.785290 -13.204883 5.440387 0.048190 0.000000 0.000000 0.000000 27.407147 -5.668912 65.883762 -78.130450 -22.832555 27.941351 -29.792229 15.051567 -52.821910 0.000000 0.000000 0.000000 25.183604 0.831381 3.720645 -5.846691 -0.308445 6.034513 0.000000 0.000000 0.000000 -8.639279 2.220081 61.225379 0.000000 0.000000 0.000000 -33.989287 12.757775 73.002804 54.548562 25.929209 48.124400 -9.705426 -6.437976 67.044809 0.000000 0.000000 0.000000 -17.955216 -1.588529 10.029958 10.487746 -0.173286 -1.887901 0.000000 0.000000 0.000000 18.306486 11.026460 -28.153198 0.000000 0.000000 0.000000
0.482542 0.969366 0.053882 0.000000 0.000000 0.000000 -25.714200 38.712371 39.874482 -18.855743 -45.778818 -26.792814 -26.793050 12.273487 8.109324 22.198872 -15.332122 59.718294 -0.377398 -16.865962 -2.545187 0.000000 0.000000 0.000000 31.779444 -8.025690 27.771712 3.778091 13.766955 -5.553632 -24.795308 18.823573 -2.534821 4.322250 13.794873 45.425626 0.415694 -8.154938 5.826391 0.000000 0.000000 0.000000 -4.239426 5.603382 -0.274380 -2.416519 -2.491209 -0.033968 0.000000 0.000000 0.000000 2.750461 -10.414031 -0.347099 1.459356 12.182736 -0.782018 -12.895522 5.708402 0.069057 0.000000 0.000000 0.000000 26.069846 -6.393936 64.101848 -78.797997 -21.870310 26.473131 -28.430613 14.598786 -53.646641 0.000000 0.000000 0.000000 25.074040 0.969649 4.358470 -5.935521 -0.306418 5.905216 0.000000 0.000000 0.000000 -8.884897 2.290301 61.142407 0.000000 0.000000 0.000000 -32.203930 13.507799 71.279868 56.179275 25.627677 46.163386 -9.104838 -5.999551 66.702244 0.000000 0.000000 0.000000 -17.745260 -1.634568 10.442563 10.362426 -0.177847 -1.961142 0.000000 0.000000 0.000000 18.415349 11.071644 -28.249992 0.000000 0.000000 0.000000
0.510845 0.968154 0.060315 0.000000 0.000000 0.000000 -23.704320 38.281407 38.716051 -20.106734 -44.741369 -26.789029 -26.280379 13.215673 8.650391 21.534238 -15.939071 57.353065 -0.396514 -16.606447 -2.716436 0.000000 0.000000 0.000000 30.350807 -8.549801 27.051432 4.950969 13.031950 -5.410814 -24.472625 19.740762 -2.717843 4.612684 12.581559 44.043456 0.405415 -8.206950 5.646468 0.000000 0.000000 0.000000 -4.176697 5.875567 -0.265351 -2.366614 -2.362945 -0.032745 0.000000 0.000000 0.000000 2.598142 -10.489903 -0.346646 1.514946 12.052004 -0.774376 -12.630580 5.946213 0.086516 0.000000 0.000000 0.000000 24.761753 -7.049530 62.361490 -79.376934 -20.878449 25.034612 -27.254983 14.227659 -54.477691 0.000000 0.000000 0.000000 24.921570 1.095402 4.954154 -6.034704 -0.305299 5.786975 0.000000 0.000000 0.000000 -9.220675 2.384998 61.051681 0.000000 0.000000 0.000000 -30.482897 14.161030 69.563312 57.644455 25.256483 44.308417 -8.584870 -5.632579 66.482089 0.000000 0.000000 0.000000 -17.495299 -1.660367 10.759544 10.236134 -0.181612 -2.027496 0.000000 0.000000 0.000000 18.510410 11.109879 -28.339284 0.000000 0.000000 0.000000
0.548214 0.971137 0.067928 0.000000 0.000000 0.000000 -21.897346 37.837882 37.646764 -21.241681 -43.782680 -26.756668 -25.753185 14.047015 9.105818 20.901308 -16.512051 55.121397 -0.408009 -16.271378 -2.853497 0.000000 0.000000 0.000000 29.028325 -8.996704 26.356769 5.970395 12.438575 -5.293118 -24.121203 20.546415 -2.895949 4.902306 11.264864 42.674912 0.393482 -8.263839 5.442724 0.000000 0.000000 0.000000 -4.065245 6.122267 -0.255143 -2.326500 -2.237722 -0.032006 0.000000 0.000000 0.000000 2.481479 -10.536419 -0.346325 1.489545 11.852217 -0.758691 -12.443844 6.116893 0.098429 0.000000 0.000000 0.000000 23.571217 -7.596746 60.755436 -79.871948 -19.945213 23.722527 -26.227752 13.906302 -55.263622 0.000000 0.000000 0.000000 24.640704 1.208173 5.527652 -6.103256 -0.304741 5.711521 0.000000 0.000000 0.000000 -9.615157 2.493797 60.981166 0.000000 0.000000 0.000000 -28.941173 14.680758 67.945702 58.988927 24.868206 42.591640 -8.146564 -5.321394 66.254965 0.000000 0.000000 0.000000 -17.174116 -1.675064 11.059119 10.079365 -0.184682 -2.093991 0.000000 0.000000 0.000000 18.567934 11.133645 -28.390064 0.000000 0.000000 0.000000
0.587728 0.970340 0.075795 0.000000 0.000000 0.000000 -20.406165 37.423239 36.735162 -22.137533 -43.016153 -26.712546 -25.324883 14.739058 9.479436 20.307557 -16.912029 53.214283 -0.411697 -15.964973 -2.935260 0.000000 0.000000 0.000000 27.933986 -9.342077 25.766025 6.781934 11.942348 -5.180926 -23.799956 21.248113 -3.058484 5.134066 10.082100 41.470496 0.382620 -8.304719 5.266590 0.000000 0.000000 0.000000 -3.959771 6.313435 -0.246797 -2.290771 -2.137048 -0.031338 0.000000 0.000000 0.000000 2.372125 -10.585210 -0.346166 1.474960 11.693123 -0.746456 -12.283618 6.274626 0.109185 0.000000 0.000000 0.000000 22.617449 -7.994738 59.421888 -80.275187 -19.234321 22.725089 -25.562662 13.695713 -55.791378 0.000000 0.000000 0.000000 24.399825 1.263440 5.838862 -6.144516 -0.303888 5.657319 0.000000 0.000000 0.000000 -9.930283 2.583241 60.902007 0.000000 0.000000 0.000000 -27.669790 15.073891 66.615714 59.984296 24.495727 41.224216 -7.841466 -5.097067 66.001644 0.000000 0.000000 0.000000 -16.931332 -1.672257 11.200380 9.956436 -0.184515 -2.118049 0.000000 0.000000 0.000000 18.584731 11.125387 -28.474056 0.000000 0.000000 0.000000
0.618131 0.971878 0.082038 0.000000 0.000000 0.000000 -19.317567 37.091666 36.053874 -22.831422 -42.524254 -26.738632 -25.003308 15.285801 9.773159 19.788129 -17.184482 51.644081 -0.410516 -15.663918 -2.983793 0.000000 0.000000 0.000000 27.101367 -9.603216 25.319973 7.368370 11.618167 -5.110334 -23.540208 21.812719 -3.192724 5.334715 8.982007 40.436491 0.370917 -8.302815 5.106898 0.000000 0.000000 0.000000 -3.860387 6.451841 -0.240080 -2.276357 -2.066964 -0.031317 0.000000 0.000000 0.000000 2.275211 -10.622438 -0.346035 1.453500 11.545149 -0.734871 -12.192846 6.379632 0.116429 0.000000 0.000000 0.000000 21.941756 -8.258654 58.470332 -80.569769 -18.752969 22.048058 -25.309854 13.642997 -56.094216 0.000000 0.000000 0.000000 24.124906 1.256191 5.873484 -6.159659 -0.304315 5.651309 0.000000 0.000000 0.000000 -10.238009 2.673275 60.801671 0.000000 0.000000 0.000000 -26.738704 15.351211 65.687234 60.664472 24.193900 40.235696 -7.701286 -4.973315 65.661011 0.000000 0.000000 0.000000 -16.711362 -1.644393 11.161069 9.842312 -0.182284 -2.116825 0.000000 0.000000 0.000000 18.571306 11.089510 -28.600642 0.000000 0.000000 0.000000
0.638505 0.972562 0.089461 0.000000 0.000000 0.000000 -18.664401 36.880567 35.638794 -23.258442 -42.288715 -26.797092 -24.847350 15.631616 9.966031 19.421326 -17.329848 50.591504 -0.410545 -15.457226 -3.024385 0.000000 0.000000 0.000000 26.633382 -9.762414 25.082914 7.656754 11.486545 -5.086679 -23.374552 22.177831 -3.280610 5.482910 8.126784 39.692104 0.364550 -8.345915 4.993362 0.000000 0.000000 0.000000 -3.797694 6.529899 -0.236144 -2.290807 -2.016635 -0.032265 0.000000 0.000000 0.000000 2.198472 -10.648867 -0.345940 1.410132 11.408331 -0.723506 -12.167384 6.435725 0.120718 0.000000 0.000000 0.000000 21.582649 -8.398856 57.989323 -80.741649 -18.544474 21.739972 -25.430384 13.776622 -56.329006 0.000000 0.000000 0.000000 23.971598 1.232488 5.800741 -6.181340 -0.307510 5.690512 0.000000 0.000000 0.000000 -10.446739 2.730186 60.779843 0.000000 0.000000 0.000000 -26.217218 15.504144 65.188663 60.923063 23.985778 39.717770 -7.751457 -5.001356 65.614885 0.000000 0.000000 0.000000 -16.604905 -1.621876 11.080303 9.762593 -0.176868 -2.070799 0.000000 0.000000 0.000000 18.479917 11.030908 -28.616299 0.000000 0.000000 0.000000
0.650667 0.971746 0.092157 0.000000 0.000000 0.000000 -18.368638 36.785339 35.454433 -23.451274 -42.327154 -26.920363 -24.931816 15.835620 10.113445 19.182415 -17.375064 49.964220 -0.412452 -15.329804 -3.063980 0.000000 0.000000 0.000000 26.476646 -9.869877 25.055144 7.701528 11.571842 -5.130070 -23.286150 22.419953 -3.335212 5.610497 7.397231 39.137922 0.363201 -8.434861 4.922332 0.000000 0.000000 0.000000 -3.766778 6.564385 -0.234311 -2.331453 -1.992452 -0.034005 0.000000 0.000000 0.000000 2.140253 -10.675897 -0.345981 1.352565 11.290462 -0.713217 -12.205549 6.460917 0.123697 0.000000 0.000000 0.000000 21.496708 -8.449281 57.952447 -80.800819 -18.588274 21.768739 -25.999192 14.162494 -56.568634 0.000000 0.000000 0.000000 23.948394 1.183693 5.576989 -6.186619 -0.313459 5.795457 0.000000 0.000000 0.000000 -10.594025 2.761401 60.855464 0.000000 0.000000 0.000000 -26.047681 15.572935 65.117731 60.806768 23.854217 39.595663 -8.026787 -5.199874 65.821851 0.000000 0.000000 0.000000 -16.588515 -1.598877 10.935000 9.699415 -0.169325 -1.995476 0.000000 0.000000 0.000000 18.330752 10.959533 -28.530052 0.000000 0.000000 0.000000
0.656768 0.972887 0.088933 0.000000 0.000000 0.000000 -18.288554 36.755711 35.399101 -23.513578 -42.472080 -27.049483 -25.046077 15.928428 10.195466 19.017398 -17.320872 49.632254 -0.409822 -15.205579 -3.069609 0.000000 0.000000 0.000000 26.485701 -9.903626 25.094650 7.615362 11.658535 -5.158225 -23.252285 22.596956 -3.369126 5.693855 6.897743 38.762867 0.360939 -8.493451 4.857880 0.000000 0.000000 0.000000 -3.767409 6.570085 -0.234227 -2.393769 -1.984860 -0.036439 0.000000 0.000000 0.000000 2.102434 -10.695334 -0.346047 1.286080 11.176438 -0.703079 -12.281474 6.443233 0.123787 0.000000 0.000000 0.000000 21.588505 -8.425219 58.126224 -80.829447 -18.749444 21.945392 -26.558746 14.466022 -56.538454 0.000000 0.000000 0.000000 23.952362 1.125120 5.300503 -6.173122 -0.317909 5.890448 0.000000 0.000000 0.000000 -10.619195 2.763591 60.899894 0.000000 0.000000 0.000000 -26.068000 15.595106 65.263989 60.431227 23.805399 39.793753 -8.466988 -5.491191 65.874903 0.000000 0.000000 0.000000 -16.621520 -1.568447 10.706601 9.638523 -0.158634 -1.881363 0.000000 0.000000 0.000000 18.078940 10.841293 -28.371128 0.000000 0.000000 0.000000
0.660960 0.975139 0.079816 0.000000 0.000000 0.000000 -18.313696 36.771372 35.425951 -23.514329 -42.679162 -27.189390 -25.227815 15.990935 10.271438 18.885695 -17.217389 49.438358 -0.404875 -15.073895 -3.059366 0.000000 0.000000 0.000000 26.593177 -9.895569 25.176120 7.472239 11.714950 -5.165830 -23.263386 22.813568 -3.399982 5.757133 6.486946 38.437026 0.357229 -8.521422 4.792182 0.000000 0.000000 0.000000 -3.799320 6.565462 -0.235522 -2.478128 -1.986788 -0.039646 0.000000 0.000000 0.000000 2.075725 -10.717046 -0.346209 1.199988 11.076970 -0.693585 -12.385420 6.411830 0.123239 0.000000 0.000000 0.000000 21.783118 -8.356939 58.421041 -80.890434 -18.988042 22.199422 -27.241785 14.816939 -56.437226 0.000000 0.000000 0.000000 24.062342 1.057700 4.959853 -6.167229 -0.323835 6.005783 0.000000 0.000000 0.000000 -10.535008 2.734294 60.973847 0.000000 0.000000 0.000000 -26.167261 15.604915 65.533689 59.879198 23.794479 40.185365 -9.012871 -5.860652 66.005721 0.000000 0.000000 0.000000 -16.705681 -1.541323 10.469010 9.589045 -0.147748 -1.761362 0.000000 0.000000 0.000000 17.787362 10.709682 -28.157075 0.000000 0.000000 0.000000
0.662568 0.973835 0.066517 0.000000 0.000000 0.000000 -18.507971 36.807517 35.507047 -23.387911 -42.941782 -27.301611 -25.401843 15.972986 10.293991 18.792896 -17.002969 49.471612 -0.401961 -15.055233 -3.041163 0.000000 0.000000 0.000000 26.751599 -9.839745 25.254642 7.286709 11.732754 -5.151039 -23.262241 22.860042 -3.407327 5.771262 6.348324 38.281669 0.360564 -8.602164 4.791360 0.000000 0.000000 0.000000 -3.875352 6.552109 -0.238665 -2.545325 -2.009211 -0.042089 0.000000 0.000000 0.000000 2.056739 -10.733231 -0.346341 1.164964 10.983534 -0.686015 -12.465818 6.359502 0.120295 0.000000 0.000000 0.000000 22.053404 -8.246057 58.765877 -80.907422 -19.270303 22.520553 -27.860755 15.098442 -56.231182 0.000000 0.000000 0.000000 24.158458 1.008902 4.711910 -6.155703 -0.327323 6.081728 0.000000 0.000000 0.000000 -10.411942 2.694756 61.050339 0.000000 0.000000 0.000000 -26.391987 15.568666 65.884293 59.312149 23.841769 40.687752 -9.513022 -6.190109 66.034460 0.000000 0.000000 0.000000 -16.687635 -1.505880 10.240699 9.535937 -0.138110 -1.655700 0.000000 0.000000 0.000000 17.586623 10.627091 -27.967713 0.000000 0.000000 0.000000
0.662045 0.975150 0.047848 0.000000 0.000000 0.000000 -18.794611 36.832495 35.584887 -23.152586 -43.220784 -27.368191 -25.561712 15.924411 10.293800 18.682874 -16.671490 49.605824 -0.401072 -15.115522 -3.022207 0.000000 0.000000 0.000000 26.911455 -9.738042 25.290696 7.082072 11.676082 -5.101153 -23.223155 22.803477 -3.406720 5.737586 6.439462 38.215691 0.368872 -8.707747 4.842037 0.000000 0.000000 0.000000 -3.987345 6.545732 -0.243050 -2.613191 -2.044134 -0.044523 0.000000 0.000000 0.000000 2.033126 -10.756511 -0.346556 1.151197 10.888803 -0.678955 -12.523001 6.305765 0.116687 0.000000 0.000000 0.000000 22.358771 -8.105408 59.094995 -80.904377 -19.604040 22.909006 -28.474876 15.334532 -55.898090 0.000000 0.000000 0.000000 24.283501 0.974130 4.525567 -6.141380 -0.329786 6.141698 0.000000 0.000000 0.000000 -10.213734 2.636392 61.121815 0.000000 0.000000 0.000000 -26.649259 15.514591 66.235604 58.746215 23.898284 41.211867 -9.964363 -6.477586 65.977426 0.000000 0.000000 0.000000 -16.583035 -1.466397 10.037018 9.477340 -0.129554 -1.562783 0.000000 0.000000 0.000000 17.436514 10.572706 -27.788077 0.000000 0.000000 0.000000
0.660971 0.976050 0.020965 0.000000 0.000000 0.000000 -19.124406 36.850831 35.659460 -22.875725 -43.484333 -27.401870 -25.653073 15.849582 10.262924 18.526893 -16.229053 49.765943 -0.399637 -15.268480 -2.980889 0.000000 0.000000 0.000000 27.023098 -9.628739 25.279193 6.893848 11.588346 -5.039944 -23.140637 22.654550 -3.400768 5.660239 6.708468 38.171242 0.380886 -8.832123 4.928957 0.000000 0.000000 0.000000 -4.123925 6.544759 -0.248264 -2.652727 -2.084615 -0.045868 0.000000 0.000000 0.000000 2.024245 -10.784340 -0.346904 1.160702 10.837226 -0.675547 -12.551594 6.243357 0.111691 0.000000 0.000000 0.000000 22.650376 -7.956214 59.348560 -80.950415 -19.941132 23.281595 -28.893221 15.428130 -55.469654 0.000000 0.000000 0.000000 24.368222 0.943707 4.368666 -6.134789 -0.332092 6.191187 0.000000 0.000000 0.000000 -10.070624 2.593586 61.182383 0.000000 0.000000 0.000000 -26.937965 15.432453 66.538759 58.321573 23.978190 41.671714 -10.344672 -6.705525 65.820885 0.000000 0.000000 0.000000 -16.504635 -1.426086 9.809224 9.449529 -0.123154 -1.489977 0.000000 0.000000 0.000000 17.362481 10.547977 -27.688377 0.000000 0.000000 0.000000
0.654927 0.977610 -0.012547 0.000000 0.000000 0.000000 -19.454746 36.839670 35.689793 -22.566516 -43.708313 -27.391245 -25.679578 15.788941 10.228531 18.298087 -15.657463 49.910108 -0.398904 -15.512513 -2.928074 0.000000 0.000000 0.000000 27.052740 -9.504977 25.185324 6.742827 11.414642 -4.946099 -22.996241 22.429430 -3.395350 5.532476 7.176320 38.140452 0.398297 -8.980366 5.068664 0.000000 0.000000 0.000000 -4.275316 6.574212 -0.253332 -2.678693 -2.135321 -0.046663 0.000000 0.000000 0.000000 2.015920 -10.831924 -0.347535 1.181715 10.818130 -0.674717 -12.540498 6.186741 0.106429 0.000000 0.000000 0.000000 22.887914 -7.815082 59.466974 -81.062645 -20.254532 23.599203 -29.091047 15.375458 -54.971529 0.000000 0.000000 0.000000 24.420609 0.932848 4.308903 -6.128817 -0.333658 6.226399 0.000000 0.000000 0.000000 -9.955681 2.557554 61.250158 0.000000 0.000000 0.000000 -27.203648 15.335494 66.723526 58.051757 24.060439 42.018334 -10.601911 -6.841194 65.579480 0.000000 0.000000 0.000000 -16.384723 -1.385274 9.600168 9.423596 -0.119311 -1.447487 0.000000 0.000000 0.000000 17.376179 10.564461 -27.649327 0.000000 0.000000 0.000000
0.646914 0.977016 -0.048036 0.000000 0.000000 0.000000 -19.823858 36.808721 35.695496 -22.166864 -43.888132 -27.303366 -25.583789 15.668906 10.131685 17.994901 -14.951288 50.042809 -0.398556 -15.867372 -2.859304 0.000000 0.000000 0.000000 27.032068 -9.363119 25.032049 6.546774 11.251607 -4.852220 -22.746362 22.053118 -3.386727 5.360092 7.809949 38.103662 0.418454 -9.144428 5.229031 0.000000 0.000000 0.000000 -4.421007 6.610505 -0.257939 -2.648641 -2.187353 -0.045239 0.000000 0.000000 0.000000 2.025889 -10.873680 -0.348151 1.256489 10.836122 -0.677863 -12.488944 6.126841 0.100139 0.000000 0.000000 0.000000 23.116269 -7.656795 59.473725 -81.265984 -20.544668 23.851316 -29.191358 15.275073 -54.493236 0.000000 0.000000 0.000000 24.440224 0.919590 4.244205 -6.140228 -0.335258 6.244574 0.000000 0.000000 0.000000 -9.917532 2.544222 61.287887 0.000000 0.000000 0.000000 -27.464446 15.226012 66.840757 57.967465 24.163041 42.253509 -10.733502 -6.894286 65.336714 0.000000 0.000000 0.000000 -16.277989 -1.347334 9.400188 9.450877 -0.119847 -1.449767 0.000000 0.000000 0.000000 17.528256 10.641404 -27.728059 0.000000 0.000000 0.000000
0.651672 0.966798 -0.082886 0.000000 0.000000 0.000000 -20.277466 36.762110 35.688995 -21.665793 -44.047340 -27.148447 -25.387235 15.507717 9.989166 17.583969 -14.031567 50.183196 -0.396399 -16.363626 -2.756495 0.000000 0.000000 0.000000 26.950149 -9.198101 24.805648 6.292131 11.079729 -4.748529 -22.377049 21.506317 -3.372498 5.119459 8.704070 38.073821 0.444324 -9.314891 5.449933 0.000000 0.000000 0.000000 -4.567725 6.669246 -0.261908 -2.572351 -2.254799 -0.041840 0.000000 0.000000 0.000000 2.071176 -10.915091 -0.348858 1.369150 10.880827 -0.683926 -12.404755 6.048788 0.091724 0.000000 0.000000 0.000000 23.353722 -7.469842 59.370088 -81.552043 -20.851863 24.086875 -29.165854 15.107572 -54.016891 0.000000 0.000000 0.000000 24.444343 0.908206 4.190982 -6.168208 -0.337469 6.257164 0.000000 0.000000 0.000000 -9.981713 2.559229 61.304401 0.000000 0.000000 0.000000 -27.759423 15.087064 66.903295 58.073003 24.299524 42.393641 -10.699669 -6.838388 65.077431 0.000000 0.000000 0.000000 -16.132128 -1.303056 9.175521 9.512973 -0.125645 -1.509936 0.000000 0.000000 0.000000 17.875296 10.799922 -27.983757 0.000000 0.000000 0.000000
0.679461 0.967860 -0.117327 0.000000 0.000000 0.000000 -20.755958 36.699437 35.660571 -21.041383 -44.165492 -26.902288 -25.113782 15.256556 9.774992 17.172321 -13.081148 50.372875 -0.394117 -16.908624 -2.651095 0.000000 0.000000 0.000000 26.866657 -9.002334 24.548437 6.024452 10.910318 -4.645406 -22.045386 20.903720 -3.338523 4.861649 9.674626 38.076156 0.470324 -9.486318 5.663791 0.000000 0.000000 0.000000 -4.703301 6.715929 -0.265648 -2.459689 -2.319661 -0.036872 0.000000 0.000000 0.000000 2.077034 -10.964400 -0.349537 1.525484 11.003405 -0.696974 -12.259750 6.001466 0.085049 0.000000 0.000000 0.000000 23.576499 -7.280289 59.198355 -81.888179 -21.166113 24.306923 -29.069234 14.878696 -53.463614 0.000000 0.000000 0.000000 24.402693 0.904652 4.181935 -6.173562 -0.337068 6.244327 0.000000 0.000000 0.000000 -9.981548 2.556736 61.330748 0.000000 0.000000 0.000000 -28.022746 14.951985 66.906081 58.399036 24.430501 42.349174 -10.556407 -6.697405 64.697514 0.000000 0.000000 0.000000 -16.016832 -1.270578 9.012743 9.606845 -0.133376 -1.587098 0.000000 0.000000 0.000000 18.247373 10.967631 -28.258862 0.000000 0.000000 0.000000
0.729574 0.968351 -0.152485 0.000000 0.000000 0.000000 -21.218393 36.609963 35.586895 -20.337464 -44.193813 -26.557471 -24.728972 14.951357 9.507682 16.694019 -12.029254 50.535708 -0.390122 -17.526037 -2.530434 0.000000 0.000000 0.000000 26.705265 -8.801361 24.222331 5.801672 10.704965 -4.532970 -21.693893 20.219098 -3.291115 4.560695 10.796895 38.067211 0.496773 -9.630616 5.891859 0.000000 0.000000 0.000000 -4.825166 6.770359 -0.268562 -2.295816 -2.392954 -0.029580 0.000000 0.000000 0.000000 2.063857 -11.032245 -0.350424 1.736114 11.212178 -0.718415 -12.041789 5.996682 0.080864 0.000000 0.000000 0.000000 23.726784 -7.109269 58.859668 -82.283285 -21.422109 24.433196 -28.801720 14.569028 -52.930737 0.000000 0.000000 0.000000 24.324422 0.911496 4.227508 -6.154971 -0.334050 6.207214 0.000000 0.000000 0.000000 -10.010961 2.560829 61.368031 0.000000 0.000000 0.000000 -28.185900 14.844732 66.790545 58.996112 24.523254 42.030214 -10.271268 -6.452930 64.194370 0.000000 0.000000 0.000000 -15.924173 -1.241018 8.855575 9.745895 -0.146001 -1.712405 0.000000 0.000000 0.000000 18.708131 11.165515 -28.630722 0.000000 0.000000 0.000000
0.792619 0.969918 -0.190769 0.000000 0.000000 0.000000 -21.489399 36.444134 35.364386 -19.598770 -44.097619 -26.117651 -24.275007 14.667046 9.244542 16.182576 -10.984127 50.609401 -0.383502 -18.163518 -2.398835 0.000000 0.000000 0.000000 26.473093 -8.586637 23.825919 5.619424 10.455143 -4.407087 -21.261237 19.536537 -3.254257 4.263748 11.879552 38.004206 0.522462 -9.762813 6.111827 0.000000 0.000000 0.000000 -4.907877 6.828768 -0.269852 -2.123257 -2.451463 -0.021846 0.000000 0.000000 0.000000 2.011549 -11.126450 -0.351648 2.005454 11.464490 -0.745846 -11.745060 6.027742 0.078282 0.000000 0.000000 0.000000 23.761809 -6.985581 58.349878 -82.770346 -21.599545 24.430165 -28.308729 14.120626 -52.312021 0.000000 0.000000 0.000000 24.190126 0.928649 4.331612 -6.113358 -0.328381 6.143598 0.000000 0.000000 0.000000 -9.972043 2.549764 61.379478 0.000000 0.000000 0.000000 -28.206398 14.765216 66.446344 59.688431 24.577582 41.580885 -9.989920 -6.187411 63.465011 0.000000 0.000000 0.000000 -15.909694 -1.219997 8.714144 9.913732 -0.157374 -1.814370 0.000000 0.000000 0.000000 19.101554 11.327700 -28.966114 0.000000 0.000000 0.000000
0.849235 0.967502 -0.224531 0.000000 0.000000 0.000000 -21.681770 36.247465 35.080766 -18.760066 -43.928432 -25.585636 -23.807949 14.346685 8.960058 15.643261 -9.908271 50.657695 -0.373718 -18.847798 -2.251338 0.000000 0.000000 0.000000 26.176416 -8.386327 23.392538 5.511138 10.203258 -4.289086 -20.786836 18.808434 -3.211494 3.959399 12.989461 37.945399 0.542235 -9.820896 6.305053 0.000000 0.000000 0.000000 -4.969842 6.877316 -0.270620 -1.922177 -2.506834 -0.012750 0.000000 0.000000 0.000000 1.911174 -11.251436 -0.353410 2.356912 11.818260 -0.785500 -11.343188 6.106552 0.077414 0.000000 0.000000 0.000000 23.687691 -6.910920 57.706562 -83.235641 -21.729715 24.382157 -27.688851 13.585767 -51.592547 0.000000 0.000000 0.000000 24.025984 0.960373 4.510942 -6.048662 -0.319237 6.036739 0.000000 0.000000 0.000000 -9.882463 2.527395 61.372492 0.000000 0.000000 0.000000 -28.110417 14.717559 65.965105 60.518357 24.538940 40.888594 -9.710889 -5.902706 62.509236 0.000000 0.000000 0.000000 -15.941915 -1.199490 8.550724 10.113244 -0.169431 -1.914630 0.000000 0.000000 0.000000 19.506637 11.500728 -29.272811 0.000000 0.000000 0.000000
0.893306 0.965823 -0.247595 0.000000 0.000000 0.000000 -21.585521 35.912706 34.541832 -18.017566 -43.513510 -24.957169 -23.161071 14.121626 8.708479 15.042265 -8.800471 50.579550 -0.358999 -19.532801 -2.085448 0.000000 0.000000 0.000000 25.754009 -8.135657 22.812175 5.452837 9.789160 -4.108437 -20.233450 18.169845 -3.191660 3.612368 14.219740 37.755699 0.567224 -9.900001 6.542154 0.000000 0.000000 0.000000 -5.003647 6.947892 -0.269702 -1.750710 -2.571152 -0.004628 0.000000 0.000000 0.000000 1.836155 -11.403957 -0.355796 2.725859 12.127200 -0.824253 -10.915571 6.177286 0.074901 0.000000 0.000000 0.000000 23.553674 -6.823987 56.795457 -83.854474 -21.834152 24.241626 -26.800677 12.892549 -50.745532 0.000000 0.000000 0.000000 23.784459 0.972305 4.614634 -5.970920 -0.311157 5.960829 0.000000 0.000000 0.000000 -9.722379 2.495674 61.268638 0.000000 0.000000 0.000000 -27.856452 14.676144 65.126657 61.350556 24.587410 40.344685 -9.333437 -5.534489 61.261505 0.000000 0.000000 0.000000 -16.117562 -1.185735 8.360028 10.306208 -0.181051 -2.007414 0.000000 0.000000 0.000000 19.683073 11.512994 -29.677291 0.000000 0.000000 0.000000
0.932655 0.960289 -0.270052 0.000000 0.000000 0.000000 -21.040788 35.399309 33.678935 -17.431913 -42.785857 -24.226185 -22.426735 14.087361 8.563386 14.283312 -7.615731 50.134280 -0.348472 -20.293481 -1.946930 0.000000 0.000000 0.000000 25.013777 -7.891813 21.991560 5.664018 9.105046 -3.840042 -19.654372 17.732888 -3.206778 3.255660 15.412535 37.203357 0.598358 -10.019418 6.817942 0.000000 0.000000 0.000000 -5.032955 7.079345 -0.266755 -1.543621 -2.628538 0.005150 0.000000 0.000000 0.000000 1.728661 -11.596520 -0.359141 3.187275 12.464851 -0.871293 -10.377631 6.302954 0.073557 0.000000 0.000000 0.000000 23.090526 -6.849840 55.371900 -84.789305 -21.694940 23.707366 -25.590136 12.090307 -50.000328 0.000000 0.000000 0.000000 23.555729 1.027064 4.922885 -5.891431 -0.300036 5.825718 0.000000 0.000000 0.000000 -9.538196 2.444793 61.306850 0.000000 0.000000 0.000000 -27.211884 14.700259 63.699498 62.606516 24.624009 39.488157 -8.721969 -5.036083 59.940488 0.000000 0.000000 0.000000 -16.307079 -1.189992 8.291474 10.507554 -0.197566 -2.148289 0.000000 0.000000 0.000000 19.974332 11.556209 -30.233987 0.000000 0.000000 0.000000
0.970487 0.961670 -0.291032 0.000000 0.000000 0.000000 -19.846757 34.635043 32.398925 -17.218073 -41.667564 -23.451030 -21.500710 14.399530 8.596155 13.358086 -6.558788 48.904073 -0.357193 -20.951936 -1.931586 0.000000 0.000000 0.000000 23.827336 -7.687647 20.874415 6.215001 8.179864 -3.495127 -18.903267 17.542137 -3.291420 2.968471 16.297463 36.226781 0.618554 -10.066084 7.014748 0.000000 0.000000 0.000000 -4.940961 7.291948 -0.257455 -1.330063 -2.668573 0.015143 0.000000 0.000000 0.000000 1.529117 -11.878925 -0.364957 3.685185 12.817100 -0.924110 -9.703132 6.551536 0.076035 0.000000 0.000000 0.000000 22.177188 -7.004046 53.243300 -85.918270 -21.146778 22.670472 -23.977415 11.161066 -49.416695 0.000000 0.000000 0.000000 23.314619 1.094603 5.301916 -5.858425 -0.289409 5.651372 0.000000 0.000000 0.000000 -9.404433 2.419517 61.202358 0.000000 0.000000 0.000000 -25.962329 14.824152 61.498350 64.170895 24.528161 38.245608 -7.913722 -4.443341 58.572756 0.000000 0.000000 0.000000 -16.449407 -1.187208 8.199835 10.636685 -0.215656 -2.316329 0.000000 0.000000 0.000000 20.160735 11.494028 -30.969444 0.000000 0.000000 0.000000
1.012954 0.962273 -0.308959 0.000000 0.000000 0.000000 -18.117874 33.602340 30.758338 -17.279302 -40.216475 -22.613141 -20.438266 15.040022 8.793573 12.254026 -5.530556 46.912713 -0.386871 -21.563508 -2.031359 0.000000 0.000000 0.000000 22.249643 -7.473706 19.477339 7.113810 6.976381 -3.044703 -18.041460 17.690435 -3.458512 2.747880 16.890008 34.764135 0.626077 -10.014866 7.136249 0.000000 0.000000 0.000000 -4.769804 7.587094 -0.243855 -1.108287 -2.709190 0.025662 0.000000 0.000000 0.000000 1.291744 -12.258949 -0.374095 4.230230 13.217572 -0.987084 -8.915449 6.909840 0.079100 0.000000 0.000000 0.000000 20.834939 -7.234659 50.443227 -87.231434 -20.175302 21.152491 -21.963552 10.087880 -48.915719 0.000000 0.000000 0.000000 23.095081 1.184216 5.791257 -5.833315 -0.278345 5.459053 0.000000 0.000000 0.000000 -9.263921 2.397494 61.037042 0.000000 0.000000 0.000000 -24.185975 14.954353 58.527150 65.978630 24.337828 36.752128 -7.052586 -3.838232 57.069969 0.000000 0.000000 0.000000 -16.649338 -1.182757 8.070056 10.718488 -0.232247 -2.475334 0.000000 0.000000 0.000000 20.185509 11.312509 -31.814480 0.000000 0.000000 0.000000
1.059576 0.960922 -0.326695 0.000000 0.000000 0.000000 -16.276593 32.370996 28.951536 -17.341906 -38.610008 -21.687208 -19.273128 15.705529 8.973227 11.175071 -4.563620 44.729222 -0.436667 -22.138256 -2.231803 0.000000 0.000000 0.000000 20.523183 -7.146181 17.905881 8.071470 5.661666 -2.526614 -17.055066 17.863591 -3.653873 2.572054 17.317033 33.054994 0.633645 -10.009847 7.225916 0.000000 0.000000 0.000000 -4.541116 7.905110 -0.229035 -0.874305 -2.739197 0.036673 0.000000 0.000000 0.000000 0.963279 -12.638510 -0.385981 4.831695 13.493510 -1.043894 -8.034408 7.223884 0.072376 0.000000 0.000000 0.000000 19.355424 -7.378754 47.226400 -88.635381 -18.912033 19.359387 -19.862158 9.007116 -48.441918 0.000000 0.000000 0.000000 22.695290 1.274764 6.345841 -5.836361 -0.267574 5.245363 0.000000 0.000000 0.000000 -9.263945 2.415267 60.831479 0.000000 0.000000 0.000000 -22.235217 14.955526 55.109488 68.017817 24.010449 34.985913 -6.075534 -3.202656 55.558991 0.000000 0.000000 0.000000 -16.814696 -1.160693 7.841237 10.761366 -0.250619 -2.660377 0.000000 0.000000 0.000000 20.146232 11.051443 -32.855701 0.000000 0.000000 0.000000
1.108779 0.952864 -0.346273 0.000000 0.000000 0.000000 -14.326623 30.903468 26.969601 -17.369602 -36.845465 -20.657598 -18.011450 16.427568 9.151499 10.071953 -3.595607 42.258135 -0.510548 -22.703913 -2.542637 0.000000 0.000000 0.000000 18.669993 -6.680678 16.168245 9.108818 4.198041 -1.918652 -15.995395 18.144138 -3.888493 2.440806 17.545525 31.035878 0.638771 -9.998760 7.292311 0.000000 0.000000 0.000000 -4.240784 8.247955 -0.213245 -0.633386 -2.761444 0.047948 0.000000 0.000000 0.000000 0.555891 -13.034599 -0.401813 5.488913 13.694662 -1.098379 -7.045489 7.501256 0.055988 0.000000 0.000000 0.000000 17.721746 -7.409359 43.547539 -90.131165 -17.276307 17.237396 -17.536521 7.843804 -47.928486 0.000000 0.000000 0.000000 22.151854 1.365473 6.967116 -5.861556 -0.256097 4.999087 0.000000 0.000000 0.000000 -9.396570 2.478451 60.507204 0.000000 0.000000 0.000000 -20.119492 14.770758 51.171478 70.270048 23.535029 32.979981 -5.143424 -2.616300 53.899001 0.000000 0.000000 0.000000 -16.974306 -1.113693 7.453049 10.731188 -0.265160 -2.822633 0.000000 0.000000 0.000000 19.949042 10.685407 -33.995918 0.000000 0.000000 0.000000
1.158015 0.955104 -0.369622 0.000000 0.000000 0.000000 -12.562813 29.281584 24.947876 -17.246913 -35.051734 -19.557140 -16.679949 17.087953 9.264982 8.935128 -2.466064 39.690078 -0.604058 -23.278601 -2.931915 0.000000 0.000000 0.000000 16.808509 -5.993234 14.285049 10.105622 2.647707 -1.237790 -14.816784 18.319248 -4.125462 2.302035 17.817586 28.782855 0.632597 -9.938317 7.266037 0.000000 0.000000 0.000000 -3.908486 8.591227 -0.198616 -0.374442 -2.797646 0.060472 0.000000 0.000000 0.000000 0.101502 -13.406775 -0.420726 6.148464 13.859883 -1.151252 -6.020017 7.700421 0.031110 0.000000 0.000000 0.000000 16.131893 -7.254734 39.620565 -91.547585 -15.363523 14.958751 -15.244992 6.714876 -47.341884 0.000000 0.000000 0.000000 21.530041 1.452845 7.630536 -5.901000 -0.244392 4.738954 0.000000 0.000000 0.000000 -9.610172 2.565512 60.168225 0.000000 0.000000 0.000000 -18.065724 14.357310 46.971958 72.701171 22.950555 30.842433 -4.180703 -2.046842 52.156798 0.000000 0.000000 0.000000 -17.187550 -1.057484 6.988949 10.702308 -0.280811 -2.997270 0.000000 0.000000 0.000000 19.589498 10.218872 -35.237770 0.000000 0.000000 0.000000
1.199058 0.954347 -0.393160 0.000000 0.000000 0.000000 -11.033665 27.479675 22.850218 -16.865841 -33.264831 -18.375366 -15.269046 17.679363 9.309722 7.736289 -1.109914 36.952443 -0.722835 -23.919667 -3.411470 0.000000 0.000000 0.000000 14.968333 -5.032303 12.239904 10.987322 1.060471 -0.505685 -13.459168 18.307567 -4.352771 2.153174 18.150091 26.162875 0.622754 -9.873235 7.200549 0.000000 0.000000 0.000000 -3.510879 8.931066 -0.184942 -0.075912 -2.852168 0.075461 0.000000 0.000000 0.000000 -0.389408 -13.788450 -0.443862 6.826823 14.010968 -1.205442 -4.938017 7.831383 -0.000779 0.000000 0.000000 0.000000 14.624571 -6.877818 35.364107 -92.920729 -13.158154 12.509252 -12.878310 5.561968 -46.574544 0.000000 0.000000 0.000000 20.749800 1.534183 8.365390 -5.919434 -0.230190 4.449937 0.000000 0.000000 0.000000 -9.880322 2.675308 59.764931 0.000000 0.000000 0.000000 -16.140726 13.658931 42.394969 75.451007 22.238772 28.510361 -3.248771 -1.520583 50.154556 0.000000 0.000000 0.000000 -17.485075 -0.977293 6.348730 10.624614 -0.291677 -3.136084 0.000000 0.000000 0.000000 18.919060 9.585371 -36.575644 0.000000 0.000000 0.000000
1.229223 0.951940 -0.414796 0.000000 0.000000 0.000000 -9.730845 25.472894 20.644516 -16.330363 -31.353244 -17.090904 -13.623925 18.180273 9.246037 6.447323 0.629337 34.076867 -0.870405 -24.718810 -3.970734 0.000000 0.000000 0.000000 13.233864 -3.736051 10.039117 11.739018 -0.749810 0.363599 -11.947146 18.324298 -4.614671 2.000681 18.555486 23.185243 0.625323 -9.951707 7.173021 0.000000 0.000000 0.000000 -3.034653 9.257588 -0.172716 0.207172 -2.935973 0.090885 0.000000 0.000000 0.000000 -1.000364 -14.103552 -0.470793 7.512915 14.092913 -1.253063 -3.811288 7.871981 -0.037802 0.000000 0.000000 0.000000 13.263781 -6.230011 30.671776 -94.311168 -10.748363 9.972666 -10.587289 4.465713 -45.643855 0.000000 0.000000 0.000000 19.906757 1.572648 8.943924 -5.924002 -0.217214 4.196079 0.000000 0.000000 0.000000 -10.118509 2.783169 59.311860 0.000000 0.000000 0.000000 -14.363440 12.678482 37.466948 78.486695 21.246558 25.864504 -2.333318 -1.041754 48.113820 0.000000 0.000000 0.000000 -17.875137 -0.913186 5.801734 10.541059 -0.308437 -3.342605 0.000000 0.000000 0.000000 18.133030 8.914981 -37.927247 0.000000 0.000000 0.000000
1.256273 0.957159 -0.428883 0.000000 0.000000 0.000000 -8.742102 23.321209 18.379168 -15.565394 -29.385093 -15.730613 -11.785962 18.563862 9.071980 5.080485 2.743510 30.924192 -1.071919 -25.627563 -4.710305 0.000000 0.000000 0.000000 11.655602 -2.103203 7.710067 12.345162 -2.765820 1.359508 -10.301908 18.337670 -4.900764 1.854559 19.013885 19.759552 0.621606 -10.022511 7.080000 0.000000 0.000000 0.000000 -2.498113 9.573984 -0.162640 0.485055 -3.040529 0.107141 0.000000 0.000000 0.000000 -1.714199 -14.376821 -0.502147 8.247604 14.159456 -1.302379 -2.624653 7.812675 -0.077847 0.000000 0.000000 0.000000 12.091581 -5.317767 25.575421 -95.611000 -7.930695 7.191772 -8.164718 3.346909 -44.523068 0.000000 0.000000 0.000000 18.955796 1.572484 9.398574 -5.937023 -0.203043 3.913947 0.000000 0.000000 0.000000 -10.411891 2.930579 58.635739 0.000000 0.000000 0.000000 -12.824443 11.397229 32.171078 81.769932 19.889729 22.897343 -1.642445 -0.694218 45.822707 0.000000 0.000000 0.000000 -18.493337 -0.840390 5.158682 10.412239 -0.321732 -3.529952 0.000000 0.000000 0.000000 16.931387 8.081398 -39.220900 0.000000 0.000000 0.000000
1.286116 0.957045 -0.431145 0.000000 0.000000 0.000000 -8.132629 20.939232 15.926249 -14.543739 -27.221530 -14.229627 -9.742676 18.839008 8.795548 3.666549 5.381005 27.692747 -1.332925 -26.722881 -5.607558 0.000000 0.000000 0.000000 10.290053 -0.050788 5.203206 12.804506 -5.109329 2.537809 -8.456059 18.271210 -5.201192 1.711163 19.705792 15.795045 0.634819 -10.309648 7.028195 0.000000 0.000000 0.000000 -1.910498 9.865933 -0.155196 0.762516 -3.174926 0.124910 0.000000 0.000000 0.000000 -2.472168 -14.542782 -0.532533 8.889532 14.156932 -1.337665 -1.436316 7.639247 -0.115729 0.000000 0.000000 0.000000 11.260455 -4.049256 19.809299 -96.947450 -4.779005 4.232545 -5.880090 2.331111 -43.221791 0.000000 0.000000 0.000000 18.085286 1.600000 10.028544 -5.950118 -0.188214 3.620296 0.000000 0.000000 0.000000 -10.561317 3.018767 58.175505 0.000000 0.000000 0.000000 -11.545482 9.758698 26.284041 85.397543 17.975225 19.452732 -0.946843 -0.378687 43.596785 0.000000 0.000000 0.000000 -18.970595 -0.799284 4.781172 10.303139 -0.336153 -3.727306 0.000000 0.000000 0.000000 15.749025 7.330607 -40.296458 0.000000 0.000000 0.000000
1.312242 0.954883 -0.413601 0.000000 0.000000 0.000000 -7.928879 18.328628 13.253898 -13.283838 -24.907918 -12.644765 -7.495775 19.094969 8.464349 2.172202 8.677777 24.054873 -1.696115 -27.957694 -6.805945 0.000000 0.000000 0.000000 9.145951 2.446253 2.479528 13.182955 -7.824109 3.921130 -6.364366 18.227572 -5.552012 1.605106 20.531389 10.869616 0.647864 -10.706903 6.905333 0.000000 0.000000 0.000000 -1.261419 10.167168 -0.150440 1.048244 -3.342933 0.144982 0.000000 0.000000 0.000000 -3.313401 -14.635054 -0.563218 9.518238 14.148925 -1.371432 -0.191869 7.376286 -0.149934 0.000000 0.000000 0.000000 10.812542 -2.416074 13.182794 -98.110245 -1.006839 0.873538 -3.628449 1.386477 -41.814091 0.000000 0.000000 0.000000 17.173994 1.632172 10.777664 -5.973276 -0.173983 3.333728 0.000000 0.000000 0.000000 -10.766885 3.114141 57.819308 0.000000 0.000000 0.000000 -10.621772 7.719196 19.637009 89.217948 15.193377 15.399697 -0.448892 -0.169677 41.412037 0.000000 0.000000 0.000000 -19.528669 -0.743462 4.318235 10.210089 -0.348681 -3.901513 0.000000 0.000000 0.000000 14.418379 6.562967 -41.233113 0.000000 0.000000 0.000000
1.333957 0.957073 -0.374405 0.000000 0.000000 0.000000 -8.102472 15.506046 10.349796 -11.866477 -22.277139 -10.938393 -5.028638 19.210635 8.025228 0.839841 12.070997 20.047714 -2.161856 -29.061520 -8.327103 0.000000 0.000000 0.000000 8.290437 5.319176 -0.404187 13.479908 -10.831980 5.469537 -3.982448 18.154320 -5.946310 1.566082 21.061649 5.454445 0.651163 -11.305485 6.571568 0.000000 0.000000 0.000000 -0.539160 10.394928 -0.148208 1.304839 -3.511341 0.164409 0.000000 0.000000 0.000000 -4.140180 -14.630844 -0.588149 9.978760 14.018683 -1.377292 0.961010 6.984806 -0.172119 0.000000 0.000000 0.000000 10.813524 -0.510650 5.820966 -98.692256 3.276719 -2.814038 -1.391379 0.512832 -40.464003 0.000000 0.000000 0.000000 16.173404 1.675924 11.754715 -5.985164 -0.156833 2.999305 0.000000 0.000000 0.000000 -11.030580 3.216243 57.576379 0.000000 0.000000 0.000000 -10.013759 5.340011 12.302300 92.608646 11.469298 10.961825 0.057551 0.020868 39.862086 0.000000 0.000000 0.000000 -19.852786 -0.825739 4.715854 9.977374 -0.365467 -4.184975 0.000000 0.000000 0.000000 13.247407 5.988866 -41.499459 0.000000 0.000000 0.000000
1.351658 0.952650 -0.317207 0.000000 0.000000 0.000000 -8.710964 12.563596 7.243062 -10.281215 -19.483189 -9.212670 -2.489771 19.324513 7.573894 -0.337182 15.784309 15.632865 -2.744458 -30.000406 -10.217110 0.000000 0.000000 0.000000 7.782677 8.518008 -3.431474 13.724468 -14.168233 7.203500 -1.336847 18.154959 -6.416133 1.551614 21.246488 -0.759392 0.628839 -12.001223 5.977020 0.000000 0.000000 0.000000 0.246910 10.625860 -0.148819 1.550851 -3.695598 0.184685 0.000000 0.000000 0.000000 -4.946882 -14.536927 -0.605518 10.314795 13.781754 -1.358972 2.035482 6.478038 -0.180130 0.000000 0.000000 0.000000 11.346300 1.570264 -2.231189 -98.501989 8.089661 -6.973236 0.792015 -0.285626 -39.661383 0.000000 0.000000 0.000000 15.149776 1.744737 13.064173 -6.047196 -0.142380 2.695031 0.000000 0.000000 0.000000 -11.539906 3.348520 57.732913 0.000000 0.000000 0.000000 -9.890960 2.700878 4.372568 95.196967 6.840320 6.247635 0.452210 0.161884 39.392945 0.000000 0.000000 0.000000 -19.984107 -0.999116 5.666388 9.699265 -0.388666 -4.578483 0.000000 0.000000 0.000000 12.633661 5.740983 -41.263133 0.000000 0.000000 0.000000
1.360432 0.955870 -0.265401 0.000000 0.000000 0.000000 -9.597074 9.568818 4.001328 -8.805785 -16.408833 -7.485012 0.229920 19.409517 7.079309 -1.118778 18.854916 10.450968 -3.280290 -30.061080 -12.173495 0.000000 0.000000 0.000000 7.580465 11.936355 -6.591428 14.132254 -17.715600 9.105911 1.451475 18.198492 -6.935985 1.417765 20.457070 -7.090749 0.553287 -12.520819 5.040346 0.000000 0.000000 0.000000 1.062604 10.725863 -0.149554 1.760132 -3.860601 0.202915 0.000000 0.000000 0.000000 -5.738725 -14.321880 -0.610922 10.547389 13.502099 -1.327362 3.050554 5.884163 -0.173413 0.000000 0.000000 0.000000 12.225211 3.621935 -10.595116 -96.720440 12.870134 -11.452700 2.691426 -0.951118 -38.919810 0.000000 0.000000 0.000000 13.947637 1.754705 14.271979 -6.125014 -0.126019 2.355082 0.000000 0.000000 0.000000 -12.564409 3.662932 57.606846 0.000000 0.000000 0.000000 -10.162966 -0.023901 -3.834457 96.308809 1.680753 1.505196 1.319730 0.474946 39.584280 0.000000 0.000000 0.000000 -19.406457 -1.184609 6.919722 9.363671 -0.406326 -4.958421 0.000000 0.000000 0.000000 12.813691 5.862749 -40.971444 0.000000 0.000000 0.000000
1.367720 0.963171 -0.226989 0.000000 0.000000 0.000000 -10.797609 6.587781 0.629824 -7.436615 -13.149541 -5.797795 3.108585 19.542099 6.574815 -1.553207 21.520015 4.509315 -3.665257 -29.314573 -13.949153 0.000000 0.000000 0.000000 7.778101 15.576848 -9.928132 14.646439 -21.482882 11.195293 4.469210 18.301826 -7.535133 1.000799 18.774725 -13.669261 0.433165 -12.890096 3.833127 0.000000 0.000000 0.000000 1.959147 10.753394 -0.149425 1.946365 -4.025371 0.220447 0.000000 0.000000 0.000000 -6.506534 -14.022756 -0.605009 10.660772 13.174563 -1.281443 3.990555 5.226344 -0.151720 0.000000 0.000000 0.000000 13.452104 5.550353 -19.151766 -93.537465 17.090224 -16.080154 4.056926 -1.428696 -38.787544 0.000000 0.000000 0.000000 12.751363 1.723866 15.336653 -6.233781 -0.113330 2.080985 0.000000 0.000000 0.000000 -13.912505 4.086506 57.401285 0.000000 0.000000 0.000000 -10.924766 -2.705822 -12.206860 95.827667 -3.573311 -3.227361 2.563963 0.947251 40.547938 0.000000 0.000000 0.000000 -18.359886 -1.320721 8.159051 8.923987 -0.419980 -5.378060 0.000000 0.000000 0.000000 13.846654 6.353693 -40.870258 0.000000 0.000000 0.000000
1.374551 0.965079 -0.187378 0.000000 0.000000 0.000000 -12.345348 3.812032 -2.755932 -6.189583 -9.854830 -4.210875 5.903888 19.628883 6.073034 -1.625678 23.206886 -1.690228 -3.837538 -28.096411 -15.251578 0.000000 0.000000 0.000000 8.412627 19.189357 -13.283639 15.234573 -25.223789 13.352939 7.586055 18.332115 -8.138722 0.192003 16.356649 -19.953875 0.294392 -13.137382 2.556175 0.000000 0.000000 0.000000 2.820918 10.646185 -0.144456 2.117810 -4.148765 0.235757 0.000000 0.000000 0.000000 -7.213267 -13.604168 -0.582004 10.671167 12.807031 -1.224100 4.829236 4.499770 -0.114363 0.000000 0.000000 0.000000 15.108501 7.157181 -27.351762 -89.610708 20.349032 -20.484837 5.140134 -1.826838 -39.109912 0.000000 0.000000 0.000000 11.562534 1.619251 15.891637 -6.367101 -0.103928 1.868352 0.000000 0.000000 0.000000 -15.289307 4.600257 56.679965 0.000000 0.000000 0.000000 -12.184260 -5.060556 -20.196588 94.095453 -8.297921 -7.726823 4.231922 1.608189 41.600159 0.000000 0.000000 0.000000 -17.152464 -1.366438 9.042186 8.573306 -0.431392 -5.750450 0.000000 0.000000 0.000000 15.128148 6.897347 -41.180586 0.000000 0.000000 0.000000
1.379180 0.956182 -0.148910 0.000000 0.000000 0.000000 -14.147552 1.325997 -6.079175 -5.077756 -6.664722 -2.768501 8.647120 19.759179 5.596452 -1.491929 24.107343 -8.154925 -3.818431 -26.656783 -16.018235 0.000000 0.000000 0.000000 9.496506 22.722688 -16.686856 15.829212 -28.941749 15.571321 10.858525 18.306137 -8.761552 -1.111013 13.261290 -26.069834 0.159209 -13.203771 1.375542 0.000000 0.000000 0.000000 3.668910 10.409892 -0.131837 2.306205 -4.232126 0.250511 0.000000 0.000000 0.000000 -7.788137 -13.072011 -0.539800 10.566010 12.438757 -1.162009 5.539555 3.741915 -0.064460 0.000000 0.000000 0.000000 16.871110 8.409459 -34.990446 -85.247209 22.506510 -24.399268 5.711855 -2.077688 -39.951259 0.000000 0.000000 0.000000 10.614338 1.489315 15.930003 -6.455602 -0.096738 1.715219 0.000000 0.000000 0.000000 -16.434361 5.123018 55.574843 0.000000 0.000000 0.000000 -13.782970 -6.993034 -27.626359 91.345747 -12.159436 -11.879183 6.045988 2.355293 42.537571 0.000000 0.000000 0.000000 -15.698373 -1.317597 9.536009 8.156995 -0.427552 -5.990773 0.000000 0.000000 0.000000 16.689134 7.532692 -41.658536 0.000000 0.000000 0.000000
1.384353 0.954040 -0.098955 0.000000 0.000000 0.000000 -16.033138 -0.810260 -9.214348 -4.181199 -3.634345 -1.475473 11.014494 19.704185 5.140534 -1.310201 24.308653 -14.001333 -3.510318 -24.778845 -15.882420 0.000000 0.000000 0.000000 10.895160 25.751751 -19.762931 16.393863 -32.177463 17.580126 13.617469 18.068233 -9.187076 -2.647717 10.274375 -31.361358 0.050150 -12.850529 0.445322 0.000000 0.000000 0.000000 4.422213 10.126200 -0.113696 2.480121 -4.230941 0.260520 0.000000 0.000000 0.000000 -8.315509 -12.519102 -0.489407 10.332045 12.090380 -1.099030 6.065208 3.006683 -0.008528 0.000000 0.000000 0.000000 18.952569 9.138561 -41.479575 -81.390421 24.053019 -27.826883 6.485370 -2.412362 -40.772896 0.000000 0.000000 0.000000 9.893711 1.353103 15.537825 -6.611692 -0.089753 1.553744 0.000000 0.000000 0.000000 -17.284564 5.646166 54.049631 0.000000 0.000000 0.000000 -15.427252 -8.457744 -34.122838 88.307808 -14.986921 -15.430883 7.729922 3.081136 43.413993 0.000000 0.000000 0.000000 -14.917984 -1.241216 9.459228 7.796941 -0.418193 -6.130862 0.000000 0.000000 0.000000 17.887564 7.928206 -42.470153 0.000000 0.000000 0.000000
1.377870 0.960492 -0.036012 0.000000 0.000000 0.000000 -17.989208 -2.415821 -11.983889 -3.387612 -1.054544 -0.419532 13.109538 19.614572 4.732860 -1.176492 24.040426 -19.207455 -3.201511 -23.212568 -15.496757 0.000000 0.000000 0.000000 12.678272 28.411306 -22.641927 16.793835 -35.065347 19.384998 16.040412 17.610605 -9.424873 -4.400598 7.405471 -36.307687 -0.032149 -12.429897 -0.295222 0.000000 0.000000 0.000000 5.112307 9.734299 -0.085890 2.692689 -4.198924 0.271186 0.000000 0.000000 0.000000 -8.623015 -11.876731 -0.422655 9.937009 11.804296 -1.041528 6.356137 2.270507 0.050586 0.000000 0.000000 0.000000 21.042988 9.479242 -47.011799 -78.051441 25.241129 -30.884988 7.003308 -2.664020 -41.612512 0.000000 0.000000 0.000000 9.144595 1.183312 14.715770 -6.739873 -0.083457 1.417235 0.000000 0.000000 0.000000 -17.976626 6.168686 52.376163 0.000000 0.000000 0.000000 -17.201120 -9.412707 -39.670428 85.603942 -17.165756 -18.513186 9.314008 3.754977 43.840651 0.000000 0.000000 0.000000 -14.336303 -1.188637 9.430271 7.451027 -0.409913 -6.288991 0.000000 0.000000 0.000000 18.809041 8.159619 -43.402825 0.000000 0.000000 0.000000
1.361756 0.960260 0.032867 0.000000 0.000000 0.000000 -19.874204 -3.563546 -14.355582 -2.773621 1.110021 0.434729 14.982681 19.376437 4.338092 -1.041114 24.067495 -23.757659 -2.919925 -21.758127 -15.107990 0.000000 0.000000 0.000000 14.603410 30.596927 -25.202633 16.897071 -37.617827 20.910955 18.182886 17.001928 -9.507985 -6.061160 5.204382 -40.769175 -0.087705 -11.960201 -0.837239 0.000000 0.000000 0.000000 5.708407 9.336571 -0.054187 2.869220 -4.168761 0.279767 0.000000 0.000000 0.000000 -8.914073 -11.276347 -0.357191 9.654423 11.572504 -0.997686 6.576300 1.574973 0.108674 0.000000 0.000000 0.000000 22.981366 9.533974 -51.587209 -75.069152 26.142797 -33.630322 7.473261 -2.880838 -42.115459 0.000000 0.000000 0.000000 8.651203 1.041621 13.705468 -6.796118 -0.075454 1.270702 0.000000 0.000000 0.000000 -18.300283 6.578002 50.729325 0.000000 0.000000 0.000000 -18.881882 -9.999679 -44.327326 83.046548 -18.798500 -21.178501 10.466884 4.215617 43.782317 0.000000 0.000000 0.000000 -14.232875 -1.141803 9.126508 7.182027 -0.398763 -6.347587 0.000000 0.000000 0.000000 19.071968 8.107846 -44.251196 0.000000 0.000000 0.000000
1.348789 0.963994 0.089714 0.000000 0.000000 0.000000 -21.184115 -4.419051 -16.110089 -2.636617 2.772840 1.082285 16.403563 19.164957 4.039216 -0.934421 24.080280 -27.306559 -2.672420 -20.541543 -14.670143 0.000000 0.000000 0.000000 16.129713 32.142909 -27.163091 17.008216 -39.520708 22.077802 19.769886 16.543139 -9.551370 -7.529177 3.375739 -44.091826 -0.112332 -11.420909 -1.123315 0.000000 0.000000 0.000000 6.184520 8.989296 -0.023821 3.054957 -4.076903 0.285428 0.000000 0.000000 0.000000 -9.083438 -10.740354 -0.296615 9.424517 11.397765 -0.964927 6.681671 1.056390 0.152174 0.000000 0.000000 0.000000 24.194503 9.524781 -54.677662 -72.833029 26.591718 -35.524133 7.541108 -2.930440 -42.424344 0.000000 0.000000 0.000000 8.305471 0.900766 12.358317 -6.821450 -0.071609 1.201465 0.000000 0.000000 0.000000 -18.451068 6.932082 49.098687 0.000000 0.000000 0.000000 -19.851197 -10.437878 -47.490847 80.870040 -19.679396 -23.010020 11.137043 4.443030 43.393652 0.000000 0.000000 0.000000 -14.329532 -1.083146 8.600665 6.941735 -0.384768 -6.337391 0.000000 0.000000 0.000000 18.876262 7.874617 -45.016765 0.000000 0.000000 0.000000
1.334310 0.966503 0.136301 0.000000 0.000000 0.000000 -21.862706 -5.067796 -17.238704 -2.900250 3.863776 1.518584 17.508679 19.322708 3.877354 -0.938287 23.720262 -29.705005 -2.458649 -19.524463 -14.218982 0.000000 0.000000 0.000000 16.907119 33.081078 -28.419873 17.355386 -40.716791 22.946616 20.916695 16.367906 -9.668410 -8.680064 1.914653 -46.197740 -0.117951 -10.767933 -1.251482 0.000000 0.000000 0.000000 6.552104 8.759670 -0.001159 3.224169 -3.995197 0.290438 0.000000 0.000000 0.000000 -9.230675 -10.385758 -0.255432 9.246159 11.322903 -0.948743 6.728374 0.747572 0.178063 0.000000 0.000000 0.000000 24.672571 9.602271 -56.564447 -71.302233 26.732250 -36.656332 7.573721 -2.958698 -42.628552 0.000000 0.000000 0.000000 8.168245 0.800660 11.177952 -6.846063 -0.069312 1.158752 0.000000 0.000000 0.000000 -18.489076 7.181354 47.832795 0.000000 0.000000 0.000000 -20.314463 -10.784262 -49.477863 79.069323 -20.089957 -24.226040 11.344031 4.466966 42.878294 0.000000 0.000000 0.000000 -15.000237 -1.058737 8.028846 6.848270 -0.374823 -6.258203 0.000000 0.000000 0.000000 18.224205 7.522456 -45.424925 0.000000 0.000000 0.000000
1.331303 0.964061 0.162780 0.000000 0.000000 0.000000 -22.188705 -5.550637 -17.954341 -3.394086 4.540251 1.807309 18.451233 19.712232 3.787238 -0.962313 23.410241 -31.446219 -2.306705 -18.718580 -13.928272 0.000000 0.000000 0.000000 17.251031 33.644852 -29.194270 17.725619 -41.486974 23.582642 21.812119 16.287803 -9.792685 -9.592495 0.829499 -47.820514 -0.116211 -10.113124 -1.313307 0.000000 0.000000 0.000000 6.860923 8.592418 0.017110 3.399331 -3.906788 0.295151 0.000000 0.000000 0.000000 -9.363623 -10.138017 -0.225833 9.126189 11.303414 -0.942394 6.682572 0.555732 0.191981 0.000000 0.000000 0.000000 24.662811 9.778865 -57.720206 -70.099763 26.748421 -37.445632 7.554217 -2.943751 -42.532385 0.000000 0.000000 0.000000 8.005457 0.699064 9.965168 -6.837369 -0.068701 1.149988 0.000000 0.000000 0.000000 -18.552879 7.413338 46.729999 0.000000 0.000000 0.000000 -20.475983 -11.082970 -50.732148 77.562921 -20.266645 -25.081308 11.067357 4.264109 42.040114 0.000000 0.000000 0.000000 -16.044847 -1.041955 7.382870 6.789148 -0.361464 -6.088165 0.000000 0.000000 0.000000 17.171694 7.055509 -45.578019 0.000000 0.000000 0.000000
1.333327 0.967855 0.178529 0.000000 0.000000 0.000000 -22.276053 -5.887251 -18.350759 -3.965489 4.836059 1.953171 19.118951 20.216129 3.762914 -0.995069 23.152522 -32.657474 -2.172838 -17.967045 -13.680619 0.000000 0.000000 0.000000 17.289536 33.939597 -29.599379 18.142706 -41.882062 24.021021 22.418482 16.292500 -9.912939 -10.236506 0.044899 -48.827731 -0.113168 -9.478918 -1.364911 0.000000 0.000000 0.000000 7.091539 8.494153 0.029302 3.548093 -3.825132 0.298556 0.000000 0.000000 0.000000 -9.462051 -9.968916 -0.205214 9.029165 11.322881 -0.942280 6.664708 0.462984 0.198789 0.000000 0.000000 0.000000 24.427822 9.969036 -58.272807 -69.330877 26.656208 -37.820858 7.422702 -2.877791 -42.336823 0.000000 0.000000 0.000000 8.033188 0.640380 9.100811 -6.874632 -0.068639 1.142713 0.000000 0.000000 0.000000 -18.511946 7.540968 45.964078 0.000000 0.000000 0.000000 -20.404208 -11.348291 -51.407626 76.403886 -20.214686 -25.525565 10.595278 4.019441 41.456798 0.000000 0.000000 0.000000 -16.840245 -1.031307 6.958689 6.763124 -0.349134 -5.903501 0.000000 0.000000 0.000000 16.267028 6.711598 -45.384967 0.000000 0.000000 0.000000
1.346119 0.957793 0.191083 0.000000 0.000000 0.000000 -22.235598 -6.096226 -18.526053 -4.519568 4.823696 1.975358 19.581815 20.854194 3.796304 -1.021419 22.964473 -33.610250 -2.055006 -17.280963 -13.462628 0.000000 0.000000 0.000000 17.130288 34.051028 -29.745950 18.459598 -42.037493 24.268459 22.928206 16.314336 -10.025733 -10.648901 -0.409427 -49.536741 -0.112206 -8.783607 -1.460901 0.000000 0.000000 0.000000 7.260550 8.459995 0.035526 3.706966 -3.750935 0.302741 0.000000 0.000000 0.000000 -9.549078 -9.886569 -0.194593 8.952757 11.382201 -0.948367 6.644562 0.458945 0.198476 0.000000 0.000000 0.000000 24.061970 10.158138 -58.413517 -68.701429 26.539170 -38.074676 7.216644 -2.780965 -42.105459 0.000000 0.000000 0.000000 8.128502 0.604836 8.496836 -6.895671 -0.068495 1.136839 0.000000 0.000000 0.000000 -18.437727 7.616379 45.400986 0.000000 0.000000 0.000000 -20.248919 -11.557545 -51.734729 75.576871 -20.008899 -25.635192 9.998292 3.740498 40.940848 0.000000 0.000000 0.000000 -17.435544 -1.045595 6.811004 6.756344 -0.338135 -5.723579 0.000000 0.000000 0.000000 15.471058 6.461314 -44.870455 0.000000 0.000000 0.000000
