HIERARCHY
ROOT Hips
{
	OFFSET 0.000000 0.000000 0.000000
	CHANNELS 6 Xposition Yposition Zposition Zrotation Xrotation Yrotation
	JOINT LHipJoint
	{
		OFFSET 0.000000 0.000000 0.000000
		CHANNELS 3 Zrotation Xrotation Yrotation
		JOINT LeftUpLeg
		{
			OFFSET 0.076937 -0.101296 0.047373
			CHANNELS 3 Zrotation Xrotation Yrotation
			JOINT LeftLeg
			{
				OFFSET 0.138181 -0.379650 0.000000
				CHANNELS 3 Zrotation Xrotation Yrotation
				JOINT LeftFoot
				{
					OFFSET 0.144621 -0.397343 0.000000
					CHANNELS 3 Zrotation Xrotation Yrotation
					JOINT LeftToeBase
					{
						OFFSET 0.008898 -0.024446 0.131094
						CHANNELS 3 Zrotation Xrotation Yrotation
						JOINT End_Site
						{
							OFFSET 0.000000 -0.000000 0.067149
							CHANNELS 3 Zrotation Xrotation Yrotation
							End Site
							{
								OFFSET 0.000000 -0.000000 0.020145
							}
						}
					}
				}
			}
		}
	}
	JOINT RHipJoint
	{
		OFFSET 0.000000 0.000000 0.000000
		CHANNELS 3 Zrotation Xrotation Yrotation
		JOINT RightUpLeg
		{
			OFFSET -0.073689 -0.101296 0.047373
			CHANNELS 3 Zrotation Xrotation Yrotation
			JOINT RightLeg
			{
				OFFSET -0.143511 -0.394292 0.000000
				CHANNELS 3 Zrotation Xrotation Yrotation
				JOINT RightFoot
				{
					OFFSET -0.144963 -0.398282 0.000000
					CHANNELS 3 Zrotation Xrotation Yrotation
					JOINT RightToeBase
					{
						OFFSET -0.009298 -0.025546 0.133386
						CHANNELS 3 Zrotation Xrotation Yrotation
						JOINT End_Site
						{
							OFFSET -0.000000 -0.000000 0.068344
							CHANNELS 3 Zrotation Xrotation Yrotation
							End Site
							{
								OFFSET -0.000000 -0.000000 0.020503
							}
						}
					}
				}
			}
		}
	}
	JOINT LowerBack
	{
		OFFSET 0.000000 0.000000 0.000000
		CHANNELS 3 Zrotation Xrotation Yrotation
		JOINT Spine
		{
			OFFSET 0.001596 0.114897 -0.010915
			CHANNELS 3 Zrotation Xrotation Yrotation
			JOINT Spine1
			{
				OFFSET 0.003202 0.115645 -0.002413
				CHANNELS 3 Zrotation Xrotation Yrotation
				JOINT Neck
				{
					OFFSET 0.000000 0.000000 0.000000
					CHANNELS 3 Zrotation Xrotation Yrotation
					JOINT Neck1
					{
						OFFSET -0.003058 0.098565 0.009709
						CHANNELS 3 Zrotation Xrotation Yrotation
						JOINT Head
						{
							OFFSET 0.005874 0.099418 -0.006997
							CHANNELS 3 Zrotation Xrotation Yrotation
							JOINT End_Site
							{
								OFFSET 0.002100 0.099931 -0.003523
								CHANNELS 3 Zrotation Xrotation Yrotation
								End Site
								{
									OFFSET 0.000630 0.029979 -0.001057
								}
							}
						}
					}
				}
				JOINT LeftShoulder
				{
					OFFSET 0.000000 0.000000 0.000000
					CHANNELS 3 Zrotation Xrotation Yrotation
					JOINT LeftArm
					{
						OFFSET 0.189788 0.067783 -0.017566
						CHANNELS 3 Zrotation Xrotation Yrotation
						JOINT LeftForeArm
						{
							OFFSET 0.281260 -0.000000 -0.000000
							CHANNELS 3 Zrotation Xrotation Yrotation
							JOINT LeftHand
							{
								OFFSET 0.196626 -0.000000 -0.000000
								CHANNELS 3 Zrotation Xrotation Yrotation
								JOINT LeftFingerBase
								{
									OFFSET 0.000000 0.000000 0.000000
									CHANNELS 3 Zrotation Xrotation Yrotation
									JOINT LeftHandIndex1
									{
										OFFSET 0.040372 -0.000000 -0.000000
										CHANNELS 3 Zrotation Xrotation Yrotation
										JOINT End_Site
										{
											OFFSET 0.032549 -0.000000 -0.000000
											CHANNELS 3 Zrotation Xrotation Yrotation
											End Site
											{
												OFFSET 0.009765 -0.000000 -0.000000
											}
										}
									}
								}
								JOINT LThumb
								{
									OFFSET 0.000000 0.000000 0.000000
									CHANNELS 3 Zrotation Xrotation Yrotation
									JOINT End_Site
									{
										OFFSET 0.033046 -0.000000 0.033046
										CHANNELS 3 Zrotation Xrotation Yrotation
										End Site
										{
											OFFSET 0.009914 -0.000000 0.009914
										}
									}
								}
							}
						}
					}
				}
				JOINT RightShoulder
				{
					OFFSET 0.000000 0.000000 0.000000
					CHANNELS 3 Zrotation Xrotation Yrotation
					JOINT RightArm
					{
						OFFSET -0.177042 0.077557 -0.022840
						CHANNELS 3 Zrotation Xrotation Yrotation
						JOINT RightForeArm
						{
							OFFSET -0.295874 -0.000000 -0.000000
							CHANNELS 3 Zrotation Xrotation Yrotation
							JOINT RightHand
							{
								OFFSET -0.194403 -0.000000 -0.000000
								CHANNELS 3 Zrotation Xrotation Yrotation
								JOINT RightFingerBase
								{
									OFFSET 0.000000 0.000000 0.000000
									CHANNELS 3 Zrotation Xrotation Yrotation
									JOINT RightHandIndex1
									{
										OFFSET -0.035138 -0.000000 -0.000000
										CHANNELS 3 Zrotation Xrotation Yrotation
										JOINT End_Site
										{
											OFFSET -0.028329 -0.000000 -0.000000
											CHANNELS 3 Zrotation Xrotation Yrotation
											End Site
											{
												OFFSET -0.008499 -0.000000 -0.000000
											}
										}
									}
								}
								JOINT RThumb
								{
									OFFSET 0.000000 0.000000 0.000000
									CHANNELS 3 Zrotation Xrotation Yrotation
									JOINT End_Site
									{
										OFFSET -0.028762 -0.000000 0.028762
										CHANNELS 3 Zrotation Xrotation Yrotation
										End Site
										{
											OFFSET -0.008628 -0.000000 0.008628
										}
									}
								}
							}
						}
					}
				}
			}
		}
	}
}
MOTION
Frames: 160
Frame Time: 0.03333333
0.000119 0.953337 -0.000001 -0.000000 0.000000 -0.000000 -4.987868 -10.359450 -10.547899 -9.805516 -16.414807 -7.661575 -1.725335 36.343215 14.260799 -1.315343 0.734138 -7.040977 -0.701155 -15.186304 -5.256086 -0.000000 0.000000 -0.000000 0.210608 15.386612 -11.919406 16.637852 -23.325110 12.693552 21.964279 30.569964 -18.637439 -9.295536 -16.568393 -24.176663 0.001203 0.303735 -0.453985 -0.000000 0.000000 -0.000000 10.410095 9.539443 -0.012236 4.523829 0.192930 0.081571 -0.000000 0.000000 -0.000000 -6.461902 -13.816470 -0.585213 6.549721 10.308886 -0.747989 3.222213 4.979574 -0.131504 -0.000000 0.000000 -0.000000 1.833084 10.060042 -29.295688 -24.706675 10.157934 -44.176023 19.711466 -7.169810 -39.660033 -0.000000 0.000000 -0.000000 11.394763 1.995780 19.806773 -6.873503 0.173697 -2.891695 -0.000000 0.000000 -0.000000 -9.271265 4.627494 37.025523 -0.000000 0.000000 -0.000000 0.725404 -11.098428 -23.746867 71.139559 -0.136107 -0.190325 -5.883881 -2.458726 45.328075 -0.000000 0.000000 -0.000000 -23.046386 -1.705419 8.350870 6.843480 -0.128461 -2.148217 -0.000000 0.000000 -0.000000 10.561192 5.919525 -31.554037 -0.000000 0.000000 -0.000000
0.014605 0.951490 -0.006283 0.000000 0.000000 0.000000 -4.977559 -10.330520 -10.519749 -10.343632 -16.617412 -7.852469 -0.756035 36.283685 13.878916 -1.351141 1.265533 -7.219884 -0.693093 -15.069950 -5.236263 0.000000 0.000000 0.000000 0.246488 15.597523 -12.086662 16.889704 -22.859274 12.500188 21.848666 30.573629 -18.597900 -9.372148 -17.011075 -24.057577 0.002350 0.598132 -0.450245 0.000000 0.000000 0.000000 10.612831 9.576576 -0.013881 4.528576 0.164775 0.083557 0.000000 0.000000 0.000000 -6.333800 -13.839397 -0.584290 6.352575 10.163124 -0.726890 3.068052 5.057558 -0.133973 0.000000 0.000000 0.000000 1.649845 10.082352 -29.257751 -23.467106 9.798602 -44.851792 20.164495 -7.214789 -39.045409 0.000000 0.000000 0.000000 11.093689 1.923367 19.613255 -6.750269 0.170475 -2.890001 0.000000 0.000000 0.000000 -8.932897 4.462338 36.981818 0.000000 0.000000 0.000000 0.777362 -11.025640 -23.556026 71.389033 0.587322 0.817504 -6.451445 -2.692296 45.267641 0.000000 0.000000 0.000000 -23.940568 -1.780758 8.384904 7.008335 -0.136769 -2.233200 0.000000 0.000000 0.000000 10.047101 5.629978 -31.557148 0.000000 0.000000 0.000000
0.035287 0.956054 -0.019608 0.000000 0.000000 0.000000 -4.803125 -10.041376 -10.194672 -11.162548 -16.918908 -8.145008 0.139903 36.163869 13.503132 -1.383841 1.630919 -7.395367 -0.709673 -15.170002 -5.325626 0.000000 0.000000 0.000000 0.261103 15.795014 -12.248843 17.352144 -22.413379 12.369287 21.581860 30.762600 -18.619441 -9.405468 -17.481626 -23.799821 0.002232 0.632660 -0.404300 0.000000 0.000000 0.000000 10.774255 9.863353 -0.043589 4.534915 0.130643 0.085979 0.000000 0.000000 0.000000 -6.265852 -13.886027 -0.586838 6.255615 9.936340 -0.698694 2.970617 5.158435 -0.137859 0.000000 0.000000 0.000000 1.456504 9.979688 -28.853533 -22.529193 9.620534 -45.808327 20.661558 -7.328979 -38.717091 0.000000 0.000000 0.000000 10.620732 1.826442 19.462142 -6.581826 0.167632 -2.914689 0.000000 0.000000 0.000000 -8.706726 4.338930 37.088213 0.000000 0.000000 0.000000 0.951905 -10.802439 -22.960512 71.853000 1.906539 2.630998 -7.360000 -3.059362 45.096549 0.000000 0.000000 0.000000 -24.858871 -1.889954 8.559818 7.213336 -0.147002 -2.331879 0.000000 0.000000 0.000000 9.560530 5.366413 -31.466070 0.000000 0.000000 0.000000
0.065288 0.955806 -0.040476 0.000000 0.000000 0.000000 -4.440650 -9.588458 -9.632950 -12.354021 -17.245783 -8.526200 1.093922 35.977748 13.084721 -1.406164 1.893393 -7.518498 -0.739360 -15.359724 -5.478832 0.000000 0.000000 0.000000 0.233987 15.937950 -12.376412 17.973835 -21.930556 12.253375 21.241390 31.106824 -18.709650 -9.426712 -18.049994 -23.443623 0.001577 0.536902 -0.336501 0.000000 0.000000 0.000000 10.945244 10.279480 -0.088547 4.531471 0.121056 0.086556 0.000000 0.000000 0.000000 -6.235796 -13.916406 -0.588810 6.239076 9.603706 -0.659858 2.934849 5.307906 -0.144513 0.000000 0.000000 0.000000 1.167785 9.794194 -28.164796 -21.529468 9.451173 -46.998484 21.125505 -7.478645 -38.629939 0.000000 0.000000 0.000000 10.083705 1.717655 19.286345 -6.401362 0.163676 -2.926302 0.000000 0.000000 0.000000 -8.443752 4.187265 37.308607 0.000000 0.000000 0.000000 1.213944 -10.435863 -22.007342 72.209567 3.826308 5.244543 -8.679718 -3.581291 44.778358 0.000000 0.000000 0.000000 -26.002878 -2.006150 8.672885 7.446123 -0.152749 -2.347083 0.000000 0.000000 0.000000 8.957342 5.049160 -31.249217 0.000000 0.000000 0.000000
0.096421 0.957820 -0.066001 0.000000 0.000000 0.000000 -4.091863 -8.989606 -8.973103 -13.482571 -17.667205 -8.954568 1.945229 35.735829 12.687527 -1.458121 2.131056 -7.822228 -0.773171 -15.537386 -5.662784 0.000000 0.000000 0.000000 0.295653 16.169896 -12.556036 18.598629 -21.633282 12.239235 20.873353 31.512133 -18.825277 -9.449457 -18.572571 -23.132901 0.000718 0.292374 -0.281278 0.000000 0.000000 0.000000 11.145582 10.855843 -0.153030 4.531514 0.032145 0.092541 0.000000 0.000000 0.000000 -6.179365 -14.108525 -0.604359 6.189499 9.296995 -0.623776 2.838536 5.436502 -0.149357 0.000000 0.000000 0.000000 0.941545 9.562386 -27.385031 -20.706074 9.394672 -48.434056 21.926880 -7.719725 -38.405065 0.000000 0.000000 0.000000 9.384080 1.592302 19.219530 -6.273348 0.160248 -2.923600 0.000000 0.000000 0.000000 -8.483973 4.184621 37.554359 0.000000 0.000000 0.000000 1.426050 -10.036311 -21.030252 72.708894 6.280591 8.525769 -10.272613 -4.202204 44.406170 0.000000 0.000000 0.000000 -27.092978 -2.202523 9.123287 7.683831 -0.159437 -2.373836 0.000000 0.000000 0.000000 8.407569 4.778903 -30.831662 0.000000 0.000000 0.000000
0.116244 0.961235 -0.089545 0.000000 0.000000 0.000000 -3.712494 -8.157053 -8.122896 -14.724936 -18.198491 -9.476403 2.781641 35.436759 12.280372 -1.537307 2.377359 -8.297948 -0.824834 -15.826748 -5.928889 0.000000 0.000000 0.000000 0.411239 16.498323 -12.804584 19.340171 -21.476995 12.332864 20.425340 31.990530 -18.953193 -9.466087 -19.102579 -22.807784 -0.000192 -0.107493 -0.204431 0.000000 0.000000 0.000000 11.356374 11.649839 -0.245004 4.516801 -0.124057 0.102730 0.000000 0.000000 0.000000 -6.145959 -14.438759 -0.632491 6.185912 8.966614 -0.585666 2.736148 5.569345 -0.154096 0.000000 0.000000 0.000000 0.755480 9.254730 -26.416927 -19.977419 9.426742 -50.171985 23.103208 -8.091123 -38.174675 0.000000 0.000000 0.000000 8.487546 1.441293 19.241622 -6.205379 0.158090 -2.915889 0.000000 0.000000 0.000000 -8.804913 4.311155 37.892226 0.000000 0.000000 0.000000 1.628942 -9.551029 -19.888880 72.946153 9.502625 12.830351 -12.231210 -4.961124 44.029234 0.000000 0.000000 0.000000 -28.161512 -2.495310 9.925065 7.977370 -0.166903 -2.393268 0.000000 0.000000 0.000000 7.867830 4.534658 -30.137721 0.000000 0.000000 0.000000
0.124971 0.965534 -0.106435 0.000000 0.000000 0.000000 -3.175243 -7.258921 -7.136698 -16.038198 -18.641039 -9.982691 3.512129 35.039196 11.881279 -1.627264 2.517402 -8.847324 -0.873859 -16.062624 -6.187370 0.000000 0.000000 0.000000 0.501988 16.692909 -12.947120 20.060708 -21.252102 12.379344 19.938748 32.543689 -19.108180 -9.463857 -19.622295 -22.446859 -0.000459 -0.548652 -0.095789 0.000000 0.000000 0.000000 11.583715 12.484826 -0.345345 4.472894 -0.307211 0.113995 0.000000 0.000000 0.000000 -6.026580 -14.895993 -0.668763 6.160036 8.659467 -0.550157 2.537941 5.744495 -0.159033 0.000000 0.000000 0.000000 0.465849 8.850546 -25.137707 -19.483020 9.590702 -52.084758 24.287873 -8.445615 -37.877107 0.000000 0.000000 0.000000 7.571242 1.287396 19.273504 -6.128200 0.157396 -2.939705 0.000000 0.000000 0.000000 -9.226238 4.492413 38.149974 0.000000 0.000000 0.000000 1.818599 -8.930840 -18.484130 72.735441 13.303367 17.997687 -14.433037 -5.729247 43.126052 0.000000 0.000000 0.000000 -29.277708 -2.766642 10.563884 8.209990 -0.166489 -2.319484 0.000000 0.000000 0.000000 7.179449 4.194176 -29.456808 0.000000 0.000000 0.000000
0.126074 0.970655 -0.113811 0.000000 0.000000 0.000000 -2.547147 -6.198281 -5.985683 -17.430888 -19.084399 -10.523153 4.225860 34.535640 11.457954 -1.744353 2.716526 -9.575726 -0.934213 -16.295557 -6.518217 0.000000 0.000000 0.000000 0.632792 16.841361 -13.040901 20.792775 -21.065884 12.449391 19.402845 33.132485 -19.260969 -9.443627 -20.079841 -22.087454 0.000211 -1.110668 0.021817 0.000000 0.000000 0.000000 11.855162 13.408229 -0.461126 4.404505 -0.569075 0.129710 0.000000 0.000000 0.000000 -5.842474 -15.560379 -0.719418 6.152747 8.417122 -0.522306 2.254051 5.976566 -0.164277 0.000000 0.000000 0.000000 0.134340 8.346874 -23.579356 -19.162341 9.897043 -54.309915 25.729024 -8.868510 -37.510385 0.000000 0.000000 0.000000 6.571799 1.121719 19.352332 -6.095017 0.158106 -2.969065 0.000000 0.000000 0.000000 -9.844056 4.766310 38.413962 0.000000 0.000000 0.000000 1.905621 -8.175812 -16.871675 71.573011 17.729302 24.416297 -16.877227 -6.485434 41.803370 0.000000 0.000000 0.000000 -30.410560 -3.029028 11.112249 8.409548 -0.159855 -2.174078 0.000000 0.000000 0.000000 6.274811 3.723061 -28.668371 0.000000 0.000000 0.000000
0.121009 0.973948 -0.112327 0.000000 0.000000 0.000000 -1.627727 -5.222268 -4.751864 -18.934110 -19.304074 -10.977723 4.671694 33.991045 11.118532 -1.841313 2.654603 -10.165019 -0.985821 -16.526047 -6.780464 0.000000 0.000000 0.000000 0.702219 16.714058 -12.914371 21.395936 -20.766422 12.417131 18.826748 33.716306 -19.389573 -9.434537 -20.685302 -21.668582 0.002036 -1.592752 0.146442 0.000000 0.000000 0.000000 12.225029 14.170890 -0.564866 4.295048 -0.784629 0.140931 0.000000 0.000000 0.000000 -5.581747 -16.192268 -0.761844 6.124853 8.107257 -0.486751 1.890201 6.206310 -0.166755 0.000000 0.000000 0.000000 -0.407427 7.751604 -21.718376 -19.071860 10.315458 -56.500241 26.980756 -9.263660 -37.320780 0.000000 0.000000 0.000000 5.563560 0.949431 19.354165 -6.049206 0.159660 -3.020970 0.000000 0.000000 0.000000 -10.436860 5.037224 38.567877 0.000000 0.000000 0.000000 1.968682 -7.269837 -14.955723 68.720107 22.345085 32.226329 -19.479993 -7.080939 39.643262 0.000000 0.000000 0.000000 -31.599367 -3.151243 11.104408 8.575295 -0.140632 -1.875591 0.000000 0.000000 0.000000 5.193304 3.123690 -27.969655 0.000000 0.000000 0.000000
0.108401 0.966476 -0.105868 0.000000 0.000000 0.000000 -0.482611 -4.214139 -3.397038 -20.515231 -19.323527 -11.343467 4.951480 33.366011 10.811799 -1.953440 2.491020 -10.828337 -1.038210 -16.818767 -7.014202 0.000000 0.000000 0.000000 0.837098 16.412439 -12.621695 21.857703 -20.404133 12.308878 18.157811 34.238149 -19.439151 -9.478911 -21.420583 -21.316696 0.004470 -2.046520 0.250291 0.000000 0.000000 0.000000 12.741618 14.841579 -0.667527 4.135215 -0.999170 0.150178 0.000000 0.000000 0.000000 -5.205220 -16.888421 -0.800710 6.073599 7.696353 -0.439925 1.404806 6.439925 -0.165339 0.000000 0.000000 0.000000 -1.035829 7.035683 -19.551843 -19.252667 10.924638 -58.828171 28.334999 -9.734411 -37.281444 0.000000 0.000000 0.000000 4.361210 0.742517 19.315593 -5.969242 0.160336 -3.074446 0.000000 0.000000 0.000000 -11.150751 5.369565 38.683195 0.000000 0.000000 0.000000 1.946639 -6.221835 -12.781234 63.413730 26.812482 42.194830 -22.140983 -7.427088 36.703957 0.000000 0.000000 0.000000 -32.786702 -3.133401 10.623065 8.688348 -0.106677 -1.404201 0.000000 0.000000 0.000000 3.833138 2.341426 -27.175593 0.000000 0.000000 0.000000
0.087489 0.966041 -0.093321 0.000000 0.000000 0.000000 0.645489 -3.267552 -2.124484 -21.980061 -19.172016 -11.584203 5.316043 32.649895 10.451635 -2.066623 2.531810 -11.523133 -1.094842 -17.143184 -7.254175 0.000000 0.000000 0.000000 1.027312 16.086396 -12.293031 22.093930 -20.078775 12.166265 17.536119 34.538767 -19.372015 -9.559579 -22.061332 -21.125575 0.006128 -2.384295 0.294490 0.000000 0.000000 0.000000 13.369822 15.323253 -0.755802 4.007832 -1.223922 0.160488 0.000000 0.000000 0.000000 -4.846897 -17.525441 -0.831446 6.070724 7.347564 -0.400263 0.935211 6.622800 -0.160811 0.000000 0.000000 0.000000 -1.714624 6.296779 -17.379718 -19.499245 11.558189 -60.997634 29.507562 -10.207974 -37.469941 0.000000 0.000000 0.000000 3.347611 0.570606 19.341165 -5.941875 0.162052 -3.121675 0.000000 0.000000 0.000000 -11.825592 5.682660 38.790190 0.000000 0.000000 0.000000 1.749423 -5.139968 -10.605658 55.811510 29.662597 53.129271 -24.233679 -7.465988 33.808756 0.000000 0.000000 0.000000 -33.709729 -2.865323 9.438240 8.670470 -0.062674 -0.826728 0.000000 0.000000 0.000000 2.370351 1.459910 -26.746314 0.000000 0.000000 0.000000
0.055930 0.966453 -0.077440 0.000000 0.000000 0.000000 1.837884 -2.329725 -0.854208 -23.344837 -18.904196 -11.728736 5.644711 31.894428 10.095871 -2.185301 2.744667 -12.292039 -1.157797 -17.530093 -7.498747 0.000000 0.000000 0.000000 1.291583 15.674421 -11.869747 22.099525 -19.726149 11.951183 16.888380 34.679875 -19.199591 -9.707851 -22.744944 -21.083180 0.007113 -2.648324 0.307706 0.000000 0.000000 0.000000 14.138128 15.609861 -0.828179 3.873945 -1.450499 0.170191 0.000000 0.000000 0.000000 -4.460464 -18.149380 -0.855416 6.109984 6.993333 -0.359647 0.415187 6.761186 -0.152448 0.000000 0.000000 0.000000 -2.395870 5.458622 -15.017765 -19.970087 12.327904 -63.051961 30.521642 -10.711164 -37.925401 0.000000 0.000000 0.000000 2.323621 0.397585 19.416663 -5.912429 0.163559 -3.166389 0.000000 0.000000 0.000000 -12.502976 5.996442 38.891995 0.000000 0.000000 0.000000 1.471852 -3.989835 -8.283793 46.394692 30.371184 64.697118 -25.901238 -7.301779 31.015136 0.000000 0.000000 0.000000 -34.199706 -2.377940 7.719098 8.554037 -0.012878 -0.172197 0.000000 0.000000 0.000000 0.863886 0.533878 -26.568805 0.000000 0.000000 0.000000
0.022522 0.966988 -0.065818 0.000000 0.000000 0.000000 2.977726 -1.504934 0.281631 -24.572697 -18.405341 -11.689562 6.110783 30.883453 9.621339 -2.293186 3.073138 -13.041441 -1.220417 -17.939901 -7.720244 0.000000 0.000000 0.000000 1.605306 15.197736 -11.375242 21.887985 -19.288331 11.634268 16.173826 34.520933 -18.829323 -9.811269 -23.235390 -21.046216 0.007365 -2.812111 0.300075 0.000000 0.000000 0.000000 15.006212 15.657338 -0.873129 3.807446 -1.725852 0.184736 0.000000 0.000000 0.000000 -4.007081 -18.754896 -0.869237 6.165409 6.882639 -0.346472 -0.116805 6.962194 -0.143785 0.000000 0.000000 0.000000 -3.096123 4.616730 -12.725270 -20.566577 13.110145 -64.696702 31.488161 -11.220012 -38.419236 0.000000 0.000000 0.000000 1.492645 0.256530 19.502451 -5.942163 0.167861 -3.233360 0.000000 0.000000 0.000000 -13.132512 6.302966 38.873556 0.000000 0.000000 0.000000 0.935398 -2.853459 -6.053299 37.414682 28.900802 74.542538 -26.998628 -7.128632 29.091303 0.000000 0.000000 0.000000 -34.536178 -1.753619 5.637174 8.382810 0.030096 0.410669 0.000000 0.000000 0.000000 -0.780813 -0.479324 -26.910749 0.000000 0.000000 0.000000
-0.007637 0.970590 -0.060329 0.000000 0.000000 0.000000 4.206374 -0.671071 1.438862 -25.731277 -17.666562 -11.466855 6.638415 29.560831 9.040926 -2.397919 3.530614 -13.837801 -1.282337 -18.377990 -7.914753 0.000000 0.000000 0.000000 1.944013 14.573474 -10.744293 21.494285 -18.643166 11.153790 15.215702 34.091205 -18.218635 -9.867752 -23.634862 -20.948419 0.005709 -2.751650 0.237716 0.000000 0.000000 0.000000 16.000184 15.476729 -0.887929 3.768954 -2.058271 0.203494 0.000000 0.000000 0.000000 -3.443774 -19.405708 -0.872971 6.308331 6.965712 -0.354628 -0.725310 7.202618 -0.131732 0.000000 0.000000 0.000000 -3.808221 3.642118 -10.174868 -21.564787 14.057584 -65.839181 32.347555 -11.772418 -39.137374 0.000000 0.000000 0.000000 0.796779 0.138035 19.656639 -5.978547 0.173928 -3.329740 0.000000 0.000000 0.000000 -13.698905 6.592267 38.768265 0.000000 0.000000 0.000000 0.224615 -1.612377 -3.579547 29.158018 25.772399 82.670348 -27.719445 -7.047772 28.028251 0.000000 0.000000 0.000000 -34.656320 -1.040106 3.332776 8.186060 0.067609 0.944785 0.000000 0.000000 0.000000 -2.443970 -1.478437 -27.662666 0.000000 0.000000 0.000000
-0.031712 0.977722 -0.060594 0.000000 0.000000 0.000000 5.297607 0.214270 2.544499 -26.739331 -17.069334 -11.289413 6.963041 28.361389 8.571009 -2.447127 3.945723 -14.295157 -1.341812 -18.765797 -8.107086 0.000000 0.000000 0.000000 2.305727 13.814749 -9.988072 20.968686 -17.837077 10.555945 14.195981 33.556920 -17.540441 -9.794526 -23.872199 -20.629472 0.003799 -2.706304 0.160825 0.000000 0.000000 0.000000 16.927197 15.200937 -0.880733 3.777192 -2.369019 0.222668 0.000000 0.000000 0.000000 -2.831721 -19.965850 -0.860808 6.421200 7.228036 -0.384188 -1.329773 7.500087 -0.117774 0.000000 0.000000 0.000000 -4.465215 2.601026 -7.548616 -22.624187 14.979021 -66.626025 33.013340 -12.247496 -39.805050 0.000000 0.000000 0.000000 0.281685 0.049183 19.808405 -6.098286 0.181867 -3.413185 0.000000 0.000000 0.000000 -14.264039 6.884954 38.647021 0.000000 0.000000 0.000000 -0.585657 -0.401498 -1.102740 22.496990 21.839262 88.257013 -28.426877 -7.130821 27.640522 0.000000 0.000000 0.000000 -34.271901 -0.316173 1.025423 7.871524 0.093747 1.362527 0.000000 0.000000 0.000000 -3.970930 -2.350434 -28.769627 0.000000 0.000000 0.000000
-0.053377 0.969033 -0.066625 0.000000 0.000000 0.000000 6.300623 1.080676 3.575989 -27.627694 -16.467047 -11.071462 7.200251 27.190648 8.142494 -2.477537 4.351778 -14.644836 -1.413906 -19.244551 -8.325539 0.000000 0.000000 0.000000 2.670557 12.946935 -9.134106 20.299701 -16.870614 9.846281 13.225867 32.890693 -16.825741 -9.723269 -24.087948 -20.330443 0.001147 -2.620293 0.050135 0.000000 0.000000 0.000000 17.877348 14.751009 -0.838930 3.807993 -2.695895 0.243872 0.000000 0.000000 0.000000 -2.162000 -20.524806 -0.837490 6.561736 7.703159 -0.439302 -1.941655 7.880849 -0.100755 0.000000 0.000000 0.000000 -5.068520 1.481194 -4.812797 -23.853086 15.939623 -67.076224 33.582561 -12.665795 -40.386354 0.000000 0.000000 0.000000 -0.104783 -0.018491 20.015609 -6.199432 0.191814 -3.540945 0.000000 0.000000 0.000000 -14.786023 7.164439 38.487421 0.000000 0.000000 0.000000 -1.542912 0.800584 1.430779 16.989554 17.582822 91.996353 -29.296974 -7.351886 27.617912 0.000000 0.000000 0.000000 -33.637376 0.413432 -1.367681 7.539682 0.110859 1.682328 0.000000 0.000000 0.000000 -5.464869 -3.140144 -30.261313 0.000000 0.000000 0.000000
-0.073536 0.966530 -0.078613 0.000000 0.000000 0.000000 7.085441 1.913549 4.475052 -28.388160 -16.052299 -10.945203 7.229615 26.188298 7.825012 -2.455240 4.705849 -14.629382 -1.467386 -19.587760 -8.485594 0.000000 0.000000 0.000000 2.989330 12.065348 -8.280238 19.760047 -15.829695 9.134034 12.136303 32.201317 -16.074987 -9.448502 -24.038900 -19.685954 -0.000684 -2.642372 -0.029655 0.000000 0.000000 0.000000 18.578852 14.247875 -0.771756 3.853832 -2.965607 0.262458 0.000000 0.000000 0.000000 -1.535921 -20.885301 -0.801812 6.617652 8.141869 -0.491229 -2.499696 8.191194 -0.081689 0.000000 0.000000 0.000000 -5.468178 0.440304 -2.321494 -25.166570 16.867272 -67.185725 33.705174 -12.947910 -41.072397 0.000000 0.000000 0.000000 -0.168344 -0.029939 20.168759 -6.383833 0.200758 -3.598754 0.000000 0.000000 0.000000 -15.180059 7.374426 38.381345 0.000000 0.000000 0.000000 -2.426865 1.840739 3.722860 12.863926 13.762858 93.902143 -30.091728 -7.587448 27.714350 0.000000 0.000000 0.000000 -32.678194 1.003842 -3.423264 7.251622 0.123713 1.952141 0.000000 0.000000 0.000000 -6.462070 -3.613471 -31.609353 0.000000 0.000000 0.000000
-0.099325 0.971630 -0.095614 0.000000 0.000000 0.000000 7.671193 2.763561 5.293265 -29.080739 -15.772054 -10.892352 7.083658 25.306322 7.588818 -2.390090 5.070844 -14.317949 -1.517982 -19.850185 -8.659197 0.000000 0.000000 0.000000 3.283458 11.136327 -7.392625 19.274151 -14.670737 8.377641 10.966683 31.454975 -15.288916 -9.022406 -23.751722 -18.796402 -0.003503 -2.617098 -0.153356 0.000000 0.000000 0.000000 19.106400 13.625005 -0.671108 3.903017 -3.177638 0.277863 0.000000 0.000000 0.000000 -0.885753 -21.115453 -0.754393 6.600812 8.650250 -0.551566 -3.058738 8.516541 -0.059448 0.000000 0.000000 0.000000 -5.688903 -0.563405 0.064912 -26.700466 17.873059 -67.058108 33.372776 -13.067753 -41.823056 0.000000 0.000000 0.000000 0.123743 0.022269 20.403988 -6.581339 0.207090 -3.600612 0.000000 0.000000 0.000000 -15.523440 7.538466 38.407192 0.000000 0.000000 0.000000 -3.310558 2.785030 5.889933 9.456106 10.272973 94.765304 -30.885116 -7.776245 27.644034 0.000000 0.000000 0.000000 -31.662587 1.519616 -5.355448 7.037671 0.131393 2.136482 0.000000 0.000000 0.000000 -7.177430 -3.897558 -33.037800 0.000000 0.000000 0.000000
-0.130402 0.979668 -0.112632 0.000000 0.000000 0.000000 7.948644 3.565036 5.951143 -29.568402 -15.621486 -10.885683 6.810946 24.600981 7.435602 -2.319230 5.274668 -13.893725 -1.565312 -20.071554 -8.828071 0.000000 0.000000 0.000000 3.494190 10.298187 -6.610470 18.949602 -13.553937 7.684960 9.816687 30.658093 -14.508123 -8.493036 -23.304597 -17.720557 -0.006653 -2.631900 -0.289619 0.000000 0.000000 0.000000 19.330203 13.100408 -0.577266 3.960876 -3.367849 0.292530 0.000000 0.000000 0.000000 -0.417105 -21.254528 -0.717512 6.595834 9.066812 -0.601031 -3.444691 8.783691 -0.041834 0.000000 0.000000 0.000000 -5.825414 -1.423240 2.096169 -28.484684 18.871207 -66.428050 32.657072 -13.144480 -42.936500 0.000000 0.000000 0.000000 0.647748 0.118649 20.759563 -6.834627 0.213221 -3.569537 0.000000 0.000000 0.000000 -15.892195 7.686217 38.600276 0.000000 0.000000 0.000000 -4.102796 3.541494 7.693601 6.870363 7.479949 94.877503 -31.742298 -7.930324 27.402946 0.000000 0.000000 0.000000 -30.503852 1.885016 -6.905494 6.789364 0.135115 2.277518 0.000000 0.000000 0.000000 -7.539397 -3.996275 -34.197385 0.000000 0.000000 0.000000
-0.163659 0.975463 -0.126664 0.000000 0.000000 0.000000 7.905823 4.255344 6.410504 -29.850008 -15.582766 -10.915234 6.350978 24.086847 7.382457 -2.231069 5.365820 -13.297925 -1.614457 -20.283359 -9.007475 0.000000 0.000000 0.000000 3.594993 9.513528 -5.914330 18.751622 -12.417137 7.008522 8.730382 29.797928 -13.741511 -7.885397 -22.655205 -16.525864 -0.009934 -2.758188 -0.412650 0.000000 0.000000 0.000000 19.270176 12.507782 -0.464098 4.015331 -3.501978 0.303693 0.000000 0.000000 0.000000 -0.101938 -21.285237 -0.689883 6.598645 9.423754 -0.643519 -3.679383 9.025549 -0.029345 0.000000 0.000000 0.000000 -5.929071 -2.107125 3.698118 -30.475043 19.866246 -65.473770 31.520489 -13.130114 -44.369788 0.000000 0.000000 0.000000 1.448910 0.271541 21.228369 -7.030884 0.214390 -3.488738 0.000000 0.000000 0.000000 -16.159249 7.748997 38.989877 0.000000 0.000000 0.000000 -4.856251 4.098215 9.057292 4.811533 5.218422 94.652047 -32.548167 -8.000273 26.941773 0.000000 0.000000 0.000000 -29.462749 2.182521 -8.287278 6.630319 0.140264 2.421120 0.000000 0.000000 0.000000 -7.614948 -3.947763 -35.243940 0.000000 0.000000 0.000000
-0.193071 0.975282 -0.133419 0.000000 0.000000 0.000000 7.565783 4.872393 6.712521 -29.916032 -15.631904 -10.963237 5.873705 23.663317 7.358029 -2.147302 5.332848 -12.691083 -1.634767 -20.320953 -9.103175 0.000000 0.000000 0.000000 3.562686 8.914842 -5.426188 18.719728 -11.378512 6.415370 7.730811 28.953319 -13.032691 -7.243552 -21.782824 -15.315822 -0.013276 -2.999215 -0.507128 0.000000 0.000000 0.000000 18.832922 12.048951 -0.372791 4.015843 -3.675261 0.314596 0.000000 0.000000 0.000000 0.035477 -21.391456 -0.680848 6.622783 9.670297 -0.673227 -3.776897 9.244976 -0.022427 0.000000 0.000000 0.000000 -5.853673 -2.635427 4.980920 -32.912468 21.016965 -64.255356 29.833283 -12.895718 -45.977334 0.000000 0.000000 0.000000 2.511712 0.481902 21.718539 -7.322019 0.210433 -3.287954 0.000000 0.000000 0.000000 -16.573237 7.829919 39.664558 0.000000 0.000000 0.000000 -5.401070 4.502444 10.083368 3.168327 3.397409 93.998731 -33.482226 -7.956504 26.036530 0.000000 0.000000 0.000000 -28.226899 2.409484 -9.562193 6.402543 0.143816 2.570891 0.000000 0.000000 0.000000 -7.525882 -3.832796 -36.071542 0.000000 0.000000 0.000000
-0.218286 0.989676 -0.134151 0.000000 0.000000 0.000000 6.832053 5.465158 6.860212 -29.743858 -15.820291 -11.060968 5.327494 23.299813 7.365016 -2.047636 5.331424 -11.981012 -1.652308 -20.327130 -9.197604 0.000000 0.000000 0.000000 3.482673 8.480215 -5.095541 18.741631 -10.377715 5.851504 6.769614 27.990827 -12.303037 -6.543923 -20.539956 -14.080880 -0.017086 -3.266201 -0.599289 0.000000 0.000000 0.000000 18.037024 11.585743 -0.282122 3.963264 -3.872574 0.324099 0.000000 0.000000 0.000000 -0.017303 -21.522711 -0.690118 6.660920 9.773487 -0.686138 -3.736818 9.420812 -0.022203 0.000000 0.000000 0.000000 -5.584806 -3.008011 5.967254 -36.137353 22.413556 -62.540477 27.419753 -12.369821 -47.902719 0.000000 0.000000 0.000000 3.920813 0.769389 22.196277 -7.581234 0.195776 -2.954215 0.000000 0.000000 0.000000 -17.092715 7.887861 40.711315 0.000000 0.000000 0.000000 -5.823159 4.769813 10.776454 1.823645 1.918420 92.902148 -34.431102 -7.769509 24.722763 0.000000 0.000000 0.000000 -26.909380 2.580183 -10.754935 6.199925 0.146738 2.708973 0.000000 0.000000 0.000000 -7.285019 -3.656891 -36.735407 0.000000 0.000000 0.000000
-0.239059 1.001542 -0.133349 0.000000 0.000000 0.000000 5.854079 5.880833 6.800875 -29.284068 -15.936451 -11.048262 4.736625 23.028631 7.408935 -1.979419 5.229154 -11.473629 -1.664578 -20.219459 -9.315783 0.000000 0.000000 0.000000 3.188986 8.218490 -4.992110 18.961621 -9.578611 5.423673 6.024186 27.115380 -11.695649 -5.940911 -19.259684 -13.057226 -0.020034 -3.683076 -0.623092 0.000000 0.000000 0.000000 16.931620 11.248781 -0.218597 3.856619 -4.080560 0.331018 0.000000 0.000000 0.000000 -0.293071 -21.730751 -0.723416 6.737321 9.840156 -0.695361 -3.491979 9.667845 -0.031426 0.000000 0.000000 0.000000 -5.337119 -3.219644 6.569556 -39.810036 23.904337 -60.622061 24.818032 -11.659040 -49.784014 0.000000 0.000000 0.000000 5.557107 1.119941 22.772050 -7.917784 0.179049 -2.586753 0.000000 0.000000 0.000000 -17.684919 7.891588 42.176399 0.000000 0.000000 0.000000 -6.116860 4.890033 11.089771 0.619918 0.636550 91.516825 -35.423737 -7.505228 23.211104 0.000000 0.000000 0.000000 -25.302271 2.649630 -11.764862 5.952971 0.146592 2.818711 0.000000 0.000000 0.000000 -6.898469 -3.425996 -37.220706 0.000000 0.000000 0.000000
-0.257909 0.997270 -0.128680 0.000000 0.000000 0.000000 4.531271 6.193905 6.545703 -28.477334 -16.074490 -10.978687 4.049184 22.811029 7.489575 -1.924285 5.131564 -11.065328 -1.681498 -20.131870 -9.451679 0.000000 0.000000 0.000000 2.731553 8.153358 -5.114223 19.275450 -8.911148 5.076917 5.449521 26.166178 -11.118350 -5.401901 -17.762182 -12.257024 -0.021147 -4.362551 -0.555210 0.000000 0.000000 0.000000 15.498424 10.955833 -0.168515 3.672961 -4.324897 0.335221 0.000000 0.000000 0.000000 -0.802310 -21.996292 -0.782891 6.838601 9.772524 -0.688806 -3.064297 9.943239 -0.050999 0.000000 0.000000 0.000000 -4.999953 -3.262441 6.806665 -44.103729 25.509528 -58.394175 21.888584 -10.685984 -51.621437 0.000000 0.000000 0.000000 7.285828 1.508765 23.369774 -8.186517 0.153324 -2.142268 0.000000 0.000000 0.000000 -18.239456 7.778366 44.094556 0.000000 0.000000 0.000000 -6.317090 4.866181 11.017770 -0.400823 -0.398780 89.707247 -36.427801 -7.195206 21.634478 0.000000 0.000000 0.000000 -23.470909 2.605460 -12.494612 5.669952 0.145134 2.930166 0.000000 0.000000 0.000000 -6.436720 -3.181527 -37.431876 0.000000 0.000000 0.000000
-0.275213 0.998178 -0.122243 0.000000 0.000000 0.000000 3.142287 6.364771 6.160253 -27.485075 -16.141930 -10.822249 3.360887 22.807944 7.641619 -1.885554 4.792624 -10.737513 -1.657164 -19.783971 -9.481934 0.000000 0.000000 0.000000 2.091634 8.165966 -5.368259 19.728847 -8.375850 4.815153 5.015542 25.485921 -10.707047 -4.866422 -16.218702 -11.429013 -0.021125 -5.093400 -0.474964 0.000000 0.000000 0.000000 13.825371 10.848341 -0.152101 3.410621 -4.531192 0.331663 0.000000 0.000000 0.000000 -1.552060 -22.305967 -0.871206 7.041423 9.649604 -0.676854 -2.381025 10.203251 -0.086537 0.000000 0.000000 0.000000 -4.806211 -3.215375 6.770306 -48.815785 26.968602 -55.705594 18.973550 -9.560281 -53.168840 0.000000 0.000000 0.000000 9.144306 1.930014 23.789079 -8.422142 0.118905 -1.614800 0.000000 0.000000 0.000000 -18.739468 7.586823 46.216537 0.000000 0.000000 0.000000 -6.398973 4.731615 10.647134 -1.290806 -1.239550 87.678911 -37.195135 -6.800532 20.027531 0.000000 0.000000 0.000000 -21.639244 2.489668 -12.973395 5.373918 0.141452 3.013369 0.000000 0.000000 0.000000 -5.978579 -2.955740 -37.416710 0.000000 0.000000 0.000000
-0.296191 0.998836 -0.114942 0.000000 0.000000 0.000000 1.438761 6.450666 5.586004 -26.103970 -16.261288 -10.622263 2.597007 23.051646 7.897680 -1.859818 4.402079 -10.503167 -1.615726 -19.293271 -9.484597 0.000000 0.000000 0.000000 1.328311 8.348246 -5.801676 20.204896 -7.932128 4.603425 4.742051 24.891707 -10.380653 -4.335538 -14.433845 -10.665562 -0.015734 -6.039920 -0.298233 0.000000 0.000000 0.000000 11.852795 10.904093 -0.158855 3.035184 -4.743976 0.320464 0.000000 0.000000 0.000000 -2.623108 -22.685986 -1.001399 7.288257 9.418323 -0.651485 -1.407119 10.459724 -0.141611 0.000000 0.000000 0.000000 -4.625680 -3.059602 6.462494 -54.420524 28.391304 -52.393133 15.859258 -8.200207 -54.463826 0.000000 0.000000 0.000000 11.136759 2.393683 24.189913 -8.591126 0.079385 -1.056848 0.000000 0.000000 0.000000 -19.161669 7.262005 48.792447 0.000000 0.000000 0.000000 -6.424698 4.462263 9.909916 -2.028148 -1.862979 85.137830 -37.845267 -6.389785 18.496032 0.000000 0.000000 0.000000 -19.769870 2.292419 -13.099780 5.081834 0.135970 3.063293 0.000000 0.000000 0.000000 -5.630545 -2.798924 -37.164074 0.000000 0.000000 0.000000
-0.319037 1.003992 -0.108749 0.000000 0.000000 0.000000 -0.117128 6.551346 5.069655 -24.777486 -16.209713 -10.323643 1.843701 23.182058 8.115207 -1.844490 3.963827 -10.341687 -1.565484 -18.733383 -9.469538 0.000000 0.000000 0.000000 0.486887 8.550771 -6.273285 20.870319 -7.642753 4.494644 4.474784 24.501539 -10.146462 -3.885684 -12.774470 -10.033322 -0.008423 -6.846046 -0.140812 0.000000 0.000000 0.000000 9.798396 11.048236 -0.172544 2.614059 -4.892764 0.301707 0.000000 0.000000 0.000000 -3.784841 -22.986769 -1.143720 7.663311 9.133962 -0.619628 -0.307290 10.632929 -0.206963 0.000000 0.000000 0.000000 -4.463784 -2.855690 6.025995 -60.174534 29.179651 -48.384514 13.008135 -6.857345 -55.445592 0.000000 0.000000 0.000000 12.975793 2.828728 24.498975 -8.706169 0.042078 -0.552763 0.000000 0.000000 0.000000 -19.220288 6.804526 51.306134 0.000000 0.000000 0.000000 -6.293874 4.187095 9.169865 -2.411685 -2.110561 82.378950 -38.078671 -6.070460 17.470499 0.000000 0.000000 0.000000 -18.192397 2.081706 -12.948091 4.843140 0.130489 3.084870 0.000000 0.000000 0.000000 -5.279415 -2.655583 -36.618894 0.000000 0.000000 0.000000
-0.340531 1.012480 -0.104875 0.000000 0.000000 0.000000 -1.766632 6.729899 4.571929 -23.240349 -16.089844 -9.946908 1.037163 23.210507 8.310358 -1.821384 3.620654 -10.149094 -1.502042 -18.113782 -9.402339 0.000000 0.000000 0.000000 -0.313898 8.880803 -6.822181 21.488613 -7.480739 4.453651 4.253890 24.150112 -9.942569 -3.440510 -10.866624 -9.483673 0.004385 -7.776485 0.064521 0.000000 0.000000 0.000000 7.651786 11.318784 -0.191087 2.110069 -5.015845 0.275297 0.000000 0.000000 0.000000 -5.099918 -23.203414 -1.302882 8.098119 8.727949 -0.570238 0.955716 10.687424 -0.281899 0.000000 0.000000 0.000000 -4.203868 -2.584737 5.456328 -65.976556 29.229759 -43.771815 10.332601 -5.545289 -56.350726 0.000000 0.000000 0.000000 14.601878 3.224413 24.780224 -8.729962 0.002923 -0.038293 0.000000 0.000000 0.000000 -19.067752 6.288353 53.777374 0.000000 0.000000 0.000000 -6.113107 3.856929 8.292120 -2.373360 -1.971514 79.429292 -38.127204 -5.891680 16.939734 0.000000 0.000000 0.000000 -16.940357 1.840563 -12.312950 4.666669 0.123524 3.030796 0.000000 0.000000 0.000000 -5.022936 -2.575187 -35.734860 0.000000 0.000000 0.000000
-0.356467 1.012797 -0.102490 0.000000 0.000000 0.000000 -3.070948 6.865527 4.168549 -21.972926 -15.912838 -9.595691 0.251716 23.362589 8.548309 -1.812101 3.248464 -10.048115 -1.451646 -17.600557 -9.356417 0.000000 0.000000 0.000000 -1.145614 9.080138 -7.271770 22.242024 -7.328988 4.428629 3.964883 23.892048 -9.763041 -3.088127 -9.366783 -8.999776 0.017514 -8.517356 0.235194 0.000000 0.000000 0.000000 5.642619 11.575689 -0.199296 1.656345 -5.036012 0.246785 0.000000 0.000000 0.000000 -6.304717 -23.349025 -1.448728 8.588429 8.362938 -0.523482 2.184816 10.718456 -0.355144 0.000000 0.000000 0.000000 -3.999913 -2.305771 4.837922 -70.227396 28.938906 -40.304240 8.587748 -4.633873 -56.638183 0.000000 0.000000 0.000000 15.571620 3.484309 25.082462 -8.711907 -0.018908 0.248219 0.000000 0.000000 0.000000 -18.814812 5.855638 55.689933 0.000000 0.000000 0.000000 -5.815361 3.561941 7.533464 -1.968858 -1.557306 76.683776 -38.054724 -5.894101 16.980883 0.000000 0.000000 0.000000 -15.996834 1.648289 -11.690621 4.536445 0.117193 2.958124 0.000000 0.000000 0.000000 -4.811591 -2.509515 -34.930978 0.000000 0.000000 0.000000
-0.363884 0.997986 -0.105227 0.000000 0.000000 0.000000 -4.236800 7.026422 3.838002 -20.765588 -15.753815 -9.274675 -0.566702 23.585973 8.824654 -1.804072 2.993040 -9.970809 -1.417417 -17.168721 -9.369115 0.000000 0.000000 0.000000 -1.977873 9.242831 -7.686379 23.065124 -7.067326 4.339817 3.564747 23.514643 -9.509072 -2.784531 -7.982400 -8.596290 0.039087 -9.267365 0.482252 0.000000 0.000000 0.000000 3.701453 11.847174 -0.199601 1.216593 -4.963732 0.215489 0.000000 0.000000 0.000000 -7.506509 -23.456249 -1.593790 9.137267 8.008085 -0.474981 3.472486 10.711630 -0.430621 0.000000 0.000000 0.000000 -3.808702 -1.995900 4.130090 -73.576770 28.546798 -37.577687 7.505836 -4.046881 -56.615343 0.000000 0.000000 0.000000 16.046597 3.648370 25.464280 -8.640838 -0.034158 0.452127 0.000000 0.000000 0.000000 -18.684851 5.520188 57.334574 0.000000 0.000000 0.000000 -5.497855 3.269684 6.797731 -1.241749 -0.937742 74.117714 -37.892416 -5.994068 17.343563 0.000000 0.000000 0.000000 -15.249321 1.477983 -11.007348 4.436077 0.109836 2.835269 0.000000 0.000000 0.000000 -4.593696 -2.434121 -34.181570 0.000000 0.000000 0.000000
-0.357759 0.991775 -0.113899 0.000000 0.000000 0.000000 -5.140467 7.119466 3.552093 -19.818074 -15.547682 -8.980431 -1.183156 23.834513 9.067240 -1.815519 2.623519 -10.003763 -1.386188 -16.825247 -9.352594 0.000000 0.000000 0.000000 -2.737888 9.398119 -8.064446 23.911121 -7.027277 4.386911 3.250654 23.336340 -9.360628 -2.575646 -6.959988 -8.336298 0.056932 -9.862733 0.659829 0.000000 0.000000 0.000000 1.974196 12.075331 -0.191558 0.841675 -4.850991 0.187461 0.000000 0.000000 0.000000 -8.571983 -23.412463 -1.708751 9.683147 7.637586 -0.420747 4.645654 10.605635 -0.493089 0.000000 0.000000 0.000000 -3.560081 -1.641649 3.320621 -75.602212 28.204343 -35.890310 6.859958 -3.701879 -56.665184 0.000000 0.000000 0.000000 15.944976 3.621905 25.443376 -8.542532 -0.039067 0.523080 0.000000 0.000000 0.000000 -18.596265 5.351995 58.134437 0.000000 0.000000 0.000000 -5.084683 2.973048 6.079429 0.058256 0.042231 71.878245 -37.871291 -6.328851 18.308975 0.000000 0.000000 0.000000 -14.839297 1.330769 -10.192411 4.399852 0.103126 2.684055 0.000000 0.000000 0.000000 -4.420428 -2.383621 -33.347230 0.000000 0.000000 0.000000
-0.342967 0.991647 -0.127500 0.000000 0.000000 0.000000 -5.842916 7.145769 3.287208 -19.070700 -15.297522 -8.702471 -1.606790 24.115119 9.279461 -1.863196 2.232661 -10.250615 -1.359982 -16.570900 -9.318783 0.000000 0.000000 0.000000 -3.486106 9.573258 -8.447973 24.855440 -7.045992 4.479670 2.932623 23.141777 -9.205989 -2.446955 -6.236974 -8.219203 0.077896 -10.377944 0.857742 0.000000 0.000000 0.000000 0.443115 12.262867 -0.178293 0.504658 -4.642426 0.159461 0.000000 0.000000 0.000000 -9.626016 -23.280007 -1.810732 10.283610 7.252289 -0.360311 5.832450 10.426937 -0.548902 0.000000 0.000000 0.000000 -3.293101 -1.221260 2.336007 -76.520781 28.030100 -35.125880 6.699026 -3.619270 -56.723188 0.000000 0.000000 0.000000 15.296864 3.410364 24.998935 -8.456582 -0.046392 0.627492 0.000000 0.000000 0.000000 -18.730258 5.373514 58.233800 0.000000 0.000000 0.000000 -4.610017 2.643075 5.302390 1.871943 1.309327 69.939149 -37.935361 -6.838824 19.724366 0.000000 0.000000 0.000000 -14.602511 1.190033 -9.268121 4.424419 0.096413 2.495430 0.000000 0.000000 0.000000 -4.139088 -2.271620 -32.496861 0.000000 0.000000 0.000000
-0.329464 0.990594 -0.141996 0.000000 0.000000 0.000000 -6.267880 7.107229 3.077094 -18.549443 -15.057443 -8.474543 -1.959129 24.474200 9.508215 -1.882234 1.935998 -10.330245 -1.360372 -16.526526 -9.346713 0.000000 0.000000 0.000000 -4.029734 9.720938 -8.738274 25.568687 -7.358885 4.743444 2.808909 23.257113 -9.223755 -2.383214 -5.724611 -8.246082 0.095530 -10.788703 1.011639 0.000000 0.000000 0.000000 -0.775326 12.359961 -0.163693 0.264730 -4.464047 0.139382 0.000000 0.000000 0.000000 -10.328068 -23.004174 -1.852731 10.700697 6.994331 -0.317409 6.716646 10.218132 -0.581982 0.000000 0.000000 0.000000 -2.922928 -0.788968 1.333612 -76.265829 28.198481 -35.483982 6.833499 -3.713487 -57.001241 0.000000 0.000000 0.000000 14.276429 3.102872 24.406774 -8.280307 -0.039310 0.543064 0.000000 0.000000 0.000000 -19.005680 5.541365 57.749711 0.000000 0.000000 0.000000 -4.023169 2.320712 4.587477 4.185763 2.846607 68.424060 -38.056767 -7.539302 21.631479 0.000000 0.000000 0.000000 -14.658713 1.059079 -8.220039 4.479018 0.090405 2.311450 0.000000 0.000000 0.000000 -3.870142 -2.166846 -31.524875 0.000000 0.000000 0.000000
-0.315230 0.981340 -0.150703 0.000000 0.000000 0.000000 -6.403829 6.952527 2.882302 -18.241160 -14.824127 -8.289861 -2.225064 24.965151 9.771230 -1.895379 1.652297 -10.374764 -1.376644 -16.674309 -9.373395 0.000000 0.000000 0.000000 -4.465030 9.875040 -8.994822 26.210903 -7.933895 5.177869 2.858671 23.668729 -9.402903 -2.404352 -5.493198 -8.465705 0.114405 -11.157146 1.171260 0.000000 0.000000 0.000000 -1.695172 12.352517 -0.151337 0.077506 -4.249063 0.122084 0.000000 0.000000 0.000000 -10.807936 -22.575316 -1.846879 11.008052 6.839816 -0.290178 7.418424 9.995773 -0.601015 0.000000 0.000000 0.000000 -2.458998 -0.288705 0.155376 -74.867013 28.709983 -36.971937 7.291454 -4.013088 -57.609641 0.000000 0.000000 0.000000 12.902422 2.672721 23.314285 -8.040641 -0.034064 0.484660 0.000000 0.000000 0.000000 -19.358340 5.872923 56.522537 0.000000 0.000000 0.000000 -3.286625 1.958023 3.826657 7.196060 4.779552 67.144601 -38.156851 -8.494561 24.237782 0.000000 0.000000 0.000000 -14.935574 0.913176 -6.958110 4.557883 0.083693 2.102826 0.000000 0.000000 0.000000 -3.525377 -2.020969 -30.362346 0.000000 0.000000 0.000000
-0.297643 0.976506 -0.155370 0.000000 0.000000 0.000000 -6.424093 6.735848 2.680448 -18.081350 -14.676861 -8.180072 -2.373573 25.570940 10.053512 -1.880988 1.394929 -10.262775 -1.403707 -16.913548 -9.420332 0.000000 0.000000 0.000000 -4.728805 10.021998 -9.188400 26.689449 -8.672425 5.712593 2.981562 24.096187 -9.607050 -2.450338 -5.421044 -8.698588 0.132953 -11.382109 1.334065 0.000000 0.000000 0.000000 -2.332565 12.313151 -0.143069 0.006517 -4.075668 0.113162 0.000000 0.000000 0.000000 -11.098420 -22.126464 -1.815449 11.174419 6.714528 -0.268454 7.915021 9.750289 -0.604774 0.000000 0.000000 0.000000 -1.981362 0.197096 -1.013328 -73.067038 29.340212 -38.922028 8.038026 -4.487503 -58.292743 0.000000 0.000000 0.000000 11.645374 2.306604 22.334866 -7.808672 -0.028323 0.414988 0.000000 0.000000 0.000000 -19.646889 6.189449 55.318540 0.000000 0.000000 0.000000 -2.591382 1.595408 3.086243 10.326395 6.718104 66.012144 -38.269558 -9.482630 26.888494 0.000000 0.000000 0.000000 -15.265129 0.769377 -5.736609 4.624118 0.076333 1.890426 0.000000 0.000000 0.000000 -3.165249 -1.851195 -29.365906 0.000000 0.000000 0.000000
-0.274194 0.970549 -0.155942 0.000000 0.000000 0.000000 -6.275160 6.464520 2.502154 -18.099722 -14.709603 -8.201547 -2.434250 26.375324 10.395502 -1.836153 1.147982 -9.981610 -1.456978 -17.378997 -9.511688 0.000000 0.000000 0.000000 -4.866312 10.148305 -9.325228 27.050479 -9.598315 6.367416 3.201190 24.615803 -9.874610 -2.536984 -5.585221 -8.960525 0.152419 -11.613830 1.498654 0.000000 0.000000 0.000000 -2.690248 12.209391 -0.139417 0.006080 -3.920813 0.108843 0.000000 0.000000 0.000000 -11.241044 -21.567772 -1.752213 11.232418 6.637443 -0.255459 8.231741 9.442587 -0.591814 0.000000 0.000000 0.000000 -1.497339 0.683641 -2.215378 -70.607566 30.031627 -41.493677 9.104353 -5.206968 -59.462230 0.000000 0.000000 0.000000 10.347059 1.956158 21.356484 -7.579783 -0.025916 0.391228 0.000000 0.000000 0.000000 -19.927956 6.523244 54.055401 0.000000 0.000000 0.000000 -1.860104 1.240549 2.400538 13.735371 8.756907 64.890367 -38.534728 -10.645788 29.849177 0.000000 0.000000 0.000000 -15.655953 0.606059 -4.406196 4.688201 0.069552 1.698947 0.000000 0.000000 0.000000 -2.886922 -1.721922 -28.378432 0.000000 0.000000 0.000000
-0.244342 0.974656 -0.154004 0.000000 0.000000 0.000000 -6.121278 6.094135 2.240180 -18.216426 -14.675576 -8.202006 -2.350433 27.076029 10.657441 -1.763312 1.141129 -9.567101 -1.496491 -17.764038 -9.554396 0.000000 0.000000 0.000000 -4.815262 10.283520 -9.407906 27.231739 -10.528303 7.010190 3.483716 25.063990 -10.131421 -2.633888 -5.679440 -9.303424 0.162437 -11.639204 1.593636 0.000000 0.000000 0.000000 -2.794216 11.981178 -0.140579 0.085295 -3.751858 0.108404 0.000000 0.000000 0.000000 -11.246457 -21.050868 -1.681111 11.198633 6.648459 -0.257637 8.392454 9.207169 -0.577005 0.000000 0.000000 0.000000 -1.006624 1.139422 -3.366159 -67.797771 30.702325 -44.445874 10.501877 -6.046063 -59.766209 0.000000 0.000000 0.000000 9.260585 1.667063 20.367721 -7.404121 -0.018331 0.283310 0.000000 0.000000 0.000000 -19.989430 6.799534 52.742601 0.000000 0.000000 0.000000 -1.240105 0.876565 1.690736 16.905880 10.614579 64.018191 -38.198738 -11.603250 32.706335 0.000000 0.000000 0.000000 -15.973609 0.455840 -3.248044 4.772705 0.062730 1.505172 0.000000 0.000000 0.000000 -2.361207 -1.430116 -27.600344 0.000000 0.000000 0.000000
-0.209385 0.969690 -0.149988 0.000000 0.000000 0.000000 -5.889074 5.580804 1.889558 -18.513688 -14.648795 -8.236795 -2.106319 27.847271 10.902317 -1.653000 1.310286 -8.947619 -1.531068 -18.148953 -9.564416 0.000000 0.000000 0.000000 -4.630128 10.443978 -9.466725 27.257131 -11.530984 7.683906 3.903757 25.552074 -10.443903 -2.758043 -5.847977 -9.709796 0.167399 -11.517118 1.659842 0.000000 0.000000 0.000000 -2.612105 11.654171 -0.145345 0.223414 -3.551866 0.109884 0.000000 0.000000 0.000000 -11.134210 -20.524992 -1.598837 11.074582 6.728852 -0.271900 8.426198 9.011790 -0.559820 0.000000 0.000000 0.000000 -0.498395 1.613330 -4.597949 -64.230492 31.254781 -48.040196 12.270673 -7.046235 -59.604655 0.000000 0.000000 0.000000 8.276876 1.407103 19.264561 -7.235146 -0.011905 0.188306 0.000000 0.000000 0.000000 -19.868785 7.036596 51.313928 0.000000 0.000000 0.000000 -0.593658 0.469045 0.910155 19.967513 12.400334 63.360635 -37.516330 -12.447212 35.604214 0.000000 0.000000 0.000000 -16.289609 0.301254 -2.104687 4.860856 0.055801 1.314620 0.000000 0.000000 0.000000 -1.722045 -1.056569 -26.939611 0.000000 0.000000 0.000000
-0.171304 0.969155 -0.146987 0.000000 0.000000 0.000000 -5.693827 4.972679 1.445540 -18.817749 -14.753180 -8.347455 -1.832708 28.664258 11.154186 -1.570443 1.719127 -8.483335 -1.550168 -18.436254 -9.530427 0.000000 0.000000 0.000000 -4.339403 10.601129 -9.490342 27.185401 -12.577572 8.372982 4.494247 26.144802 -10.851560 -2.982828 -6.093053 -10.470491 0.165441 -11.296151 1.672728 0.000000 0.000000 0.000000 -2.263971 11.274544 -0.150056 0.420700 -3.355778 0.113971 0.000000 0.000000 0.000000 -10.982273 -20.021628 -1.517709 10.859153 6.872787 -0.296925 8.371861 8.830291 -0.540119 0.000000 0.000000 0.000000 -0.036613 2.062106 -5.800132 -60.440211 31.685318 -51.949053 14.234536 -8.042957 -58.763102 0.000000 0.000000 0.000000 7.467111 1.208048 18.354757 -7.155711 -0.005112 0.081750 0.000000 0.000000 0.000000 -19.774928 7.256152 50.019899 0.000000 0.000000 0.000000 -0.131485 0.047771 0.070575 22.960360 14.177220 62.958861 -36.245139 -12.964386 38.289923 0.000000 0.000000 0.000000 -16.587117 0.172073 -1.180403 4.980196 0.049325 1.134180 0.000000 0.000000 0.000000 -0.955007 -0.589653 -26.615606 0.000000 0.000000 0.000000
-0.139196 0.958112 -0.142185 0.000000 0.000000 0.000000 -5.501632 4.215389 0.877977 -19.176417 -14.992850 -8.546072 -1.493152 29.603458 11.431950 -1.509404 2.374074 -8.129322 -1.555491 -18.591844 -9.481942 0.000000 0.000000 0.000000 -3.995536 10.744005 -9.487427 27.043088 -13.652341 9.067725 5.278194 26.886555 -11.386116 -3.309247 -6.486156 -11.525774 0.156223 -10.913089 1.635326 0.000000 0.000000 0.000000 -1.731749 10.806668 -0.152582 0.656227 -3.116036 0.117778 0.000000 0.000000 0.000000 -10.793596 -19.527405 -1.436609 10.602947 7.106055 -0.335540 8.242260 8.648899 -0.517536 0.000000 0.000000 0.000000 0.407651 2.509645 -7.032509 -56.098774 31.882445 -56.390359 16.388874 -8.957234 -57.085330 0.000000 0.000000 0.000000 6.881201 1.058555 17.470624 -7.183315 0.003631 -0.057842 0.000000 0.000000 0.000000 -19.745255 7.502816 48.712083 0.000000 0.000000 0.000000 0.281885 -0.411726 -0.850152 25.842788 15.973115 62.894867 -34.345906 -13.074218 40.690131 0.000000 0.000000 0.000000 -16.915963 0.075277 -0.506227 5.138405 0.042999 0.958258 0.000000 0.000000 0.000000 -0.013598 -0.008388 -26.659597 0.000000 0.000000 0.000000
-0.111378 0.960961 -0.136206 0.000000 0.000000 0.000000 -5.496847 3.465920 0.239110 -19.463006 -15.410003 -8.836821 -1.139743 30.475791 11.673750 -1.460849 3.312679 -7.825437 -1.563892 -18.729464 -9.461957 0.000000 0.000000 0.000000 -3.500410 10.901307 -9.448308 26.777080 -14.752181 9.753483 6.172698 27.617194 -11.961671 -3.706714 -6.728874 -12.932288 0.142920 -10.582355 1.543120 0.000000 0.000000 0.000000 -1.126389 10.289154 -0.150139 0.912349 -2.897990 0.122322 0.000000 0.000000 0.000000 -10.582556 -19.005579 -1.352204 10.251889 7.401224 -0.383037 8.047170 8.492792 -0.495145 0.000000 0.000000 0.000000 0.836993 2.900837 -8.134581 -52.398089 31.779558 -60.102137 18.177466 -9.617077 -55.475810 0.000000 0.000000 0.000000 6.325411 0.940621 16.899822 -7.164059 0.011851 -0.189315 0.000000 0.000000 0.000000 -19.715598 7.676807 47.776306 0.000000 0.000000 0.000000 0.403610 -0.817547 -1.726895 28.947927 17.919279 62.831521 -32.266503 -12.952006 42.851520 0.000000 0.000000 0.000000 -17.246131 -0.041356 0.272714 5.296597 0.033974 0.734500 0.000000 0.000000 0.000000 0.785870 0.483406 -26.807340 0.000000 0.000000 0.000000
-0.086771 0.964091 -0.132374 0.000000 0.000000 0.000000 -5.591130 2.722379 -0.436867 -19.786861 -16.135737 -9.317207 -0.840909 31.496888 11.986981 -1.415995 4.495292 -7.506246 -1.567196 -18.798941 -9.446343 0.000000 0.000000 0.000000 -2.889953 10.982025 -9.315301 26.419694 -15.902994 10.448824 7.208798 28.513290 -12.671541 -4.182542 -6.914613 -14.656384 0.126487 -10.236022 1.412174 0.000000 0.000000 0.000000 -0.415704 9.698232 -0.140359 1.176835 -2.673164 0.126006 0.000000 0.000000 0.000000 -10.284302 -18.429193 -1.257277 9.810078 7.815408 -0.446495 7.746319 8.347504 -0.470248 0.000000 0.000000 0.000000 1.262894 3.214564 -9.037606 -49.082888 31.504900 -63.413325 19.738888 -10.082421 -53.773372 0.000000 0.000000 0.000000 5.894355 0.857085 16.532448 -7.189994 0.019731 -0.314050 0.000000 0.000000 0.000000 -19.773455 7.840325 47.072671 0.000000 0.000000 0.000000 0.345274 -1.131448 -2.453408 32.202302 20.035126 62.928937 -29.934234 -12.533130 44.661877 0.000000 0.000000 0.000000 -17.612203 -0.166658 1.075755 5.446043 0.024778 0.520966 0.000000 0.000000 0.000000 1.429206 0.874300 -27.090223 0.000000 0.000000 0.000000
-0.066200 0.968527 -0.134841 0.000000 0.000000 0.000000 -5.841327 2.056267 -1.120070 -19.971457 -16.905569 -9.802232 -0.602079 32.212368 12.194265 -1.362371 5.743037 -7.071929 -1.554614 -18.740311 -9.400550 0.000000 0.000000 0.000000 -2.201093 10.933019 -9.056833 25.895846 -16.874133 10.982382 8.281232 29.280082 -13.354992 -4.635419 -6.903695 -16.417410 0.110256 -9.937637 1.268134 0.000000 0.000000 0.000000 0.223015 9.075241 -0.123749 1.395006 -2.438759 0.126314 0.000000 0.000000 0.000000 -10.045008 -17.955775 -1.182202 9.397780 8.158581 -0.496569 7.468918 8.239426 -0.450245 0.000000 0.000000 0.000000 1.654473 3.435650 -9.688247 -46.344582 31.194498 -66.223515 20.763596 -10.160481 -51.769614 0.000000 0.000000 0.000000 5.383909 0.768476 16.235006 -7.166529 0.022376 -0.357324 0.000000 0.000000 0.000000 -19.777956 7.925052 46.659380 0.000000 0.000000 0.000000 0.172109 -1.362802 -3.036576 35.246565 21.958963 62.827469 -27.410544 -11.780215 45.859886 0.000000 0.000000 0.000000 -17.981526 -0.282611 1.786060 5.550807 0.014691 0.303038 0.000000 0.000000 0.000000 1.841637 1.119626 -27.407609 0.000000 0.000000 0.000000
-0.044566 0.973291 -0.138295 0.000000 0.000000 0.000000 -6.167877 1.456411 -1.786168 -20.108664 -17.768449 -10.336167 -0.448182 32.809270 12.380214 -1.308261 7.045032 -6.553731 -1.532921 -18.579964 -9.351011 0.000000 0.000000 0.000000 -1.454292 10.681218 -8.618422 25.249739 -17.768493 11.428291 9.450064 30.115134 -14.123739 -5.099085 -6.799276 -18.289797 0.093965 -9.623774 1.116188 0.000000 0.000000 0.000000 0.816101 8.376317 -0.099470 1.564009 -2.174451 0.122521 0.000000 0.000000 0.000000 -9.778147 -17.521818 -1.112625 8.983826 8.490880 -0.542610 7.164357 8.189059 -0.434674 0.000000 0.000000 0.000000 2.000835 3.537144 -9.994806 -44.277315 30.990712 -68.543674 21.150235 -9.851879 -49.559989 0.000000 0.000000 0.000000 4.895751 0.690059 16.036597 -7.104303 0.026080 -0.420124 0.000000 0.000000 0.000000 -19.801470 7.949617 46.584902 0.000000 0.000000 0.000000 -0.057370 -1.473423 -3.371372 38.149301 23.788060 62.692687 -24.742999 -10.723303 46.330302 0.000000 0.000000 0.000000 -18.400004 -0.388698 2.399551 5.634995 0.006677 0.135677 0.000000 0.000000 0.000000 1.993139 1.205828 -27.656243 0.000000 0.000000 0.000000
-0.017461 0.970374 -0.145477 0.000000 0.000000 0.000000 -6.599894 1.036787 -2.355514 -20.142967 -18.764694 -10.929937 -0.529864 33.287469 12.597035 -1.221730 8.234415 -5.669008 -1.488865 -18.342614 -9.202476 0.000000 0.000000 0.000000 -0.749018 10.282396 -8.071435 24.627133 -18.499331 11.762154 10.507089 30.890015 -14.850827 -5.440285 -6.445980 -19.918098 0.079101 -9.384098 0.963745 0.000000 0.000000 0.000000 1.206231 7.723961 -0.074758 1.650719 -1.934322 0.115874 0.000000 0.000000 0.000000 -9.577415 -17.157658 -1.057229 8.603607 8.750106 -0.576463 6.855121 8.129920 -0.418494 0.000000 0.000000 0.000000 2.315619 3.546587 -10.028847 -43.287775 31.076198 -70.036495 21.009214 -9.336760 -47.537098 0.000000 0.000000 0.000000 4.396484 0.607484 15.726568 -7.025434 0.020842 -0.339533 0.000000 0.000000 0.000000 -19.903252 7.933561 46.870004 0.000000 0.000000 0.000000 -0.364515 -1.444898 -3.421572 40.900968 25.276401 62.037408 -22.225504 -9.632700 46.435764 0.000000 0.000000 0.000000 -18.810478 -0.491873 2.968830 5.664322 -0.001619 -0.032717 0.000000 0.000000 0.000000 1.911378 1.155034 -27.714338 0.000000 0.000000 0.000000
0.015545 0.963217 -0.160228 0.000000 0.000000 0.000000 -7.161370 0.735095 -2.894865 -20.099305 -19.952027 -11.620443 -0.827602 33.813407 12.907916 -1.106673 9.280488 -4.380393 -1.412622 -17.915887 -8.943761 0.000000 0.000000 0.000000 -0.070251 9.662099 -7.349940 23.988288 -19.144353 12.028150 11.678832 31.789737 -15.703198 -5.695573 -5.905727 -21.422433 0.062002 -9.027055 0.785430 0.000000 0.000000 0.000000 1.429663 7.067452 -0.051052 1.654963 -1.672404 0.105002 0.000000 0.000000 0.000000 -9.447661 -16.873415 -1.016361 8.249448 8.964138 -0.602758 6.556121 8.098494 -0.405200 0.000000 0.000000 0.000000 2.542525 3.461817 -9.775472 -43.249649 31.501451 -70.860518 20.289471 -8.542542 -45.311093 0.000000 0.000000 0.000000 3.832881 0.517080 15.360795 -6.819306 0.014148 -0.237470 0.000000 0.000000 0.000000 -19.991224 7.843791 47.489837 0.000000 0.000000 0.000000 -0.730183 -1.299493 -3.225151 43.566421 26.483130 60.981343 -19.660966 -8.418833 46.027184 0.000000 0.000000 0.000000 -19.284646 -0.590844 3.476617 5.637666 -0.009137 -0.185569 0.000000 0.000000 0.000000 1.591589 0.962866 -27.656574 0.000000 0.000000 0.000000
0.051993 0.957144 -0.178765 0.000000 0.000000 0.000000 -7.580658 0.575857 -3.244964 -20.157908 -20.972850 -12.237977 -1.239167 33.993215 13.121690 -1.006065 10.259768 -3.027182 -1.359436 -17.574588 -8.777526 0.000000 0.000000 0.000000 0.495939 9.029846 -6.649000 23.482708 -19.754680 12.295548 12.640190 32.595434 -16.459194 -5.828883 -5.163995 -22.699698 0.045104 -8.759371 0.588906 0.000000 0.000000 0.000000 1.519450 6.527529 -0.033234 1.605221 -1.407002 0.092173 0.000000 0.000000 0.000000 -9.267225 -16.582890 -0.973012 7.915687 9.108466 -0.618807 6.186045 8.035826 -0.387180 0.000000 0.000000 0.000000 2.757907 3.313589 -9.324630 -43.976826 32.117710 -70.969160 19.312041 -7.760906 -43.471041 0.000000 0.000000 0.000000 3.424716 0.449966 14.965858 -6.571431 0.004239 -0.073845 0.000000 0.000000 0.000000 -19.894581 7.667243 48.177887 0.000000 0.000000 0.000000 -1.062397 -1.036641 -2.739098 45.753957 27.313329 59.870289 -17.508240 -7.362323 45.350732 0.000000 0.000000 0.000000 -19.627949 -0.671857 3.882547 5.608602 -0.015407 -0.314534 0.000000 0.000000 0.000000 1.344860 0.816803 -27.456511 0.000000 0.000000 0.000000
0.078453 0.948380 -0.196547 0.000000 0.000000 0.000000 -7.831422 0.562190 -3.385580 -20.382793 -21.948787 -12.874135 -1.810963 34.017023 13.328752 -0.892821 11.047119 -1.396024 -1.285915 -17.117109 -8.529091 0.000000 0.000000 0.000000 0.961175 8.222392 -5.838331 23.054195 -20.306299 12.538689 13.467834 33.457531 -17.217264 -5.820605 -4.289915 -23.607769 0.033050 -8.515172 0.443944 0.000000 0.000000 0.000000 1.522384 6.061065 -0.020329 1.470872 -1.104718 0.075468 0.000000 0.000000 0.000000 -9.055721 -16.370531 -0.938252 7.561801 9.242818 -0.632505 5.725193 8.029077 -0.370437 0.000000 0.000000 0.000000 2.881859 3.043467 -8.495524 -45.568247 32.949037 -70.295646 18.128329 -6.949146 -41.673067 0.000000 0.000000 0.000000 3.032396 0.387568 14.563565 -6.286720 -0.004889 0.089029 0.000000 0.000000 0.000000 -19.622437 7.405905 48.963753 0.000000 0.000000 0.000000 -1.364849 -0.606194 -1.839985 47.424264 27.779101 58.758928 -15.601447 -6.403311 44.422016 0.000000 0.000000 0.000000 -19.860404 -0.706608 4.034501 5.522609 -0.015312 -0.317470 0.000000 0.000000 0.000000 1.086381 0.662466 -27.251986 0.000000 0.000000 0.000000
0.096592 0.949371 -0.213224 0.000000 0.000000 0.000000 -7.912226 0.747907 -3.267146 -20.530066 -22.533190 -13.261504 -2.468345 33.657557 13.406029 -0.797579 11.655632 0.136282 -1.229956 -16.819993 -8.304948 0.000000 0.000000 0.000000 1.409543 7.476560 -5.076862 22.651229 -20.800326 12.747577 13.896003 34.143272 -17.747183 -5.614951 -3.279257 -23.898297 0.015696 -8.354110 0.214921 0.000000 0.000000 0.000000 1.433912 5.700269 -0.014464 1.318682 -0.826655 0.059925 0.000000 0.000000 0.000000 -8.808627 -16.080544 -0.893994 7.259831 9.271956 -0.632845 5.251645 7.907808 -0.345578 0.000000 0.000000 0.000000 2.935906 2.737527 -7.554203 -47.526167 33.742361 -69.119356 16.900918 -6.199769 -40.055853 0.000000 0.000000 0.000000 2.870149 0.357757 14.207369 -6.056718 -0.009617 0.181776 0.000000 0.000000 0.000000 -19.215628 7.108032 49.703231 0.000000 0.000000 0.000000 -1.563544 -0.109107 -0.733673 48.541117 27.970379 57.828029 -14.035355 -5.618479 43.466894 0.000000 0.000000 0.000000 -20.011572 -0.732500 4.150002 5.470971 -0.016171 -0.338458 0.000000 0.000000 0.000000 1.012764 0.619192 -27.118529 0.000000 0.000000 0.000000
0.102686 0.930159 -0.224768 0.000000 0.000000 0.000000 -7.786350 1.148554 -2.856996 -20.674020 -22.852119 -13.490978 -3.278003 32.984671 13.397937 -0.690979 12.092569 1.827522 -1.187555 -16.633648 -8.110415 0.000000 0.000000 0.000000 1.861889 6.698492 -4.282499 22.257285 -21.281564 12.946825 13.962656 34.812229 -18.136614 -5.196633 -2.042248 -23.547144 0.003086 -8.198050 0.043063 0.000000 0.000000 0.000000 1.324682 5.425492 -0.012381 1.099121 -0.521858 0.042394 0.000000 0.000000 0.000000 -8.502175 -15.746465 -0.843802 6.963793 9.184190 -0.618808 4.696026 7.684401 -0.312641 0.000000 0.000000 0.000000 2.865569 2.364565 -6.415330 -50.007612 34.509206 -67.324095 15.648244 -5.471685 -38.350829 0.000000 0.000000 0.000000 2.830496 0.343663 13.842563 -5.784042 -0.013526 0.267754 0.000000 0.000000 0.000000 -18.556685 6.731828 50.401370 0.000000 0.000000 0.000000 -1.717599 0.514842 0.702059 49.100708 27.912274 57.096702 -12.620828 -4.904318 42.338105 0.000000 0.000000 0.000000 -20.082173 -0.750169 4.234784 5.409804 -0.019703 -0.417048 0.000000 0.000000 0.000000 1.066145 0.651933 -27.110466 0.000000 0.000000 0.000000
0.103522 0.924881 -0.231138 0.000000 0.000000 0.000000 -7.528986 1.647209 -2.296485 -20.748440 -22.850467 -13.509905 -3.953411 32.346271 13.350816 -0.601257 12.167979 3.012869 -1.185546 -16.674386 -8.076742 0.000000 0.000000 0.000000 2.241541 6.110480 -3.662932 21.931586 -21.653341 13.092658 13.727672 35.209956 -18.262231 -4.798832 -1.071708 -22.926060 -0.007430 -7.998233 -0.106280 0.000000 0.000000 0.000000 1.201319 5.300784 -0.015222 0.921369 -0.294030 0.029734 0.000000 0.000000 0.000000 -8.222662 -15.364819 -0.791465 6.749791 9.113698 -0.608107 4.233720 7.456475 -0.284461 0.000000 0.000000 0.000000 2.751277 2.023675 -5.385273 -52.907663 35.025281 -64.762245 14.381758 -4.857277 -37.161683 0.000000 0.000000 0.000000 2.919245 0.347113 13.558965 -5.645126 -0.016995 0.344714 0.000000 0.000000 0.000000 -18.038985 6.439742 50.970360 0.000000 0.000000 0.000000 -1.819026 1.075567 2.015043 49.843039 27.789574 56.062344 -11.444389 -4.367458 41.667549 0.000000 0.000000 0.000000 -19.951530 -0.778424 4.423478 5.391926 -0.024312 -0.516295 0.000000 0.000000 0.000000 1.491799 0.910969 -27.181079 0.000000 0.000000 0.000000
0.098846 0.928500 -0.230766 0.000000 0.000000 0.000000 -7.119819 2.285536 -1.542856 -20.726188 -22.546812 -13.321414 -4.598047 31.635843 13.254726 -0.516487 12.014035 3.853968 -1.207374 -16.868492 -8.129275 0.000000 0.000000 0.000000 2.595157 5.682645 -3.177559 21.628219 -21.967208 13.206520 13.192055 35.441825 -18.179166 -4.359024 -0.208565 -21.913941 -0.013300 -7.784845 -0.195471 0.000000 0.000000 0.000000 1.127009 5.270532 -0.018135 0.747312 -0.113270 0.019471 0.000000 0.000000 0.000000 -7.980032 -14.888051 -0.732433 6.578759 9.030345 -0.596543 3.827088 7.152024 -0.255515 0.000000 0.000000 0.000000 2.556801 1.709431 -4.455622 -56.232490 35.225546 -61.433487 13.136747 -4.292751 -36.059493 0.000000 0.000000 0.000000 3.018895 0.354322 13.385130 -5.520076 -0.017404 0.361004 0.000000 0.000000 0.000000 -17.650416 6.219884 51.425467 0.000000 0.000000 0.000000 -1.837494 1.602703 3.275877 50.744558 27.544440 54.663879 -10.259033 -3.866712 41.216863 0.000000 0.000000 0.000000 -19.595469 -0.824902 4.774115 5.404201 -0.032618 -0.691122 0.000000 0.000000 0.000000 2.226278 1.354762 -27.360292 0.000000 0.000000 0.000000
0.090221 0.934524 -0.226494 0.000000 0.000000 0.000000 -6.437671 2.822513 -0.751659 -20.852469 -21.959182 -13.001039 -5.018228 31.189977 13.195417 -0.422266 11.381952 4.164034 -1.231632 -17.101670 -8.177727 0.000000 0.000000 0.000000 2.676555 5.380503 -2.903344 21.558186 -22.015865 13.218021 12.339711 35.332450 -17.790309 -4.036203 -0.011280 -20.578037 -0.017333 -7.436720 -0.266710 0.000000 0.000000 0.000000 1.117363 5.377078 -0.021147 0.645119 0.012696 0.013040 0.000000 0.000000 0.000000 -7.748114 -14.491400 -0.684121 6.519846 9.083399 -0.602283 3.513998 7.012734 -0.239679 0.000000 0.000000 0.000000 2.216685 1.448086 -3.720754 -60.140196 35.006288 -57.152315 11.973073 -3.869720 -35.712419 0.000000 0.000000 0.000000 3.396077 0.399437 13.412469 -5.508485 -0.016602 0.345103 0.000000 0.000000 0.000000 -17.322820 6.025040 51.882560 0.000000 0.000000 0.000000 -1.769122 2.041353 4.344785 52.039107 27.266550 52.841049 -9.374458 -3.525721 41.150036 0.000000 0.000000 0.000000 -19.255405 -0.873625 5.146675 5.545177 -0.040371 -0.833606 0.000000 0.000000 0.000000 3.228553 1.955242 -27.609520 0.000000 0.000000 0.000000
0.074218 0.926993 -0.218765 0.000000 0.000000 0.000000 -5.409038 3.298941 0.137458 -21.144385 -21.102251 -12.558347 -5.271310 31.032485 13.207340 -0.330029 10.287466 3.900524 -1.268317 -17.470285 -8.240724 0.000000 0.000000 0.000000 2.414579 5.244885 -2.905508 21.803708 -21.718909 13.100007 11.116508 34.817720 -17.055669 -3.798908 -0.463892 -18.883749 -0.009255 -6.973816 -0.151889 0.000000 0.000000 0.000000 1.207455 5.624207 -0.022882 0.595768 0.101664 0.009089 0.000000 0.000000 0.000000 -7.554911 -14.111826 -0.640263 6.569056 9.256390 -0.623278 3.300709 6.990691 -0.232992 0.000000 0.000000 0.000000 1.661079 1.248443 -3.222375 -64.503065 34.099100 -51.841743 10.679783 -3.499490 -36.197534 0.000000 0.000000 0.000000 4.073056 0.483217 13.526048 -5.642790 -0.022675 0.460099 0.000000 0.000000 0.000000 -17.228765 5.926046 52.272352 0.000000 0.000000 0.000000 -1.540505 2.387531 5.217993 53.597002 26.828485 50.550845 -8.707512 -3.311628 41.582726 0.000000 0.000000 0.000000 -18.773016 -0.922403 5.575657 5.760106 -0.051843 -1.030475 0.000000 0.000000 0.000000 4.659933 2.802964 -27.963734 0.000000 0.000000 0.000000
0.049462 0.927916 -0.209863 0.000000 0.000000 0.000000 -4.492527 3.718300 0.909834 -21.338238 -20.167847 -12.040620 -5.174661 30.967490 13.147534 -0.275360 9.335198 3.475061 -1.320846 -17.877379 -8.383028 0.000000 0.000000 0.000000 2.203774 5.324143 -3.056119 22.097121 -21.479700 13.028269 10.033133 34.261013 -16.370049 -3.610470 -0.993337 -17.398029 -0.006243 -6.507376 -0.109816 0.000000 0.000000 0.000000 1.410145 5.944425 -0.021992 0.582790 0.132879 0.007807 0.000000 0.000000 0.000000 -7.384466 -13.759293 -0.600979 6.681173 9.392114 -0.640764 3.120848 6.951099 -0.226397 0.000000 0.000000 0.000000 1.083236 1.135940 -2.997030 -68.890934 32.479101 -46.019330 9.667174 -3.232473 -36.904730 0.000000 0.000000 0.000000 4.931978 0.592675 13.696464 -5.801537 -0.028045 0.553459 0.000000 0.000000 0.000000 -17.033283 5.784919 52.710582 0.000000 0.000000 0.000000 -1.474526 2.613143 5.769045 55.609080 26.402248 47.960285 -8.218598 -3.156239 41.961089 0.000000 0.000000 0.000000 -18.392751 -0.997736 6.156901 5.999031 -0.068068 -1.298969 0.000000 0.000000 0.000000 6.008792 3.585774 -28.376111 0.000000 0.000000 0.000000
0.018888 0.930949 -0.202674 0.000000 0.000000 0.000000 -3.573153 4.077488 1.619105 -21.549761 -19.101753 -11.443930 -4.721604 31.015919 13.023633 -0.252046 8.398115 2.855064 -1.396154 -18.400465 -8.604117 0.000000 0.000000 0.000000 1.944399 5.671035 -3.436751 22.554600 -21.207704 12.976351 8.895293 33.484600 -15.574867 -3.461184 -1.721115 -15.962407 -0.002442 -6.081508 -0.045976 0.000000 0.000000 0.000000 1.746787 6.332632 -0.018820 0.618055 0.099404 0.009610 0.000000 0.000000 0.000000 -7.216653 -13.381044 -0.560384 6.905164 9.524631 -0.659645 2.975578 6.916424 -0.221034 0.000000 0.000000 0.000000 0.431520 1.144422 -3.137315 -73.289781 29.869654 -39.452169 8.843991 -3.089636 -38.451331 0.000000 0.000000 0.000000 6.034221 0.734736 13.871979 -6.034784 -0.040838 0.774732 0.000000 0.000000 0.000000 -16.845395 5.631054 53.253787 0.000000 0.000000 0.000000 -1.556200 2.731152 6.038696 58.217813 25.889620 44.863120 -8.029810 -3.144321 42.714778 0.000000 0.000000 0.000000 -17.951780 -1.098578 6.946780 6.334135 -0.089599 -1.619189 0.000000 0.000000 0.000000 7.546531 4.462682 -28.850905 0.000000 0.000000 0.000000
-0.012018 0.930634 -0.197589 0.000000 0.000000 0.000000 -2.914318 4.383729 2.159638 -21.564235 -18.073375 -10.824109 -4.064644 30.941649 12.781724 -0.278000 7.910996 2.247629 -1.488906 -18.998376 -8.880804 0.000000 0.000000 0.000000 1.976215 6.247451 -3.879077 22.869822 -21.059023 12.963403 8.033002 32.593492 -14.843970 -3.300847 -2.086967 -14.876407 0.000764 -5.751435 0.015213 0.000000 0.000000 0.000000 2.207717 6.736447 -0.013936 0.671631 -0.007402 0.014265 0.000000 0.000000 0.000000 -7.064462 -13.049691 -0.525727 7.088295 9.695833 -0.683246 2.805307 6.831970 -0.212854 0.000000 0.000000 0.000000 -0.003708 1.254888 -3.523233 -76.647016 26.983497 -33.770645 8.178149 -2.951308 -39.632650 0.000000 0.000000 0.000000 7.060300 0.862762 13.916689 -6.244200 -0.054737 1.003491 0.000000 0.000000 0.000000 -16.707369 5.519927 53.650158 0.000000 0.000000 0.000000 -1.741115 2.683785 5.895689 61.158944 25.329887 41.642259 -7.825835 -3.098398 43.147670 0.000000 0.000000 0.000000 -17.498535 -1.196713 7.764211 6.656670 -0.115265 -1.981798 0.000000 0.000000 0.000000 9.010046 5.279427 -29.331503 0.000000 0.000000 0.000000
-0.045245 0.929412 -0.199618 0.000000 0.000000 0.000000 -2.468224 4.603565 2.531747 -21.409719 -16.943008 -10.109621 -3.080618 30.757362 12.392313 -0.349439 7.770686 1.547932 -1.607654 -19.736945 -9.222110 0.000000 0.000000 0.000000 2.280020 7.176338 -4.498732 23.086639 -21.084680 13.034199 7.438324 31.526273 -14.139844 -3.161777 -2.201398 -14.132685 0.005755 -5.473098 0.120402 0.000000 0.000000 0.000000 2.832290 7.201831 -0.009363 0.755046 -0.209451 0.022936 0.000000 0.000000 0.000000 -6.887054 -12.730215 -0.492801 7.260965 9.866132 -0.707135 2.590486 6.678389 -0.200829 0.000000 0.000000 0.000000 -0.239769 1.529073 -4.328038 -79.346541 23.786824 -28.495462 7.719313 -2.869098 -40.729154 0.000000 0.000000 0.000000 8.073988 0.981879 13.845012 -6.427932 -0.071589 1.274839 0.000000 0.000000 0.000000 -16.631738 5.452143 53.913302 0.000000 0.000000 0.000000 -2.078617 2.425683 5.214877 64.570383 24.601657 38.081064 -7.767243 -3.105503 43.534229 0.000000 0.000000 0.000000 -16.990748 -1.289598 8.617753 6.948395 -0.144239 -2.375514 0.000000 0.000000 0.000000 10.545662 6.123957 -29.805108 0.000000 0.000000 0.000000
-0.074440 0.930349 -0.204572 0.000000 0.000000 0.000000 -2.352817 4.745443 2.697194 -21.197424 -15.899794 -9.442009 -1.811649 30.463259 11.875729 -0.494484 8.290183 0.667137 -1.750868 -20.435592 -9.691186 0.000000 0.000000 0.000000 2.748489 8.392171 -5.302858 23.348536 -21.234366 13.194853 7.047238 30.317062 -13.451759 -3.028537 -1.913848 -13.764854 0.009606 -5.319661 0.206786 0.000000 0.000000 0.000000 3.554893 7.654443 -0.006574 0.880397 -0.391298 0.032214 0.000000 0.000000 0.000000 -6.817233 -12.375109 -0.458744 7.388654 10.123575 -0.741760 2.487984 6.506448 -0.191051 0.000000 0.000000 0.000000 -0.424641 1.969186 -5.579396 -80.942289 20.853760 -24.342099 7.436632 -2.834389 -41.681783 0.000000 0.000000 0.000000 8.933017 1.075753 13.706321 -6.543299 -0.088396 1.546290 0.000000 0.000000 0.000000 -16.508495 5.383803 54.084731 0.000000 0.000000 0.000000 -2.562671 1.995863 4.073595 68.209672 23.576982 34.258013 -7.560717 -3.053451 43.935007 0.000000 0.000000 0.000000 -16.470481 -1.373124 9.466345 7.174694 -0.176655 -2.817217 0.000000 0.000000 0.000000 11.887655 6.799075 -30.585240 0.000000 0.000000 0.000000
-0.106399 0.934297 -0.212382 0.000000 0.000000 0.000000 -2.540950 4.897985 2.743139 -20.912758 -14.923432 -8.807836 -0.334313 29.998977 11.240557 -0.665576 9.356836 -0.181559 -1.932070 -21.208377 -10.292961 0.000000 0.000000 0.000000 3.485354 9.891173 -6.271255 23.572897 -21.518377 13.432032 6.830947 28.957312 -12.761156 -2.882044 -1.255493 -13.650868 0.015448 -5.347570 0.330783 0.000000 0.000000 0.000000 4.388011 8.135730 -0.008392 1.040415 -0.609777 0.044133 0.000000 0.000000 0.000000 -6.779132 -11.981010 -0.421782 7.489069 10.438661 -0.783764 2.432312 6.300026 -0.181064 0.000000 0.000000 0.000000 -0.426586 2.552547 -7.206122 -82.072216 18.236400 -20.895855 7.256698 -2.843310 -42.748277 0.000000 0.000000 0.000000 9.800963 1.169456 13.576362 -6.678202 -0.106359 1.822796 0.000000 0.000000 0.000000 -16.361266 5.299061 54.312844 0.000000 0.000000 0.000000 -3.202923 1.436413 2.547393 72.187272 22.137896 30.041515 -7.321877 -3.010650 44.657899 0.000000 0.000000 0.000000 -15.855626 -1.457332 10.436716 7.380471 -0.214298 -3.321723 0.000000 0.000000 0.000000 13.320479 7.485930 -31.480522 0.000000 0.000000 0.000000
-0.139336 0.935612 -0.222903 0.000000 0.000000 0.000000 -3.057012 4.929510 2.550629 -20.677700 -14.099679 -8.279475 1.300856 29.484103 10.558543 -0.901442 10.831864 -1.625190 -2.155655 -21.889662 -11.113518 0.000000 0.000000 0.000000 4.434089 11.721684 -7.498851 23.929622 -22.090325 13.889611 6.976606 27.642758 -12.204918 -2.809956 -0.414491 -14.069694 0.017171 -5.501419 0.357380 0.000000 0.000000 0.000000 5.305971 8.622764 -0.015982 1.246391 -0.838429 0.058347 0.000000 0.000000 0.000000 -6.849903 -11.564071 -0.383350 7.617110 10.879270 -0.843202 2.497067 6.080447 -0.172890 0.000000 0.000000 0.000000 -0.380319 3.354072 -9.443700 -82.446950 16.301931 -18.568459 7.706189 -3.065800 -43.338918 0.000000 0.000000 0.000000 10.453319 1.268741 13.803036 -6.801947 -0.120255 2.023331 0.000000 0.000000 0.000000 -16.319978 5.242329 54.586594 0.000000 0.000000 0.000000 -4.066999 0.687473 0.431254 76.240191 20.351259 25.769007 -6.970384 -2.900126 45.139392 0.000000 0.000000 0.000000 -15.285557 -1.529470 11.361225 7.493003 -0.252876 -3.860297 0.000000 0.000000 0.000000 14.271048 7.859992 -32.486203 0.000000 0.000000 0.000000
-0.179799 0.949610 -0.234962 0.000000 0.000000 0.000000 -3.922067 4.877386 2.136772 -20.467303 -13.366320 -7.813286 3.172735 28.863419 9.793797 -1.169205 12.803694 -3.696548 -2.448269 -22.435875 -12.298811 0.000000 0.000000 0.000000 5.708482 13.954048 -9.058600 24.434835 -22.967487 14.590746 7.425282 26.293492 -11.715022 -2.782848 0.659872 -14.991277 0.015649 -5.767733 0.310646 0.000000 0.000000 0.000000 6.363466 9.146709 -0.031956 1.504122 -1.079611 0.075459 0.000000 0.000000 0.000000 -7.020198 -11.104523 -0.340329 7.798569 11.478524 -0.926020 2.697723 5.852398 -0.166265 0.000000 0.000000 0.000000 -0.178479 4.419390 -12.440809 -82.386372 15.037683 -17.151600 8.831975 -3.546470 -43.689871 0.000000 0.000000 0.000000 10.961561 1.400781 14.521483 -6.938322 -0.131293 2.165488 0.000000 0.000000 0.000000 -16.468319 5.216823 55.050644 0.000000 0.000000 0.000000 -5.191650 -0.271657 -2.409790 80.523158 17.896873 21.064962 -6.423344 -2.711269 45.733490 0.000000 0.000000 0.000000 -14.669300 -1.593941 12.336155 7.522301 -0.292483 -4.446943 0.000000 0.000000 0.000000 14.909665 8.037693 -33.534800 0.000000 0.000000 0.000000
-0.224336 0.952944 -0.247387 0.000000 0.000000 0.000000 -5.122883 4.737866 1.494863 -20.158121 -12.742649 -7.400698 5.070776 28.241495 9.050840 -1.399244 15.033263 -6.299083 -2.737892 -22.669447 -13.597149 0.000000 0.000000 0.000000 7.153213 16.366230 -10.863218 24.880910 -24.108077 15.459010 8.391136 25.126772 -11.436462 -2.858452 1.708271 -16.536687 0.011507 -6.232951 0.211346 0.000000 0.000000 0.000000 7.412758 9.640010 -0.055444 1.796375 -1.322724 0.094861 0.000000 0.000000 0.000000 -7.254675 -10.625897 -0.293788 7.885203 12.132380 -1.014669 2.955679 5.630831 -0.159945 0.000000 0.000000 0.000000 0.218357 5.637994 -15.939627 -82.033298 14.452660 -16.587954 10.282843 -4.116067 -43.541728 0.000000 0.000000 0.000000 11.260189 1.517497 15.302659 -7.069825 -0.134557 2.177944 0.000000 0.000000 0.000000 -16.631272 5.230975 55.288603 0.000000 0.000000 0.000000 -6.509623 -1.335305 -5.768077 84.346888 14.837700 16.359059 -5.631490 -2.402680 46.183866 0.000000 0.000000 0.000000 -14.061110 -1.629353 13.154569 7.459835 -0.323549 -4.959974 0.000000 0.000000 0.000000 15.212922 8.034743 -34.519500 0.000000 0.000000 0.000000
-0.267247 0.954745 -0.258953 0.000000 0.000000 0.000000 -6.657033 4.554212 0.649852 -19.731642 -12.192271 -7.018938 7.050262 27.531475 8.287941 -1.550663 17.463546 -9.727485 -3.032370 -22.571245 -15.110723 0.000000 0.000000 0.000000 8.896245 18.986448 -12.960340 25.328571 -25.542027 16.536147 9.807946 24.107964 -11.323688 -3.043986 2.683361 -18.766068 0.003805 -6.845397 0.063619 0.000000 0.000000 0.000000 8.489807 10.150109 -0.089527 2.118655 -1.588826 0.117606 0.000000 0.000000 0.000000 -7.559596 -10.134538 -0.243358 7.959467 12.904408 -1.119653 3.299636 5.419035 -0.154150 0.000000 0.000000 0.000000 0.900830 7.020350 -20.063802 -81.335057 14.513109 -16.860570 12.258707 -4.853130 -43.070075 0.000000 0.000000 0.000000 11.316555 1.641305 16.452945 -7.251116 -0.133936 2.113563 0.000000 0.000000 0.000000 -17.116874 5.341166 55.559270 0.000000 0.000000 0.000000 -8.093917 -2.496781 -9.758025 87.623256 11.055418 11.520715 -4.711917 -2.033974 46.677305 0.000000 0.000000 0.000000 -13.374491 -1.615234 13.711394 7.299084 -0.340577 -5.335788 0.000000 0.000000 0.000000 15.223399 7.906353 -35.311474 0.000000 0.000000 0.000000
-0.302605 0.954668 -0.266077 0.000000 0.000000 0.000000 -8.537262 4.341793 -0.406784 -19.074066 -11.740943 -6.668565 8.894511 26.956942 7.632770 -1.555266 19.832066 -13.433558 -3.164472 -21.832486 -16.301135 0.000000 0.000000 0.000000 10.731572 21.635704 -15.285372 25.730015 -27.194090 17.762853 11.503364 23.370779 -11.394826 -3.292592 3.517591 -21.364719 -0.012263 -7.616602 -0.184228 0.000000 0.000000 0.000000 9.396827 10.611609 -0.129020 2.461424 -1.837193 0.141740 0.000000 0.000000 0.000000 -7.878242 -9.592479 -0.184965 7.941760 13.632155 -1.215360 3.668337 5.199399 -0.146916 0.000000 0.000000 0.000000 1.899637 8.384654 -24.410745 -80.360265 15.133705 -17.879331 14.347298 -5.579265 -42.327232 0.000000 0.000000 0.000000 11.217516 1.744176 17.621675 -7.440049 -0.130588 2.008283 0.000000 0.000000 0.000000 -17.535472 5.461191 55.632997 0.000000 0.000000 0.000000 -9.781575 -3.629575 -14.040440 89.921528 7.115182 7.124908 -3.196271 -1.400047 47.300428 0.000000 0.000000 0.000000 -12.722114 -1.623726 14.488480 7.113497 -0.352168 -5.661197 0.000000 0.000000 0.000000 15.186624 7.812384 -35.756599 0.000000 0.000000 0.000000
-0.332089 0.966444 -0.271569 0.000000 0.000000 0.000000 -10.822663 4.182764 -1.648452 -18.192149 -11.519675 -6.425673 10.688090 26.641578 7.086659 -1.408464 21.983322 -17.700819 -3.117762 -20.445587 -17.163094 0.000000 0.000000 0.000000 12.698204 24.360582 -17.921357 26.233711 -29.100913 19.219459 13.573570 23.008540 -11.733279 -3.648143 4.138892 -24.448461 -0.041518 -8.528826 -0.556799 0.000000 0.000000 0.000000 10.167585 11.121147 -0.180857 2.835938 -2.058403 0.167185 0.000000 0.000000 0.000000 -8.234554 -8.969468 -0.114355 7.842832 14.405563 -1.312449 4.069460 5.002176 -0.139806 0.000000 0.000000 0.000000 3.123569 9.717435 -29.009654 -78.805637 16.194838 -19.651315 16.704519 -6.371865 -41.526504 0.000000 0.000000 0.000000 11.016540 1.856967 19.079606 -7.632828 -0.116082 1.740019 0.000000 0.000000 0.000000 -18.029451 5.621579 55.608444 0.000000 0.000000 0.000000 -11.638066 -4.722036 -18.698081 91.369783 3.070869 2.998350 -1.232514 -0.548930 48.012634 0.000000 0.000000 0.000000 -12.045839 -1.644105 15.488702 6.917227 -0.356044 -5.885938 0.000000 0.000000 0.000000 15.151969 7.787919 -35.795403 0.000000 0.000000 0.000000
-0.355701 0.968739 -0.275326 0.000000 0.000000 0.000000 -12.985007 3.943107 -2.956359 -17.289558 -11.253773 -6.161064 12.097339 26.452051 6.683048 -1.158941 23.632466 -21.666018 -2.871906 -18.723256 -17.291376 0.000000 0.000000 0.000000 14.409614 26.692652 -20.405245 26.823398 -30.902517 20.667436 15.696376 23.065785 -12.305786 -4.135936 4.261226 -27.546672 -0.094524 -9.180184 -1.177325 0.000000 0.000000 0.000000 10.633295 11.607308 -0.235150 3.146284 -2.237688 0.189149 0.000000 0.000000 0.000000 -8.560586 -8.460464 -0.052945 7.814893 15.050591 -1.396032 4.510879 4.876281 -0.135911 0.000000 0.000000 0.000000 4.553201 10.760845 -33.138456 -77.096917 17.219057 -21.517395 18.693888 -7.019036 -40.870946 0.000000 0.000000 0.000000 10.727975 1.928365 20.323862 -7.825909 -0.102526 1.498831 0.000000 0.000000 0.000000 -18.524999 5.809011 55.437439 0.000000 0.000000 0.000000 -13.119688 -5.692017 -23.005764 91.617252 -0.665571 -0.647045 1.075740 0.484872 48.524395 0.000000 0.000000 0.000000 -11.380063 -1.644510 16.393302 6.776435 -0.357389 -6.030958 0.000000 0.000000 0.000000 15.399538 7.930805 -35.709964 0.000000 0.000000 0.000000
-0.376262 0.990317 -0.275438 0.000000 0.000000 0.000000 -15.100384 3.653085 -4.343413 -16.340320 -10.981234 -5.893588 13.231312 26.445648 6.400087 -0.867368 24.784390 -25.552152 -2.487467 -16.672543 -16.855764 0.000000 0.000000 0.000000 15.827940 28.741417 -22.786435 27.673569 -32.694944 22.248677 17.927525 23.560290 -13.168846 -4.781153 3.963516 -30.706072 -0.165035 -9.781776 -1.928474 0.000000 0.000000 0.000000 10.818582 12.083327 -0.289349 3.403041 -2.363653 0.206776 0.000000 0.000000 0.000000 -8.871425 -7.972872 0.008539 7.831345 15.651081 -1.476655 4.974330 4.809513 -0.135009 0.000000 0.000000 0.000000 5.914551 11.580482 -36.797350 -75.095324 18.036495 -23.332986 20.364128 -7.606491 -40.621790 0.000000 0.000000 0.000000 10.515019 1.990817 21.385187 -7.938121 -0.090404 1.302894 0.000000 0.000000 0.000000 -18.914965 5.991101 55.120497 0.000000 0.000000 0.000000 -14.333192 -6.561091 -26.978872 91.044274 -3.941262 -3.870130 3.597560 1.630268 48.744959 0.000000 0.000000 0.000000 -10.833082 -1.659207 17.365708 6.698662 -0.356486 -6.085620 0.000000 0.000000 0.000000 15.834281 8.198565 -35.471084 0.000000 0.000000 0.000000
-0.393023 0.996703 -0.269896 0.000000 0.000000 0.000000 -16.701252 3.392898 -5.472812 -15.547378 -10.770319 -5.684319 13.669355 26.652905 6.342787 -0.725990 25.078137 -27.873887 -2.128662 -15.069469 -15.990638 0.000000 0.000000 0.000000 16.548793 29.976046 -24.317143 28.370822 -33.993959 23.458367 19.778068 24.400274 -14.167816 -5.272569 3.761342 -33.057630 -0.227841 -9.947354 -2.617634 0.000000 0.000000 0.000000 10.580558 12.495886 -0.331773 3.551581 -2.435201 0.217155 0.000000 0.000000 0.000000 -9.048207 -7.700552 0.044122 7.909741 16.131411 -1.546195 5.395396 4.883515 -0.142939 0.000000 0.000000 0.000000 7.051282 11.981320 -39.117307 -73.478712 18.521743 -24.644481 21.323893 -7.969189 -40.608347 0.000000 0.000000 0.000000 10.451479 2.049196 22.128513 -8.036534 -0.085200 1.212820 0.000000 0.000000 0.000000 -18.984697 6.048837 54.928014 0.000000 0.000000 0.000000 -14.897413 -7.254024 -29.778226 89.823903 -6.347278 -6.366776 5.630539 2.541013 48.550928 0.000000 0.000000 0.000000 -10.571005 -1.680189 18.013303 6.774273 -0.359537 -6.069071 0.000000 0.000000 0.000000 16.219776 8.457472 -35.151737 0.000000 0.000000 0.000000
-0.411527 1.016185 -0.261252 0.000000 0.000000 0.000000 -17.835700 3.096335 -6.410070 -14.892438 -10.618646 -5.526604 13.491801 27.137890 6.507411 -0.759509 24.692746 -29.008473 -1.825586 -13.855073 -14.941299 0.000000 0.000000 0.000000 16.464582 30.554040 -25.072542 29.094726 -34.930582 24.445601 21.351832 25.673508 -15.395953 -5.578462 3.744672 -34.706699 -0.278437 -9.581222 -3.321419 0.000000 0.000000 0.000000 9.879107 12.883943 -0.361375 3.589587 -2.440073 0.219048 0.000000 0.000000 0.000000 -9.143984 -7.594789 0.059053 8.118529 16.516909 -1.613829 5.836532 5.069923 -0.159716 0.000000 0.000000 0.000000 7.858630 12.081067 -40.228751 -72.099072 18.639506 -25.411836 21.498406 -8.119871 -40.999598 0.000000 0.000000 0.000000 10.633121 2.128663 22.580172 -7.945822 -0.079059 1.138293 0.000000 0.000000 0.000000 -18.530404 5.916279 54.846949 0.000000 0.000000 0.000000 -14.836913 -7.859625 -31.528656 88.269206 -8.008289 -8.253096 7.278542 3.233318 47.858149 0.000000 0.000000 0.000000 -10.628702 -1.732435 18.464309 6.943074 -0.361199 -5.948768 0.000000 0.000000 0.000000 16.473209 8.671760 -34.710263 0.000000 0.000000 0.000000
-0.427901 1.016443 -0.250659 0.000000 0.000000 0.000000 -18.257598 2.744223 -7.012545 -14.649209 -10.605079 -5.490947 12.694527 27.924486 6.911988 -1.006371 23.513608 -28.675740 -1.554247 -12.890716 -13.693383 0.000000 0.000000 0.000000 15.511874 30.407135 -24.923666 29.788876 -35.384656 25.086479 22.546201 27.320032 -16.793721 -5.793903 3.442832 -35.243541 -0.285993 -9.108943 -3.589079 0.000000 0.000000 0.000000 8.906066 13.306695 -0.383488 3.549639 -2.355470 0.212394 0.000000 0.000000 0.000000 -9.072841 -7.699568 0.045013 8.265891 16.855559 -1.671643 6.109018 5.415896 -0.188070 0.000000 0.000000 0.000000 8.087013 11.949149 -40.006271 -71.225799 18.544485 -25.680047 21.284709 -8.235577 -41.926113 0.000000 0.000000 0.000000 11.092185 2.252208 22.888160 -7.861774 -0.080698 1.174344 0.000000 0.000000 0.000000 -18.039507 5.746846 54.906180 0.000000 0.000000 0.000000 -14.073776 -8.359268 -32.010387 86.719748 -8.818607 -9.336273 8.459541 3.730939 47.536178 0.000000 0.000000 0.000000 -10.990072 -1.839065 18.943936 7.154383 -0.369224 -5.900960 0.000000 0.000000 0.000000 16.680573 8.888647 -34.137716 0.000000 0.000000 0.000000
-0.437933 1.025874 -0.240381 0.000000 0.000000 0.000000 -17.913937 2.305122 -7.261409 -14.884855 -10.685675 -5.560740 11.286597 29.023483 7.580539 -1.409444 21.507674 -26.968301 -1.302505 -12.128996 -12.213796 0.000000 0.000000 0.000000 13.711893 29.503480 -23.886970 30.455887 -35.448555 25.436208 23.479417 29.475184 -18.483536 -5.840654 3.067873 -34.723979 -0.258513 -8.358117 -3.536865 0.000000 0.000000 0.000000 7.630941 13.742494 -0.391530 3.439600 -2.166487 0.196917 0.000000 0.000000 0.000000 -8.872969 -8.028052 0.002505 8.434282 17.147513 -1.725704 6.308016 5.944531 -0.230976 0.000000 0.000000 0.000000 7.889706 11.558342 -38.481409 -70.810152 18.314234 -25.555185 20.400265 -8.162560 -43.262120 0.000000 0.000000 0.000000 11.890305 2.426046 22.986895 -7.681347 -0.080913 1.205219 0.000000 0.000000 0.000000 -17.220473 5.442951 55.142972 0.000000 0.000000 0.000000 -12.520961 -8.809929 -31.335458 85.069813 -8.866139 -9.660247 9.343177 4.107290 47.385314 0.000000 0.000000 0.000000 -11.807532 -2.025086 19.398357 7.443716 -0.377158 -5.793028 0.000000 0.000000 0.000000 16.714639 9.059263 -33.326659 0.000000 0.000000 0.000000
-0.436943 1.029714 -0.234748 0.000000 0.000000 0.000000 -17.159924 1.886453 -7.245710 -15.221517 -10.922854 -5.725536 9.461409 30.275405 8.447470 -1.781476 19.187048 -24.658501 -1.147021 -11.816416 -11.049952 0.000000 0.000000 0.000000 11.639273 28.085601 -22.347852 30.943516 -35.219339 25.487941 23.907340 31.370623 -19.869675 -5.775250 2.553409 -33.370889 -0.220125 -7.824539 -3.217914 0.000000 0.000000 0.000000 6.336610 14.124377 -0.385218 3.295214 -1.913051 0.176852 0.000000 0.000000 0.000000 -8.590156 -8.376939 -0.043207 8.453136 17.331487 -1.752876 6.360267 6.495375 -0.274332 0.000000 0.000000 0.000000 7.358909 11.048125 -36.269852 -70.713297 18.021227 -25.196422 19.330166 -8.050900 -44.902412 0.000000 0.000000 0.000000 12.858365 2.605276 22.817800 -7.508499 -0.084833 1.292783 0.000000 0.000000 0.000000 -16.434252 5.166590 55.298970 0.000000 0.000000 0.000000 -10.759393 -9.023424 -29.829668 83.767494 -8.377779 -9.338471 9.846931 4.379178 47.867713 0.000000 0.000000 0.000000 -12.737613 -2.237882 19.851256 7.731263 -0.384054 -5.679120 0.000000 0.000000 0.000000 16.639342 9.176595 -32.484744 0.000000 0.000000 0.000000
-0.424907 1.031013 -0.232821 0.000000 0.000000 0.000000 -15.927972 1.457428 -6.959738 -15.742897 -11.267589 -5.972557 7.215154 31.634166 9.527708 -2.078118 16.387517 -21.616980 -1.025440 -11.808763 -9.891184 0.000000 0.000000 0.000000 9.301746 26.037953 -20.285504 31.203566 -34.672045 25.196641 23.819063 33.180298 -21.019086 -5.554176 1.966117 -31.150731 -0.168395 -7.320800 -2.631816 0.000000 0.000000 0.000000 4.944169 14.442928 -0.363117 3.101446 -1.566130 0.150558 0.000000 0.000000 0.000000 -8.219635 -8.804191 -0.097367 8.394945 17.457800 -1.765476 6.359788 7.107655 -0.321579 0.000000 0.000000 0.000000 6.683586 10.350090 -33.376420 -71.033600 17.728018 -24.651002 17.824996 -7.771348 -46.837039 0.000000 0.000000 0.000000 14.044858 2.797102 22.421025 -7.398493 -0.093422 1.444872 0.000000 0.000000 0.000000 -15.567698 4.862683 55.488357 0.000000 0.000000 0.000000 -8.645197 -9.050219 -27.592033 82.413463 -7.475672 -8.533689 10.084387 4.607380 49.021056 0.000000 0.000000 0.000000 -13.973641 -2.500724 20.197038 8.078473 -0.388424 -5.496385 0.000000 0.000000 0.000000 16.447666 9.258894 -31.477989 0.000000 0.000000 0.000000
-0.402911 1.026560 -0.236096 0.000000 0.000000 0.000000 -14.619114 1.081239 -6.577631 -16.152290 -11.762039 -6.289853 4.841364 33.204442 10.792511 -2.206046 13.660180 -18.574002 -0.965559 -12.114095 -9.080681 0.000000 0.000000 0.000000 7.170987 23.824576 -18.240026 31.271507 -34.034583 24.749994 23.514937 34.590505 -21.818888 -5.310554 1.292955 -28.774245 -0.123427 -6.924164 -2.039955 0.000000 0.000000 0.000000 3.709045 14.634220 -0.332506 2.908910 -1.239764 0.126571 0.000000 0.000000 0.000000 -7.884916 -9.197998 -0.144709 8.241049 17.449734 -1.751167 6.250168 7.608889 -0.356847 0.000000 0.000000 0.000000 5.903552 9.604079 -30.353038 -71.388447 17.386806 -24.030333 16.244504 -7.407938 -48.798138 0.000000 0.000000 0.000000 15.173503 2.974350 22.059522 -7.294987 -0.099977 1.568238 0.000000 0.000000 0.000000 -14.810995 4.590538 55.722741 0.000000 0.000000 0.000000 -6.733459 -8.827917 -25.136347 81.318591 -6.222931 -7.242700 10.083241 4.789061 50.722104 0.000000 0.000000 0.000000 -15.104849 -2.739624 20.447510 8.338995 -0.389495 -5.339012 0.000000 0.000000 0.000000 16.176163 9.288995 -30.489125 0.000000 0.000000 0.000000
-0.377596 1.014080 -0.240929 0.000000 0.000000 0.000000 -13.281711 0.750348 -6.138379 -16.393538 -12.402346 -6.667727 2.281075 34.856183 12.240942 -2.149888 11.084278 -15.293202 -0.940527 -12.664773 -8.460048 0.000000 0.000000 0.000000 5.299641 21.376688 -16.126506 31.022325 -33.210615 24.026841 22.727139 35.586670 -22.136926 -4.978710 0.716954 -26.223982 -0.083315 -6.498423 -1.467507 0.000000 0.000000 0.000000 2.610939 14.646478 -0.295750 2.731105 -0.915817 0.104233 0.000000 0.000000 0.000000 -7.546598 -9.580781 -0.188707 7.939107 17.351915 -1.712142 6.077081 8.062565 -0.385336 0.000000 0.000000 0.000000 5.131045 8.787571 -27.226781 -71.913745 17.050302 -23.351238 14.548037 -6.911139 -50.635335 0.000000 0.000000 0.000000 16.199585 3.133535 21.758119 -7.156442 -0.104677 1.673826 0.000000 0.000000 0.000000 -14.046814 4.309060 56.037791 0.000000 0.000000 0.000000 -5.044324 -8.385441 -22.540427 80.253458 -4.733955 -5.615131 9.680294 4.846505 53.108404 0.000000 0.000000 0.000000 -16.186798 -2.958595 20.585634 8.572726 -0.379503 -5.060068 0.000000 0.000000 0.000000 15.821713 9.314983 -29.234423 0.000000 0.000000 0.000000
-0.358706 1.009660 -0.247269 0.000000 0.000000 0.000000 -11.854404 0.335535 -5.729325 -16.748161 -13.085675 -7.089571 -0.167207 36.701046 13.829685 -1.977792 8.621266 -12.358841 -0.909769 -13.108120 -7.906102 0.000000 0.000000 0.000000 3.679458 19.078677 -14.296413 30.833292 -32.383490 23.333239 21.992203 36.280254 -22.270059 -4.772213 -0.269753 -23.831480 -0.055401 -5.852799 -1.083716 0.000000 0.000000 0.000000 1.842540 14.515559 -0.265567 2.587863 -0.588202 0.083619 0.000000 0.000000 0.000000 -7.337154 -9.887989 -0.221624 7.683066 17.158937 -1.664961 5.967330 8.395311 -0.406028 0.000000 0.000000 0.000000 4.354369 8.026578 -24.399481 -72.379860 16.783083 -22.799389 12.867348 -6.344905 -52.350951 0.000000 0.000000 0.000000 17.154833 3.246450 21.281204 -7.062226 -0.109664 1.777009 0.000000 0.000000 0.000000 -13.486518 4.105714 56.270237 0.000000 0.000000 0.000000 -3.573289 -7.864177 -20.104850 79.062049 -2.843900 -3.445792 9.025207 4.803575 55.976846 0.000000 0.000000 0.000000 -17.285759 -3.148306 20.496162 8.747103 -0.368985 -4.821674 0.000000 0.000000 0.000000 15.272014 9.147137 -28.353893 0.000000 0.000000 0.000000
-0.345448 1.011719 -0.253416 0.000000 0.000000 0.000000 -10.445835 -0.167947 -5.409803 -17.024757 -13.856761 -7.553428 -2.566899 38.726254 15.590755 -1.694955 6.546610 -9.582632 -0.913249 -13.710700 -7.585372 0.000000 0.000000 0.000000 2.366113 16.937563 -12.683641 30.565071 -31.508208 22.577258 21.099841 36.537404 -22.050628 -4.629130 -1.390989 -21.749380 -0.036283 -5.064454 -0.820403 0.000000 0.000000 0.000000 1.419263 14.163995 -0.242113 2.483313 -0.234245 0.063421 0.000000 0.000000 0.000000 -7.270505 -10.108955 -0.243755 7.458127 16.849373 -1.606105 5.978727 8.598617 -0.421519 0.000000 0.000000 0.000000 3.625472 7.330070 -21.906745 -72.958150 16.608518 -22.333745 11.161661 -5.691382 -53.925729 0.000000 0.000000 0.000000 17.951368 3.330527 20.858510 -7.010045 -0.115489 1.885348 0.000000 0.000000 0.000000 -13.112405 3.944711 56.639122 0.000000 0.000000 0.000000 -2.449394 -7.290227 -17.937023 77.664161 -0.624201 -0.775456 8.055776 4.616401 59.575381 0.000000 0.000000 0.000000 -18.132745 -3.259349 20.218603 8.816308 -0.351751 -4.560522 0.000000 0.000000 0.000000 14.613120 8.864583 -27.691344 0.000000 0.000000 0.000000
-0.333844 1.011085 -0.258904 0.000000 0.000000 0.000000 -9.182931 -0.718693 -5.206274 -17.252538 -14.771445 -8.093907 -4.841769 40.787538 17.441506 -1.366910 4.820510 -7.156533 -0.906794 -14.185665 -7.277957 0.000000 0.000000 0.000000 1.286741 15.068652 -11.354225 30.316080 -30.644725 21.845032 20.247679 36.564664 -21.703482 -4.520918 -2.503345 -20.003672 -0.026458 -4.220971 -0.717944 0.000000 0.000000 0.000000 1.253333 13.730464 -0.226058 2.423459 0.068040 0.047279 0.000000 0.000000 0.000000 -7.247696 -10.293780 -0.261796 7.165262 16.515616 -1.540275 5.929753 8.737092 -0.429744 0.000000 0.000000 0.000000 3.008371 6.738172 -19.865652 -73.465484 16.545995 -22.050814 9.622082 -5.053561 -55.336904 0.000000 0.000000 0.000000 18.599100 3.352580 20.265877 -6.985876 -0.119707 1.960967 0.000000 0.000000 0.000000 -12.928388 3.866420 56.821627 0.000000 0.000000 0.000000 -1.626351 -6.737018 -16.108681 76.154788 1.585177 2.023214 6.671949 4.094583 63.038966 0.000000 0.000000 0.000000 -18.942787 -3.291702 19.544625 8.805880 -0.326289 -4.235738 0.000000 0.000000 0.000000 13.801122 8.441600 -27.250022 0.000000 0.000000 0.000000
-0.321021 1.012439 -0.258906 0.000000 0.000000 0.000000 -8.071393 -1.325659 -5.125078 -17.403584 -15.878697 -8.733104 -7.064434 42.933987 19.435365 -1.007799 3.534334 -4.912544 -0.900186 -14.584414 -7.025968 0.000000 0.000000 0.000000 0.436308 13.450444 -10.244783 30.047510 -29.736184 21.079562 19.274100 36.319099 -21.140922 -4.428915 -3.527324 -18.552481 -0.019534 -3.272465 -0.683816 0.000000 0.000000 0.000000 1.348865 13.133302 -0.212690 2.397898 0.360422 0.032540 0.000000 0.000000 0.000000 -7.323013 -10.404841 -0.271939 6.875342 16.104005 -1.466862 5.906521 8.779165 -0.431870 0.000000 0.000000 0.000000 2.481996 6.235540 -18.185275 -73.926542 16.614694 -21.961025 8.262474 -4.446167 -56.511842 0.000000 0.000000 0.000000 19.040441 3.331207 19.673439 -7.044638 -0.125008 2.030661 0.000000 0.000000 0.000000 -12.939776 3.857255 56.923804 0.000000 0.000000 0.000000 -1.084880 -6.208252 -14.567690 74.365931 3.848194 5.071533 4.870767 3.190548 66.434752 0.000000 0.000000 0.000000 -19.499483 -3.216004 18.557512 8.701747 -0.295083 -3.876949 0.000000 0.000000 0.000000 12.879046 7.923553 -26.932291 0.000000 0.000000 0.000000
-0.304359 1.007988 -0.256701 0.000000 0.000000 0.000000 -7.109770 -2.045698 -5.209143 -17.505511 -17.200547 -9.487403 -9.418462 45.022781 21.593887 -0.670074 2.687595 -2.979793 -0.886029 -14.890482 -6.772363 0.000000 0.000000 0.000000 -0.329565 12.061585 -9.348696 29.854034 -28.775256 20.311915 18.614220 35.953215 -20.644970 -4.428025 -4.433411 -17.691771 -0.016206 -2.336725 -0.794609 0.000000 0.000000 0.000000 1.597645 12.469959 -0.198742 2.409535 0.604282 0.020860 0.000000 0.000000 0.000000 -7.409068 -10.544742 -0.284989 6.532316 15.813638 -1.406697 5.815487 8.859671 -0.433907 0.000000 0.000000 0.000000 2.013087 5.847364 -16.906964 -74.265251 16.801894 -22.073095 7.093484 -3.895250 -57.501916 0.000000 0.000000 0.000000 19.335296 3.266629 19.004768 -7.121630 -0.130444 2.095992 0.000000 0.000000 0.000000 -13.090626 3.910630 56.859251 0.000000 0.000000 0.000000 -0.774431 -5.755738 -13.364358 72.746841 5.909124 8.016745 2.952406 2.031974 69.068628 0.000000 0.000000 0.000000 -20.047939 -3.089781 17.350668 8.648671 -0.266627 -3.524889 0.000000 0.000000 0.000000 12.006729 7.396357 -26.848951 0.000000 0.000000 0.000000
-0.280741 0.998422 -0.251213 0.000000 0.000000 0.000000 -6.246127 -2.873414 -5.420829 -17.553852 -18.868383 -10.428879 -12.132101 47.182891 24.116775 -0.344053 2.294223 -1.124942 -0.870586 -15.177663 -6.527514 0.000000 0.000000 0.000000 -1.019808 10.834636 -8.595576 29.714527 -27.693398 19.483044 18.109812 35.426990 -20.124440 -4.514904 -5.222266 -17.344023 -0.011278 -1.348801 -0.958112 0.000000 0.000000 0.000000 2.028871 11.692400 -0.179739 2.448398 0.831276 0.010325 0.000000 0.000000 0.000000 -7.532403 -10.706077 -0.300199 6.131517 15.592615 -1.352617 5.650141 8.955693 -0.433705 0.000000 0.000000 0.000000 1.584969 5.541625 -15.912286 -74.495045 17.215681 -22.519259 6.141446 -3.433952 -58.390798 0.000000 0.000000 0.000000 19.385921 3.120196 18.119395 -7.219418 -0.136544 2.164193 0.000000 0.000000 0.000000 -13.458390 4.060874 56.551827 0.000000 0.000000 0.000000 -0.705534 -5.343727 -12.403116 71.298261 7.986621 11.118452 0.894708 0.639214 71.086394 0.000000 0.000000 0.000000 -20.529093 -2.930100 16.077400 8.618614 -0.243542 -3.231129 0.000000 0.000000 0.000000 11.193389 6.882720 -26.927387 0.000000 0.000000 0.000000
-0.257618 0.999772 -0.245596 0.000000 0.000000 0.000000 -5.588373 -3.789717 -5.800448 -17.551461 -20.656866 -11.431246 -14.732749 49.053562 26.577102 -0.097375 2.190051 0.308630 -0.841396 -15.306638 -6.255410 0.000000 0.000000 0.000000 -1.703091 9.754557 -7.984155 29.645553 -26.665869 18.722803 17.825410 34.883031 -19.688562 -4.651459 -5.876648 -17.327521 -0.005383 -0.548856 -1.123877 0.000000 0.000000 0.000000 2.448377 10.841764 -0.152182 2.485511 1.041983 0.000418 0.000000 0.000000 0.000000 -7.712477 -10.799131 -0.308705 5.806024 15.413464 -1.309960 5.547768 9.046750 -0.435662 0.000000 0.000000 0.000000 1.204472 5.326789 -15.214165 -74.599599 17.704395 -23.108770 5.361950 -3.049432 -59.230915 0.000000 0.000000 0.000000 19.427589 2.991747 17.347331 -7.320993 -0.141381 2.209670 0.000000 0.000000 0.000000 -13.852576 4.215505 56.290071 0.000000 0.000000 0.000000 -0.726262 -5.023250 -11.697265 69.863928 9.921343 14.167981 -0.860557 -0.632257 72.609451 0.000000 0.000000 0.000000 -20.955377 -2.771056 14.902181 8.593379 -0.225759 -3.004135 0.000000 0.000000 0.000000 10.410194 6.372361 -27.144118 0.000000 0.000000 0.000000
-0.234447 1.003569 -0.237187 0.000000 0.000000 0.000000 -5.112991 -4.864065 -6.389887 -17.517643 -22.534865 -12.479919 -17.234590 50.751368 29.018579 0.056049 2.524141 1.381045 -0.806001 -15.346622 -5.976967 0.000000 0.000000 0.000000 -2.427521 8.833377 -7.531934 29.668453 -25.722257 18.056116 17.823318 34.262563 -19.322644 -4.871813 -6.378646 -17.768082 0.002824 0.244833 -1.321604 0.000000 0.000000 0.000000 2.889580 9.879856 -0.113764 2.524391 1.248363 -0.009394 0.000000 0.000000 0.000000 -7.951529 -10.853820 -0.313382 5.539981 15.290641 -1.278537 5.482272 9.119726 -0.437854 0.000000 0.000000 0.000000 0.914452 5.222188 -14.863334 -74.484199 18.340641 -23.978019 4.881351 -2.823129 -60.065877 0.000000 0.000000 0.000000 19.374848 2.849656 16.580000 -7.477761 -0.144358 2.208773 0.000000 0.000000 0.000000 -14.288839 4.408954 55.855508 0.000000 0.000000 0.000000 -0.874566 -4.810151 -11.301584 68.642964 11.784693 17.192743 -2.469460 -1.847210 73.590835 0.000000 0.000000 0.000000 -21.447767 -2.632909 13.837307 8.672080 -0.213333 -2.813003 0.000000 0.000000 0.000000 9.694500 5.895854 -27.463633 0.000000 0.000000 0.000000
-0.213973 1.005396 -0.226110 0.000000 0.000000 0.000000 -4.874261 -5.890113 -7.058920 -17.385794 -24.523729 -13.567382 -19.827253 52.030468 31.369733 0.187632 2.674905 2.256469 -0.761397 -15.255280 -5.680911 0.000000 0.000000 0.000000 -3.157181 7.878996 -7.077251 29.660896 -24.811742 17.404046 17.951445 33.757806 -19.075627 -5.149598 -6.963469 -18.343308 0.010153 0.794896 -1.463525 0.000000 0.000000 0.000000 3.128552 8.860202 -0.068987 2.562984 1.422911 -0.017755 0.000000 0.000000 0.000000 -8.204356 -10.918044 -0.319257 5.371032 15.232904 -1.261128 5.444823 9.204920 -0.442087 0.000000 0.000000 0.000000 0.644918 5.133141 -14.565776 -74.229728 19.085392 -25.050800 4.681133 -2.744588 -60.748658 0.000000 0.000000 0.000000 19.226061 2.740303 16.076049 -7.610069 -0.144045 2.165560 0.000000 0.000000 0.000000 -14.726692 4.586780 55.562616 0.000000 0.000000 0.000000 -1.034779 -4.621404 -10.964130 67.458209 13.389537 19.942651 -3.869350 -2.932102 74.299060 0.000000 0.000000 0.000000 -21.792063 -2.465472 12.756809 8.655911 -0.197574 -2.610166 0.000000 0.000000 0.000000 8.878955 5.358204 -27.844967 0.000000 0.000000 0.000000
-0.195593 0.993306 -0.217035 0.000000 0.000000 0.000000 -4.812504 -6.969213 -7.859720 -17.223184 -26.710335 -14.757556 -22.693006 53.102265 33.857963 0.294815 2.759427 2.956968 -0.709482 -15.072750 -5.358900 0.000000 0.000000 0.000000 -3.994480 6.841246 -6.622394 29.709100 -23.889115 16.761816 18.257222 33.302565 -18.924561 -5.508928 -7.608722 -19.149499 0.016216 1.197894 -1.551098 0.000000 0.000000 0.000000 3.191998 7.702361 -0.018874 2.594052 1.587438 -0.025782 0.000000 0.000000 0.000000 -8.507656 -10.967016 -0.323661 5.313007 15.246035 -1.258799 5.459525 9.299890 -0.449363 0.000000 0.000000 0.000000 0.374031 5.076571 -14.365159 -73.697003 20.015700 -26.500587 4.845778 -2.887469 -61.559776 0.000000 0.000000 0.000000 18.981731 2.639359 15.691619 -7.770875 -0.146870 2.162214 0.000000 0.000000 0.000000 -15.202471 4.777444 55.282584 0.000000 0.000000 0.000000 -1.206443 -4.462494 -10.697747 66.455769 14.843666 22.493592 -5.029880 -3.844576 74.770025 0.000000 0.000000 0.000000 -22.154517 -2.300390 11.710513 8.602928 -0.183400 -2.437940 0.000000 0.000000 0.000000 8.028590 4.791219 -28.398254 0.000000 0.000000 0.000000
-0.178904 0.989493 -0.208990 0.000000 0.000000 0.000000 -4.763658 -7.864643 -8.519027 -17.051601 -28.739162 -15.854861 -25.024474 53.489359 35.612674 0.408097 2.883395 3.724564 -0.640464 -14.665404 -4.973987 0.000000 0.000000 0.000000 -4.686144 5.818275 -6.147879 29.739125 -23.075579 16.191821 18.510645 33.025820 -18.857119 -5.839534 -8.162574 -19.895056 0.022029 1.531323 -1.648228 0.000000 0.000000 0.000000 3.185826 6.639735 0.025717 2.594150 1.746354 -0.033788 0.000000 0.000000 0.000000 -8.761565 -11.068758 -0.334249 5.294192 15.244024 -1.257356 5.434148 9.423421 -0.456749 0.000000 0.000000 0.000000 0.143266 4.958256 -13.997571 -73.213723 20.949974 -27.952632 5.017822 -3.010656 -61.906187 0.000000 0.000000 0.000000 18.622908 2.550150 15.461395 -7.833934 -0.141884 2.071958 0.000000 0.000000 0.000000 -15.608138 4.927977 55.138561 0.000000 0.000000 0.000000 -1.333570 -4.263047 -10.311743 65.264559 16.320692 25.245531 -6.203878 -4.761617 74.991873 0.000000 0.000000 0.000000 -22.411456 -2.119340 10.668130 8.552162 -0.172431 -2.305827 0.000000 0.000000 0.000000 7.179267 4.231263 -29.014978 0.000000 0.000000 0.000000
-0.164636 0.979320 -0.204248 0.000000 0.000000 0.000000 -4.667248 -8.659879 -9.067938 -17.062114 -30.709085 -16.981313 -26.910652 53.525338 36.859863 0.516663 2.988447 4.459665 -0.578039 -14.292061 -4.608122 0.000000 0.000000 0.000000 -5.376770 4.758855 -5.668500 29.842196 -22.414321 15.751427 18.841484 32.962193 -18.944725 -6.220024 -8.822100 -20.700453 0.027646 1.826118 -1.734545 0.000000 0.000000 0.000000 3.118835 5.624553 0.065270 2.569380 1.904949 -0.041886 0.000000 0.000000 0.000000 -8.978790 -11.206552 -0.349376 5.337582 15.245135 -1.260298 5.381861 9.588254 -0.465619 0.000000 0.000000 0.000000 -0.145581 4.797233 -13.507536 -72.703747 21.978059 -29.560775 5.275746 -3.172417 -62.015925 0.000000 0.000000 0.000000 18.271887 2.500827 15.458716 -7.951084 -0.140036 2.014761 0.000000 0.000000 0.000000 -16.142326 5.074845 55.291607 0.000000 0.000000 0.000000 -1.344725 -4.044858 -9.817932 63.817368 17.767594 28.183702 -7.447795 -5.707553 74.896673 0.000000 0.000000 0.000000 -22.520886 -1.882136 9.432617 8.448254 -0.155134 -2.100174 0.000000 0.000000 0.000000 6.382595 3.706671 -29.742657 0.000000 0.000000 0.000000
-0.149375 0.978421 -0.199468 0.000000 0.000000 0.000000 -4.629393 -9.142507 -9.410909 -16.996183 -32.253072 -17.842525 -28.067895 53.093714 37.290572 0.627488 3.172997 5.272075 -0.527563 -14.001525 -4.294198 0.000000 0.000000 0.000000 -5.769391 3.823776 -5.177791 29.768004 -21.973545 15.416710 19.092729 32.989155 -19.056316 -6.490161 -9.192979 -21.336157 0.030734 1.945998 -1.809474 0.000000 0.000000 0.000000 3.034200 4.769933 0.096045 2.537402 2.022524 -0.047888 0.000000 0.000000 0.000000 -9.145442 -11.306362 -0.360680 5.415285 15.150483 -1.254902 5.326000 9.656058 -0.467520 0.000000 0.000000 0.000000 -0.370623 4.580307 -12.875065 -72.437767 22.778186 -30.756646 5.418770 -3.259734 -62.035058 0.000000 0.000000 0.000000 17.919477 2.470377 15.574413 -7.982072 -0.136986 1.963214 0.000000 0.000000 0.000000 -16.414595 5.099906 55.681831 0.000000 0.000000 0.000000 -1.444120 -3.756604 -9.207581 62.127784 19.287823 31.506558 -8.913630 -6.808008 74.696824 0.000000 0.000000 0.000000 -22.360101 -1.682427 8.497436 8.293278 -0.138969 -1.916656 0.000000 0.000000 0.000000 5.655036 3.240616 -30.397276 0.000000 0.000000 0.000000
-0.132181 0.949253 -0.196818 0.000000 0.000000 0.000000 -4.584233 -9.419998 -9.593137 -16.971385 -33.478231 -18.538065 -28.755320 52.355013 37.176182 0.742495 3.311158 6.090485 -0.476960 -13.684815 -3.973315 0.000000 0.000000 0.000000 -5.994174 2.948336 -4.672325 29.607197 -21.816464 15.259930 19.381030 33.192863 -19.289037 -6.721158 -9.418714 -21.947653 0.032601 1.987503 -1.879308 0.000000 0.000000 0.000000 2.958907 3.997285 0.122792 2.485572 2.117753 -0.052764 0.000000 0.000000 0.000000 -9.293061 -11.423636 -0.374270 5.570170 15.006173 -1.248715 5.313931 9.686793 -0.469022 0.000000 0.000000 0.000000 -0.600325 4.336357 -12.174774 -72.338015 23.470397 -31.725054 5.590007 -3.347516 -61.803958 0.000000 0.000000 0.000000 17.508496 2.450724 15.815991 -7.949680 -0.133450 1.920370 0.000000 0.000000 0.000000 -16.554901 5.055988 56.236370 0.000000 0.000000 0.000000 -1.582261 -3.428359 -8.519838 59.972807 20.851065 35.371162 -10.686864 -8.068737 74.037768 0.000000 0.000000 0.000000 -22.102354 -1.498316 7.660580 8.089650 -0.125941 -1.780875 0.000000 0.000000 0.000000 4.865289 2.751991 -31.031791 0.000000 0.000000 0.000000
-0.108641 0.942423 -0.198530 0.000000 0.000000 0.000000 -4.495730 -9.569653 -9.652207 -17.128639 -34.088187 -18.950777 -28.377684 51.548280 36.320559 0.813809 3.417239 6.619548 -0.443416 -13.409453 -3.770595 0.000000 0.000000 0.000000 -6.091531 2.304418 -4.278062 29.416848 -21.768112 15.172414 19.580136 33.372571 -19.474413 -6.912567 -9.607419 -22.445466 0.033160 1.971828 -1.926684 0.000000 0.000000 0.000000 2.930807 3.355800 0.146456 2.465982 2.178766 -0.055817 0.000000 0.000000 0.000000 -9.376325 -11.508653 -0.384264 5.691524 14.839742 -1.237572 5.295803 9.676517 -0.467417 0.000000 0.000000 0.000000 -0.815509 4.106631 -11.523345 -72.357192 23.964024 -32.365543 5.528853 -3.289555 -61.478317 0.000000 0.000000 0.000000 17.150233 2.455837 16.180397 -7.944608 -0.131519 1.893797 0.000000 0.000000 0.000000 -16.758041 5.019078 56.858745 0.000000 0.000000 0.000000 -1.699182 -3.146902 -7.924297 57.473377 22.111546 39.226698 -12.538539 -9.346600 73.306114 0.000000 0.000000 0.000000 -21.533525 -1.334917 7.011559 7.887890 -0.115329 -1.672686 0.000000 0.000000 0.000000 4.331134 2.427769 -31.471317 0.000000 0.000000 0.000000
-0.077349 0.924920 -0.208156 0.000000 0.000000 0.000000 -4.374765 -9.572809 -9.581278 -17.479757 -34.163010 -19.130402 -27.191871 50.716848 34.952215 0.834351 3.491876 6.808283 -0.419537 -13.178366 -3.630763 0.000000 0.000000 0.000000 -6.079801 1.878645 -3.987836 29.202399 -21.956651 15.245102 19.824955 33.669071 -19.749794 -7.085795 -9.769404 -22.898159 0.031950 1.863465 -1.964376 0.000000 0.000000 0.000000 2.999919 2.844189 0.171524 2.459458 2.217200 -0.057721 0.000000 0.000000 0.000000 -9.429642 -11.589583 -0.393817 5.805226 14.664902 -1.224661 5.303508 9.634118 -0.464908 0.000000 0.000000 0.000000 -1.078981 3.904313 -10.952805 -72.419850 24.289573 -32.758817 5.399993 -3.178664 -60.941475 0.000000 0.000000 0.000000 16.897828 2.502797 16.732107 -7.958473 -0.131083 1.884224 0.000000 0.000000 0.000000 -17.008365 4.967109 57.647949 0.000000 0.000000 0.000000 -1.815727 -2.923574 -7.459848 54.475410 23.119667 43.340649 -14.645482 -10.721513 72.274688 0.000000 0.000000 0.000000 -20.732027 -1.188187 6.488907 7.672919 -0.106280 -1.584774 0.000000 0.000000 0.000000 3.926052 2.184134 -31.837185 0.000000 0.000000 0.000000
-0.045968 0.926778 -0.223591 0.000000 0.000000 0.000000 -4.090370 -9.520255 -9.370075 -18.045853 -33.712604 -19.085393 -25.318980 49.905001 33.214637 0.822211 3.364146 6.630387 -0.406273 -13.089224 -3.540184 0.000000 0.000000 0.000000 -5.994132 1.690003 -3.826030 28.942027 -22.082550 15.260106 19.851847 33.749756 -19.809519 -7.188982 -10.029088 -23.019188 0.030748 1.743701 -2.020308 0.000000 0.000000 0.000000 3.200893 2.491244 0.200433 2.487471 2.223485 -0.057990 0.000000 0.000000 0.000000 -9.431789 -11.646711 -0.400479 5.881355 14.469840 -1.206901 5.276833 9.568441 -0.459126 0.000000 0.000000 0.000000 -1.364683 3.708416 -10.407272 -72.973859 24.359258 -32.537042 4.940901 -2.878934 -60.436063 0.000000 0.000000 0.000000 16.667322 2.553808 17.304152 -7.999872 -0.130818 1.870652 0.000000 0.000000 0.000000 -17.223237 4.892707 58.491949 0.000000 0.000000 0.000000 -1.874141 -2.710838 -6.989466 50.999519 23.591970 47.291663 -17.088152 -12.195774 70.832225 0.000000 0.000000 0.000000 -19.936982 -1.041822 5.922411 7.429729 -0.085942 -1.323598 0.000000 0.000000 0.000000 3.493279 1.940493 -31.906662 0.000000 0.000000 0.000000
-0.020238 0.920931 -0.242628 0.000000 0.000000 0.000000 -3.455723 -9.362250 -8.871852 -18.843674 -32.729938 -18.807001 -22.819066 49.003054 31.103785 0.780732 3.071557 6.147570 -0.406964 -13.088652 -3.546359 0.000000 0.000000 0.000000 -5.806480 1.636802 -3.712111 28.672528 -22.124497 15.213440 19.638435 33.763735 -19.734452 -7.221053 -10.439807 -22.765455 0.030200 1.702221 -2.032676 0.000000 0.000000 0.000000 3.619634 2.260049 0.241723 2.513675 2.219762 -0.057767 0.000000 0.000000 0.000000 -9.371804 -11.701736 -0.406641 5.913079 14.250721 -1.183633 5.203190 9.507848 -0.451452 0.000000 0.000000 0.000000 -1.775049 3.459569 -9.725931 -73.911212 24.042426 -31.607446 4.021816 -2.318641 -59.914673 0.000000 0.000000 0.000000 16.473561 2.609379 17.882389 -8.000465 -0.135307 1.934678 0.000000 0.000000 0.000000 -17.465943 4.814518 59.388716 0.000000 0.000000 0.000000 -1.826300 -2.459409 -6.377472 46.932493 23.562229 51.323435 -19.864572 -13.694049 68.878318 0.000000 0.000000 0.000000 -19.045397 -0.922907 5.497580 7.223172 -0.070142 -1.111256 0.000000 0.000000 0.000000 3.102665 1.731071 -31.691264 0.000000 0.000000 0.000000
0.000918 0.918972 -0.257956 0.000000 0.000000 0.000000 -2.704196 -9.032896 -8.183655 -19.467412 -31.634857 -18.382998 -20.446909 48.024031 29.096867 0.745177 2.747557 5.692970 -0.419817 -13.237268 -3.616880 0.000000 0.000000 0.000000 -5.461720 1.575931 -3.526694 28.276398 -21.899623 14.946562 19.091845 33.669758 -19.464573 -7.165831 -10.933792 -22.156019 0.028829 1.612920 -2.047836 0.000000 0.000000 0.000000 4.169636 2.108080 0.290914 2.508146 2.152390 -0.054430 0.000000 0.000000 0.000000 -9.266230 -11.861781 -0.424619 5.873310 14.026043 -1.155760 5.005968 9.486299 -0.440518 0.000000 0.000000 0.000000 -2.219565 3.110003 -8.791822 -75.383748 23.376394 -29.978031 2.971825 -1.683676 -59.059642 0.000000 0.000000 0.000000 16.373590 2.670940 18.408697 -7.935393 -0.132608 1.911692 0.000000 0.000000 0.000000 -17.352243 4.650930 60.195142 0.000000 0.000000 0.000000 -1.847951 -2.079155 -5.493290 42.614356 23.055402 55.212484 -22.769511 -14.935926 66.127982 0.000000 0.000000 0.000000 -18.584750 -0.830433 5.072163 7.017668 -0.051682 -0.842851 0.000000 0.000000 0.000000 2.448589 1.374075 -31.405444 0.000000 0.000000 0.000000
0.017962 0.914967 -0.267484 0.000000 0.000000 0.000000 -1.819128 -8.597686 -7.349898 -20.140431 -30.272728 -17.802312 -17.909683 47.036725 27.076335 0.684095 2.388098 5.077042 -0.444615 -13.519721 -3.749686 0.000000 0.000000 0.000000 -5.032595 1.628081 -3.381349 27.802898 -21.544625 14.572150 18.381772 33.469768 -19.071118 -7.111381 -11.671132 -21.367395 0.027580 1.530594 -2.064498 0.000000 0.000000 0.000000 4.875380 2.016663 0.350359 2.484216 2.029467 -0.048402 0.000000 0.000000 0.000000 -9.117282 -12.075821 -0.448144 5.814982 13.759576 -1.122362 4.755811 9.489463 -0.428693 0.000000 0.000000 0.000000 -2.723344 2.722263 -7.782028 -77.263132 22.281046 -27.684693 1.771951 -0.981153 -57.945074 0.000000 0.000000 0.000000 16.213520 2.702522 18.805713 -7.800344 -0.126950 1.861918 0.000000 0.000000 0.000000 -17.001442 4.446110 60.881370 0.000000 0.000000 0.000000 -1.904652 -1.632425 -4.463205 38.091771 22.028125 58.828087 -25.662605 -15.831257 62.803186 0.000000 0.000000 0.000000 -18.404428 -0.766323 4.727651 6.822403 -0.030670 -0.514539 0.000000 0.000000 0.000000 1.523069 0.862639 -30.949088 0.000000 0.000000 0.000000
0.031822 0.914266 -0.269799 0.000000 0.000000 0.000000 -0.916124 -8.046300 -6.434752 -20.632059 -28.884382 -17.127835 -15.508008 45.928150 25.139861 0.616073 2.027350 4.441509 -0.478119 -13.882365 -3.925778 0.000000 0.000000 0.000000 -4.546785 1.692289 -3.219859 27.247384 -20.913518 13.993881 17.402958 32.999589 -18.424052 -6.936585 -12.374163 -20.247878 0.025681 1.425720 -2.063785 0.000000 0.000000 0.000000 5.626721 2.055334 0.406373 2.427306 1.842838 -0.039448 0.000000 0.000000 0.000000 -8.917040 -12.336632 -0.475871 5.682220 13.486081 -1.084827 4.377938 9.462190 -0.408888 0.000000 0.000000 0.000000 -3.202938 2.256688 -6.596039 -79.367810 20.884932 -25.046240 0.632138 -0.341219 -56.718693 0.000000 0.000000 0.000000 16.299068 2.772995 19.186507 -7.649833 -0.126805 1.896500 0.000000 0.000000 0.000000 -16.443236 4.187840 61.599141 0.000000 0.000000 0.000000 -1.987759 -1.121590 -3.285037 33.560170 20.600696 62.154677 -28.620214 -16.428044 59.010910 0.000000 0.000000 0.000000 -18.378842 -0.685171 4.233450 6.635531 -0.010082 -0.173909 0.000000 0.000000 0.000000 0.575283 0.328097 -30.606066 0.000000 0.000000 0.000000
0.040650 0.937192 -0.266843 0.000000 0.000000 0.000000 0.017969 -7.340200 -5.406169 -20.970919 -27.343297 -16.298903 -13.014669 44.684151 23.167689 0.499817 1.746497 3.595475 -0.522905 -14.436887 -4.126774 0.000000 0.000000 0.000000 -3.963013 1.872331 -3.096456 26.561040 -19.994707 13.200464 16.185767 32.202603 -17.518949 -6.685079 -13.184311 -18.846555 0.022984 1.316384 -2.000516 0.000000 0.000000 0.000000 6.513287 2.247821 0.461509 2.328140 1.580257 -0.027302 0.000000 0.000000 0.000000 -8.646847 -12.663330 -0.509063 5.489399 13.163082 -1.039721 3.863668 9.394032 -0.380517 0.000000 0.000000 0.000000 -3.658990 1.720564 -5.257648 -81.832260 19.009759 -21.867073 -0.491759 0.257413 -55.259779 0.000000 0.000000 0.000000 16.512038 2.845349 19.425318 -7.444636 -0.127655 1.961977 0.000000 0.000000 0.000000 -15.582814 3.876830 62.213737 0.000000 0.000000 0.000000 -2.118013 -0.550175 -1.970059 28.895833 18.708843 65.187048 -31.527473 -16.606893 54.678812 0.000000 0.000000 0.000000 -18.548682 -0.596945 3.654385 6.421482 0.008289 0.147754 0.000000 0.000000 0.000000 -0.529843 -0.303878 -30.329541 0.000000 0.000000 0.000000
0.044011 0.944346 -0.258199 0.000000 0.000000 0.000000 0.832511 -6.479551 -4.348862 -21.219461 -25.986702 -15.547432 -10.666001 43.431491 21.354466 0.383491 1.549600 2.815566 -0.571964 -14.949123 -4.357386 0.000000 0.000000 0.000000 -3.411298 2.014437 -2.960940 25.846804 -18.878332 12.288355 14.850277 31.235719 -16.507066 -6.349035 -13.789431 -17.370391 0.020094 1.189641 -1.935281 0.000000 0.000000 0.000000 7.293823 2.498745 0.501331 2.213919 1.287510 -0.014335 0.000000 0.000000 0.000000 -8.376991 -12.994584 -0.541197 5.281841 12.848879 -0.996099 3.337515 9.316929 -0.351772 0.000000 0.000000 0.000000 -4.059616 1.091519 -3.709682 -84.268288 16.826130 -18.570102 -1.642406 0.832125 -53.735728 0.000000 0.000000 0.000000 16.980281 2.929799 19.442389 -7.234880 -0.129883 2.054239 0.000000 0.000000 0.000000 -14.417321 3.509507 62.768880 0.000000 0.000000 0.000000 -2.353408 0.126484 -0.421744 24.697042 16.677727 67.607647 -34.001430 -16.408852 50.494684 0.000000 0.000000 0.000000 -18.796249 -0.496178 2.997115 6.247514 0.023425 0.429225 0.000000 0.000000 0.000000 -1.519850 -0.874716 -30.158681 0.000000 0.000000 0.000000
0.041231 0.963872 -0.248400 0.000000 0.000000 0.000000 1.521263 -5.475190 -3.270430 -21.345925 -24.678809 -14.785434 -8.404883 42.109185 19.632988 0.258670 1.541978 2.094091 -0.627747 -15.538516 -4.598601 0.000000 0.000000 0.000000 -2.830916 2.180521 -2.830474 25.031216 -17.520970 11.220651 13.383872 29.946217 -15.316611 -5.962982 -14.280630 -15.848730 0.015943 0.986247 -1.852237 0.000000 0.000000 0.000000 8.028065 2.762020 0.533427 2.075053 0.930359 0.000696 0.000000 0.000000 0.000000 -8.058037 -13.306758 -0.568837 5.048512 12.494243 -0.948361 2.756278 9.181927 -0.318594 0.000000 0.000000 0.000000 -4.315037 0.395004 -2.000427 -86.854446 14.107148 -14.894993 -2.831435 1.388307 -52.232204 0.000000 0.000000 0.000000 17.565611 2.981263 19.120984 -6.994271 -0.134474 2.200158 0.000000 0.000000 0.000000 -12.972144 3.108331 63.154856 0.000000 0.000000 0.000000 -2.718514 0.908930 1.373254 20.938696 14.586289 69.412415 -36.183956 -15.957164 46.440833 0.000000 0.000000 0.000000 -19.183644 -0.404818 2.395167 6.089235 0.037124 0.697959 0.000000 0.000000 0.000000 -2.600339 -1.504717 -29.893020 0.000000 0.000000 0.000000
0.036539 0.964032 -0.239082 0.000000 0.000000 0.000000 2.020746 -4.399161 -2.249311 -21.371816 -23.619060 -14.145733 -6.302262 40.645910 17.997888 0.116247 1.557866 1.281775 -0.674291 -15.989745 -4.798196 0.000000 0.000000 0.000000 -2.322969 2.256929 -2.667544 24.253571 -16.109959 10.156747 12.085175 28.689729 -14.245943 -5.610388 -14.711880 -14.496383 0.012782 0.805595 -1.817933 0.000000 0.000000 0.000000 8.551721 3.023131 0.547782 1.914981 0.519773 0.016894 0.000000 0.000000 0.000000 -7.792638 -13.765380 -0.610878 4.960599 12.246544 -0.918769 2.213319 9.107148 -0.290960 0.000000 0.000000 0.000000 -4.505889 -0.386696 -0.090716 -89.053694 11.333716 -11.521210 -3.666986 1.726660 -50.416599 0.000000 0.000000 0.000000 18.280603 3.032653 18.685590 -6.792521 -0.138066 2.326163 0.000000 0.000000 0.000000 -11.519603 2.733779 63.381520 0.000000 0.000000 0.000000 -3.145676 1.736217 3.305799 17.597504 12.575295 70.889583 -37.762132 -15.159990 42.521461 0.000000 0.000000 0.000000 -19.548275 -0.276959 1.607648 5.956129 0.049479 0.951064 0.000000 0.000000 0.000000 -3.505017 -2.031807 -29.809814 0.000000 0.000000 0.000000
0.030049 0.970244 -0.234280 0.000000 0.000000 0.000000 2.309982 -3.178592 -1.235284 -21.209518 -22.651385 -13.512824 -4.227723 38.953068 16.355421 -0.069095 1.751265 0.291989 -0.719534 -16.391166 -4.992852 0.000000 0.000000 0.000000 -1.775900 2.329113 -2.484279 23.376930 -14.554385 9.014903 10.854489 27.268464 -13.156182 -5.298971 -15.077119 -13.330797 0.009448 0.611893 -1.769228 0.000000 0.000000 0.000000 8.968016 3.310244 0.550156 1.720071 0.025332 0.034826 0.000000 0.000000 0.000000 -7.527623 -14.393146 -0.667780 4.958583 12.054130 -0.898459 1.650343 9.043461 -0.263571 0.000000 0.000000 0.000000 -4.573225 -1.261876 2.060633 -91.198808 8.295016 -8.123829 -3.961066 1.776059 -48.287327 0.000000 0.000000 0.000000 19.125339 3.063516 18.038487 -6.596062 -0.143600 2.491580 0.000000 0.000000 0.000000 -9.960812 2.363490 63.364787 0.000000 0.000000 0.000000 -3.742495 2.632016 5.430763 14.494347 10.622123 72.335734 -38.886994 -14.037437 38.453670 0.000000 0.000000 0.000000 -20.086828 -0.118597 0.669623 5.890660 0.061075 1.187009 0.000000 0.000000 0.000000 -4.344177 -2.518428 -29.811945 0.000000 0.000000 0.000000
0.025562 0.978504 -0.234121 0.000000 0.000000 0.000000 2.441550 -1.861204 -0.226686 -21.065176 -21.970791 -13.062900 -2.281968 37.131392 14.800053 -0.241656 2.099895 -0.584999 -0.771664 -16.879099 -5.197368 0.000000 0.000000 0.000000 -1.227362 2.391347 -2.292470 22.521726 -12.969796 7.894904 9.655464 25.737724 -12.067182 -4.967629 -15.180878 -12.256636 0.005575 0.369232 -1.730116 0.000000 0.000000 0.000000 9.282656 3.541121 0.549241 1.550457 -0.479600 0.052135 0.000000 0.000000 0.000000 -7.368384 -14.970874 -0.720471 5.105899 11.966228 -0.894420 1.215259 9.014569 -0.243495 0.000000 0.000000 0.000000 -4.439497 -2.124365 4.233404 -93.054209 5.301287 -5.026332 -4.320023 1.854200 -46.442985 0.000000 0.000000 0.000000 19.794045 3.014490 17.152279 -6.409431 -0.149931 2.677271 0.000000 0.000000 0.000000 -8.647141 2.061654 63.226059 0.000000 0.000000 0.000000 -4.397104 3.525753 7.617193 12.135268 9.035925 73.250985 -39.488778 -13.036091 35.315001 0.000000 0.000000 0.000000 -20.424115 0.021199 -0.117678 5.798967 0.069220 1.366604 0.000000 0.000000 0.000000 -4.986779 -2.891864 -29.801420 0.000000 0.000000 0.000000
0.020088 0.994469 -0.236089 0.000000 0.000000 0.000000 2.410305 -0.434465 0.792460 -20.896412 -21.457745 -12.710598 -0.344010 35.122300 13.263285 -0.433801 2.619044 -1.555686 -0.828980 -17.432988 -5.403082 0.000000 0.000000 0.000000 -0.647744 2.484230 -2.108822 21.618205 -11.391207 6.807416 8.557336 24.099778 -10.999922 -4.670784 -15.133303 -11.365988 0.000783 0.054008 -1.662194 0.000000 0.000000 0.000000 9.533955 3.731950 0.546967 1.372435 -1.045757 0.070125 0.000000 0.000000 0.000000 -7.302836 -15.596883 -0.780045 5.433621 11.989691 -0.908560 0.886960 9.027446 -0.229505 0.000000 0.000000 0.000000 -4.069028 -2.986570 6.504400 -94.879667 2.248271 -2.064550 -4.489108 1.839073 -44.538200 0.000000 0.000000 0.000000 20.316715 2.888091 16.016829 -6.217257 -0.157176 2.893481 0.000000 0.000000 0.000000 -7.554203 1.821586 62.921191 0.000000 0.000000 0.000000 -5.155032 4.433672 9.916607 10.268069 7.757256 74.076681 -39.647206 -12.007711 32.529217 0.000000 0.000000 0.000000 -20.808629 0.150411 -0.819163 5.771752 0.077079 1.528932 0.000000 0.000000 0.000000 -5.492245 -3.193609 -29.671301 0.000000 0.000000 0.000000
0.014189 0.998367 -0.242850 0.000000 0.000000 0.000000 2.270318 0.959080 1.751703 -20.717333 -21.102227 -12.452535 1.186537 33.018709 11.921862 -0.565038 3.104621 -2.209232 -0.879149 -17.922658 -5.570799 0.000000 0.000000 0.000000 -0.070554 2.475737 -1.850461 20.709980 -9.796691 5.746537 7.514081 22.478822 -9.997675 -4.344498 -14.853141 -10.490589 -0.003719 -0.265882 -1.602840 0.000000 0.000000 0.000000 9.715230 3.767789 0.554877 1.237805 -1.596567 0.087279 0.000000 0.000000 0.000000 -7.252340 -16.185208 -0.835995 5.806530 12.051176 -0.928750 0.581732 9.021456 -0.215959 0.000000 0.000000 0.000000 -3.594240 -3.767535 8.650862 -96.313007 -0.413290 0.370089 -4.652335 1.839690 -43.132864 0.000000 0.000000 0.000000 20.573473 2.735590 14.989591 -6.038104 -0.163979 3.108362 0.000000 0.000000 0.000000 -6.811903 1.654943 62.718397 0.000000 0.000000 0.000000 -5.942582 5.293583 12.185476 9.205135 7.007812 74.513525 -39.561554 -11.258842 30.653964 0.000000 0.000000 0.000000 -21.041555 0.269058 -1.448702 5.733511 0.082410 1.645580 0.000000 0.000000 0.000000 -5.864632 -3.418427 -29.553925 0.000000 0.000000 0.000000
0.003447 0.990475 -0.252272 0.000000 0.000000 0.000000 2.041974 2.387392 2.715247 -20.595740 -20.821816 -12.254997 2.580572 30.752714 10.641782 -0.679005 3.621388 -2.777632 -0.923519 -18.356955 -5.710972 0.000000 0.000000 0.000000 0.485732 2.452317 -1.588161 19.820062 -8.211304 4.729034 6.497715 20.786265 -9.010634 -3.999142 -14.330706 -9.652407 -0.008513 -0.634941 -1.536295 0.000000 0.000000 0.000000 9.884094 3.660537 0.576269 1.127143 -2.188651 0.105635 0.000000 0.000000 0.000000 -7.239585 -16.797125 -0.895769 6.269767 12.190702 -0.961809 0.325518 9.008502 -0.204423 0.000000 0.000000 0.000000 -3.014864 -4.456911 10.660111 -97.681150 -2.714555 2.373125 -4.800534 1.845669 -42.041539 0.000000 0.000000 0.000000 20.645240 2.573694 14.061775 -5.878354 -0.168196 3.275010 0.000000 0.000000 0.000000 -6.434740 1.568299 62.631473 0.000000 0.000000 0.000000 -6.767118 6.120001 14.464928 8.904484 6.813462 74.798177 -39.168387 -10.695701 29.482632 0.000000 0.000000 0.000000 -21.310852 0.379418 -2.016411 5.721071 0.086172 1.724445 0.000000 0.000000 0.000000 -6.145386 -3.598567 -29.327390 0.000000 0.000000 0.000000
-0.012938 0.992581 -0.261170 0.000000 0.000000 0.000000 1.684342 3.799171 3.633088 -20.408580 -20.649039 -12.106660 3.499227 28.561667 9.595951 -0.721505 4.049923 -2.930821 -0.976076 -18.810682 -5.887544 0.000000 0.000000 0.000000 1.093478 2.367273 -1.254311 18.864801 -6.762977 3.818802 5.593101 19.356097 -8.199431 -3.648962 -13.620482 -8.858588 -0.013881 -1.118396 -1.422177 0.000000 0.000000 0.000000 9.946347 3.503457 0.596099 1.049014 -2.709881 0.121706 0.000000 0.000000 0.000000 -7.200412 -17.304744 -0.943795 6.696579 12.278893 -0.988443 0.107036 8.995762 -0.194596 0.000000 0.000000 0.000000 -2.301588 -5.062714 12.580257 -98.912830 -4.542626 3.886295 -4.944408 1.854288 -41.094732 0.000000 0.000000 0.000000 20.529230 2.409862 13.249919 -5.745320 -0.173222 3.451009 0.000000 0.000000 0.000000 -6.133246 1.499103 62.553572 0.000000 0.000000 0.000000 -7.562747 6.884310 16.671077 9.117432 6.982255 74.842401 -38.675442 -10.323176 28.869404 0.000000 0.000000 0.000000 -21.369324 0.472698 -2.504976 5.684809 0.088286 1.778019 0.000000 0.000000 0.000000 -6.280265 -3.702452 -28.990878 0.000000 0.000000 0.000000
-0.032403 0.982498 -0.267757 0.000000 0.000000 0.000000 1.212917 5.266190 4.573278 -20.180693 -20.580481 -12.011167 4.061509 26.403794 8.701517 -0.714059 4.363832 -2.788511 -1.034407 -19.306068 -6.076007 0.000000 0.000000 0.000000 1.755354 2.247519 -0.866221 17.846434 -5.483123 3.031351 4.713171 18.160005 -7.521269 -3.293858 -12.746469 -8.089030 -0.019282 -1.778094 -1.242484 0.000000 0.000000 0.000000 9.933787 3.275554 0.618248 0.976947 -3.220668 0.136986 0.000000 0.000000 0.000000 -7.142580 -17.773050 -0.986589 7.160437 12.311175 -1.010228 -0.085583 8.965041 -0.185574 0.000000 0.000000 0.000000 -1.528239 -5.580375 14.368850 -100.150410 -5.790590 4.847180 -5.219140 1.926135 -40.491140 0.000000 0.000000 0.000000 20.251061 2.267123 12.644872 -5.641210 -0.174826 3.547291 0.000000 0.000000 0.000000 -6.019309 1.467545 62.619298 0.000000 0.000000 0.000000 -8.379305 7.599052 18.836267 9.898944 7.558661 74.671970 -37.997881 -10.105256 28.803530 0.000000 0.000000 0.000000 -21.328714 0.565395 -3.001841 5.645216 0.090277 1.830886 0.000000 0.000000 0.000000 -6.372133 -3.795446 -28.474783 0.000000 0.000000 0.000000
-0.052346 0.980127 -0.270640 0.000000 0.000000 0.000000 0.661090 6.553332 5.370568 -19.974700 -20.476007 -11.900215 4.373751 24.421579 7.955276 -0.658435 4.673126 -2.312859 -1.084485 -19.751387 -6.223482 0.000000 0.000000 0.000000 2.371538 2.190657 -0.542933 16.931382 -4.481885 2.430865 3.875566 17.137903 -6.945938 -2.905386 -11.608546 -7.281848 -0.022103 -2.431891 -1.041320 0.000000 0.000000 0.000000 9.808407 2.988626 0.638402 0.938183 -3.656438 0.150715 0.000000 0.000000 0.000000 -7.118190 -18.082446 -1.015501 7.552283 12.316784 -1.026069 -0.185506 8.911738 -0.180202 0.000000 0.000000 0.000000 -0.689345 -5.932913 15.828550 -101.427445 -6.412480 5.247801 -5.477911 1.995379 -40.004870 0.000000 0.000000 0.000000 20.019257 2.182662 12.320144 -5.539236 -0.177405 3.665919 0.000000 0.000000 0.000000 -5.839182 1.410065 62.869190 0.000000 0.000000 0.000000 -8.964698 8.189997 20.679879 11.093869 8.432765 74.405931 -37.352772 -10.074223 29.229596 0.000000 0.000000 0.000000 -21.104021 0.602104 -3.231459 5.598271 0.090388 1.848536 0.000000 0.000000 0.000000 -6.202450 -3.748275 -27.740519 0.000000 0.000000 0.000000
-0.070793 0.992359 -0.267643 0.000000 0.000000 0.000000 0.016339 7.771659 6.106042 -19.808329 -20.362870 -11.794157 4.476049 22.512061 7.295706 -0.551703 4.977577 -1.465883 -1.135992 -20.209874 -6.367885 0.000000 0.000000 0.000000 3.016818 2.184653 -0.242590 16.023893 -3.715174 1.976882 2.997710 16.252677 -6.438221 -2.449671 -10.128166 -6.327386 -0.021745 -3.185205 -0.782104 0.000000 0.000000 0.000000 9.637147 2.593594 0.665190 0.918099 -4.019782 0.162622 0.000000 0.000000 0.000000 -7.121880 -18.273597 -1.034515 7.884623 12.286851 -1.034979 -0.215024 8.857567 -0.177889 0.000000 0.000000 0.000000 0.179992 -6.143251 16.985293 -102.827540 -6.194935 4.944664 -5.808866 2.089512 -39.541186 0.000000 0.000000 0.000000 19.693274 2.123012 12.186805 -5.473334 -0.176365 3.688359 0.000000 0.000000 0.000000 -5.787720 1.381213 63.176105 0.000000 0.000000 0.000000 -9.359331 8.687953 22.251744 12.913353 9.737082 73.933883 -36.541966 -10.210470 30.283009 0.000000 0.000000 0.000000 -20.745665 0.604167 -3.299777 5.567386 0.090228 1.855513 0.000000 0.000000 0.000000 -5.757055 -3.543886 -26.796122 0.000000 0.000000 0.000000
-0.085491 0.995929 -0.262497 0.000000 0.000000 0.000000 -0.671459 8.758430 6.663692 -19.618676 -20.128774 -11.612389 4.449968 20.857934 6.753723 -0.447844 5.330805 -0.586239 -1.183842 -20.571645 -6.516634 0.000000 0.000000 0.000000 3.601122 2.281041 -0.048167 15.184850 -3.349035 1.750631 2.257645 15.654692 -6.081899 -2.031399 -8.524231 -5.478086 -0.017162 -3.985524 -0.493237 0.000000 0.000000 0.000000 9.366594 2.248721 0.678361 0.906376 -4.313236 0.172411 0.000000 0.000000 0.000000 -7.123885 -18.340939 -1.041266 8.074533 12.197240 -1.030325 -0.186584 8.763612 -0.177251 0.000000 0.000000 0.000000 0.994173 -6.187686 17.694798 -104.277027 -5.370718 4.176404 -6.012246 2.151995 -39.359067 0.000000 0.000000 0.000000 19.382774 2.131351 12.432639 -5.448683 -0.175960 3.696560 0.000000 0.000000 0.000000 -5.698296 1.339384 63.565349 0.000000 0.000000 0.000000 -9.563737 9.046766 23.379880 14.940503 11.169477 73.425209 -35.656579 -10.351063 31.458167 0.000000 0.000000 0.000000 -20.392482 0.586255 -3.258646 5.511149 0.088316 1.834762 0.000000 0.000000 0.000000 -5.192605 -3.253964 -25.874530 0.000000 0.000000 0.000000
-0.096090 1.001362 -0.257082 0.000000 0.000000 0.000000 -1.413881 9.622165 7.121540 -19.424157 -19.824629 -11.389884 4.268294 19.379252 6.300456 -0.333726 5.734660 0.432815 -1.224807 -20.922800 -6.626264 0.000000 0.000000 0.000000 4.167187 2.466331 0.068028 14.356274 -3.338871 1.714693 1.528065 15.279162 -5.822601 -1.592925 -6.645882 -4.575299 -0.005642 -4.934601 -0.130949 0.000000 0.000000 0.000000 9.016534 1.903169 0.683651 0.866483 -4.533795 0.177849 0.000000 0.000000 0.000000 -7.151122 -18.287034 -1.037711 8.132354 11.999580 -1.006050 -0.102850 8.612177 -0.177647 0.000000 0.000000 0.000000 1.752263 -6.093607 18.002463 -105.725449 -3.774470 2.858913 -6.113835 2.193985 -39.451497 0.000000 0.000000 0.000000 18.890804 2.168916 12.982955 -5.428083 -0.172715 3.642208 0.000000 0.000000 0.000000 -5.765579 1.329324 64.053354 0.000000 0.000000 0.000000 -9.546824 9.309336 24.156571 17.365880 12.813155 72.649979 -34.698592 -10.559416 32.956197 0.000000 0.000000 0.000000 -20.009397 0.547161 -3.100882 5.493886 0.086749 1.807869 0.000000 0.000000 0.000000 -4.456789 -2.847639 -24.862916 0.000000 0.000000 0.000000
-0.102761 1.005909 -0.249129 0.000000 0.000000 0.000000 -2.138048 10.327801 7.470323 -19.246483 -19.493806 -11.157268 3.985499 18.248249 5.976995 -0.218757 6.002454 1.427352 -1.265054 -21.223951 -6.744424 0.000000 0.000000 0.000000 4.572217 2.723986 0.050722 13.812048 -3.677078 1.866449 0.879429 15.209606 -5.697234 -1.177668 -4.785539 -3.645223 0.011805 -5.919749 0.228310 0.000000 0.000000 0.000000 8.497118 1.721110 0.658545 0.835874 -4.694634 0.181625 0.000000 0.000000 0.000000 -7.174405 -18.185249 -1.029149 8.158342 11.779503 -0.977498 0.054467 8.462539 -0.180719 0.000000 0.000000 0.000000 2.383828 -5.895053 17.924959 -106.837330 -1.540822 1.143568 -6.337592 2.298152 -39.831008 0.000000 0.000000 0.000000 18.406937 2.230261 13.700843 -5.399472 -0.165578 3.510331 0.000000 0.000000 0.000000 -5.857588 1.330182 64.432158 0.000000 0.000000 0.000000 -9.371343 9.425457 24.441535 19.661717 14.292158 71.772300 -33.784105 -10.767841 34.483519 0.000000 0.000000 0.000000 -19.700059 0.497195 -2.862965 5.468265 0.081852 1.713848 0.000000 0.000000 0.000000 -3.729463 -2.420218 -24.047960 0.000000 0.000000 0.000000
-0.108147 1.015953 -0.236584 0.000000 0.000000 0.000000 -2.816779 10.928480 7.758437 -19.181883 -19.213365 -10.980365 3.518380 17.578278 5.834145 -0.074385 6.059509 2.531382 -1.314256 -21.502802 -6.913365 0.000000 0.000000 0.000000 4.808119 3.034807 -0.089580 13.539322 -4.354860 2.197692 0.260206 15.535531 -5.724838 -0.749622 -2.857752 -2.553359 0.040059 -7.086955 0.646889 0.000000 0.000000 0.000000 7.842271 1.715337 0.606202 0.796923 -4.779218 0.182145 0.000000 0.000000 0.000000 -7.195233 -18.039960 -1.016092 8.115138 11.484873 -0.936711 0.268181 8.319102 -0.185641 0.000000 0.000000 0.000000 2.824886 -5.610342 17.446316 -107.469937 1.606857 -1.178881 -6.672872 2.481320 -40.759014 0.000000 0.000000 0.000000 17.780598 2.304156 14.651965 -5.375717 -0.153498 3.268754 0.000000 0.000000 0.000000 -6.166911 1.384141 64.722069 0.000000 0.000000 0.000000 -8.976109 9.408415 24.256900 22.029289 15.717568 70.682928 -32.985262 -11.062745 36.224455 0.000000 0.000000 0.000000 -19.442219 0.424194 -2.475767 5.428871 0.076377 1.610840 0.000000 0.000000 0.000000 -3.119579 -2.051111 -23.357860 0.000000 0.000000 0.000000
-0.110988 1.020016 -0.217995 0.000000 0.000000 0.000000 -3.510932 11.519452 8.045110 -19.135065 -18.884586 -10.779928 3.060756 16.930135 5.691583 0.054670 6.132484 3.539844 -1.350150 -21.636205 -7.056999 0.000000 0.000000 0.000000 5.004085 3.371682 -0.271472 13.428358 -5.219612 2.628165 -0.257934 15.926528 -5.788646 -0.357604 -1.033547 -1.425404 0.075406 -8.141596 1.059511 0.000000 0.000000 0.000000 7.067555 1.863557 0.532566 0.748699 -4.817542 0.180438 0.000000 0.000000 0.000000 -7.203731 -17.876023 -1.000400 8.031864 11.147322 -0.889360 0.506142 8.161532 -0.190543 0.000000 0.000000 0.000000 3.189910 -5.286756 16.781792 -107.597260 5.319935 -3.895098 -6.595360 2.507469 -41.596315 0.000000 0.000000 0.000000 16.945848 2.325324 15.516178 -5.382924 -0.143618 3.054356 0.000000 0.000000 0.000000 -6.769060 1.521703 64.687849 0.000000 0.000000 0.000000 -8.533946 9.310190 23.825714 24.136027 16.866220 69.478662 -32.010651 -11.237116 37.860259 0.000000 0.000000 0.000000 -19.110775 0.351838 -2.089861 5.427620 0.070676 1.490966 0.000000 0.000000 0.000000 -2.297596 -1.525799 -22.828861 0.000000 0.000000 0.000000
-0.113601 1.019229 -0.196872 0.000000 0.000000 0.000000 -4.249916 12.181141 8.393600 -19.078072 -18.586569 -10.595542 2.513807 16.335124 5.576277 0.172777 6.280196 4.535168 -1.377581 -21.671569 -7.188013 0.000000 0.000000 0.000000 5.179232 3.721881 -0.475941 13.467296 -6.284364 3.167699 -0.755832 16.470170 -5.907455 0.034372 0.896328 -0.153320 0.131277 -9.410793 1.594812 0.000000 0.000000 0.000000 6.165717 2.186705 0.439270 0.673344 -4.805168 0.175280 0.000000 0.000000 0.000000 -7.192744 -17.684933 -0.980867 7.875318 10.749603 -0.832845 0.737244 7.989739 -0.194153 0.000000 0.000000 0.000000 3.570774 -4.923566 15.994389 -107.108651 9.492536 -7.017482 -6.237939 2.420605 -42.384601 0.000000 0.000000 0.000000 15.776842 2.266896 16.253186 -5.349256 -0.129528 2.772180 0.000000 0.000000 0.000000 -7.680615 1.750340 64.359417 0.000000 0.000000 0.000000 -7.997412 9.155490 23.214603 26.050152 17.752775 68.047684 -30.901134 -11.346602 39.539102 0.000000 0.000000 0.000000 -18.728298 0.269839 -1.636209 5.404200 0.063223 1.339539 0.000000 0.000000 0.000000 -1.384542 -0.926477 -22.423848 0.000000 0.000000 0.000000
-0.112647 1.023646 -0.183662 0.000000 0.000000 0.000000 -5.031464 12.947096 8.840435 -19.001726 -18.432876 -10.490669 1.803365 15.919227 5.543407 0.339685 6.225907 5.734071 -1.405391 -21.769771 -7.298952 0.000000 0.000000 0.000000 5.356777 3.999730 -0.622327 13.632778 -7.325799 3.706915 -1.310609 16.904321 -5.972635 0.427259 2.842465 1.364002 0.196803 -10.514383 2.138601 0.000000 0.000000 0.000000 5.166662 2.710136 0.332172 0.597115 -4.768604 0.169289 0.000000 0.000000 0.000000 -7.119618 -17.518141 -0.960241 7.723908 10.308312 -0.771983 0.963463 7.817637 -0.196895 0.000000 0.000000 0.000000 3.992056 -4.578336 15.269190 -106.162033 13.607161 -10.244541 -5.606785 2.214564 -43.079602 0.000000 0.000000 0.000000 14.562057 2.167170 16.841670 -5.286337 -0.112550 2.437637 0.000000 0.000000 0.000000 -8.540952 1.995524 63.742895 0.000000 0.000000 0.000000 -7.581352 8.991218 22.627467 27.681595 18.345292 66.481067 -30.131363 -11.479149 40.951172 0.000000 0.000000 0.000000 -18.267647 0.209411 -1.302420 5.314849 0.054574 1.175774 0.000000 0.000000 0.000000 -0.616119 -0.413777 -22.230812 0.000000 0.000000 0.000000
-0.110936 1.014991 -0.177157 0.000000 0.000000 0.000000 -5.919597 13.888332 9.440282 -18.928783 -18.506057 -10.517262 0.925101 15.667644 5.590195 0.559877 6.036452 7.183555 -1.439705 -21.874864 -7.439985 0.000000 0.000000 0.000000 5.540066 4.247322 -0.742855 13.943864 -8.314550 4.236852 -1.968731 17.249744 -5.984701 0.831677 4.957410 3.241713 0.288804 -11.671960 2.825009 0.000000 0.000000 0.000000 4.057756 3.468201 0.215290 0.502237 -4.689542 0.160824 0.000000 0.000000 0.000000 -7.027768 -17.346394 -0.938332 7.544787 9.774686 -0.700152 1.199164 7.621590 -0.198494 0.000000 0.000000 0.000000 4.454084 -4.223457 14.521919 -104.586179 18.014867 -13.973152 -4.716401 1.883023 -43.509967 0.000000 0.000000 0.000000 13.140982 1.992173 17.167996 -5.226898 -0.095431 2.090503 0.000000 0.000000 0.000000 -9.410198 2.285730 62.750243 0.000000 0.000000 0.000000 -7.215941 8.796269 21.980666 29.106132 18.640015 64.599621 -29.525046 -11.626118 42.247627 0.000000 0.000000 0.000000 -17.713474 0.159564 -1.023985 5.177501 0.047053 1.040664 0.000000 0.000000 0.000000 0.098849 0.066376 -22.237815 0.000000 0.000000 0.000000
-0.104943 1.018009 -0.184547 0.000000 0.000000 0.000000 -6.748837 14.724190 9.986380 -18.905790 -18.468948 -10.491032 0.139478 15.515150 5.655707 0.769538 5.671219 8.337805 -1.482992 -22.095461 -7.584873 0.000000 0.000000 0.000000 5.648629 4.581376 -0.969778 14.366250 -9.431871 4.851876 -2.415752 17.588001 -6.026631 1.138639 6.893558 4.931427 0.386370 -12.631882 3.489727 0.000000 0.000000 0.000000 2.997269 4.371332 0.110087 0.458489 -4.612956 0.155693 0.000000 0.000000 0.000000 -6.922121 -17.240391 -0.922295 7.431684 9.269672 -0.634479 1.463885 7.470441 -0.201675 0.000000 0.000000 0.000000 4.807402 -3.837760 13.578263 -102.231632 22.191475 -17.974401 -3.672443 1.495989 -44.316129 0.000000 0.000000 0.000000 11.699656 1.782113 17.263700 -5.170936 -0.084429 1.869572 0.000000 0.000000 0.000000 -10.387792 2.628748 61.667520 0.000000 0.000000 0.000000 -6.916559 8.505086 21.095265 30.457350 18.866235 62.791422 -29.234213 -11.908136 43.592987 0.000000 0.000000 0.000000 -17.292451 0.112491 -0.739764 5.136717 0.039645 0.883805 0.000000 0.000000 0.000000 0.668041 0.448183 -22.285652 0.000000 0.000000 0.000000
-0.097360 1.024756 -0.200697 0.000000 0.000000 0.000000 -7.593181 15.579288 10.572868 -18.907746 -18.471169 -10.492725 -0.661116 15.460278 5.758463 0.982644 5.193611 9.344287 -1.558407 -22.456728 -7.838367 0.000000 0.000000 0.000000 5.689356 4.961762 -1.266944 14.934962 -10.577854 5.510271 -2.751736 17.890915 -6.073134 1.387573 8.827508 6.606221 0.506299 -13.613251 4.239870 0.000000 0.000000 0.000000 1.942753 5.500394 0.014869 0.440563 -4.525855 0.151851 0.000000 0.000000 0.000000 -6.785692 -17.209626 -0.911953 7.348850 8.756416 -0.569083 1.725699 7.362647 -0.205648 0.000000 0.000000 0.000000 5.148017 -3.416626 12.489521 -99.084306 26.194202 -22.444554 -2.441815 1.017385 -45.233122 0.000000 0.000000 0.000000 10.116299 1.521711 17.065966 -5.056545 -0.074249 1.681413 0.000000 0.000000 0.000000 -11.457179 3.041265 60.355883 0.000000 0.000000 0.000000 -6.709009 8.132391 20.018086 31.712615 18.965990 60.918846 -29.065706 -12.222754 44.884370 0.000000 0.000000 0.000000 -16.925364 0.074112 -0.498109 5.051243 0.031514 0.714445 0.000000 0.000000 0.000000 1.120529 0.748763 -22.497463 0.000000 0.000000 0.000000
-0.087001 1.026177 -0.224616 0.000000 0.000000 0.000000 -8.373741 16.363726 11.133605 -18.893668 -18.391055 -10.443699 -1.341355 15.492670 5.875852 1.170211 4.801618 10.211965 -1.664133 -23.031474 -8.154773 0.000000 0.000000 0.000000 5.743262 5.407845 -1.614670 15.441809 -11.780432 6.206170 -2.996657 18.100122 -6.101914 1.556919 10.689692 8.045145 0.622501 -14.345075 4.943649 0.000000 0.000000 0.000000 1.012197 6.732978 -0.057324 0.469682 -4.431246 0.150602 0.000000 0.000000 0.000000 -6.664661 -17.177812 -0.902421 7.324279 8.253991 -0.506004 2.012415 7.247900 -0.209560 0.000000 0.000000 0.000000 5.462249 -2.990286 11.339172 -95.456112 29.505613 -26.923915 -1.240151 0.534784 -46.652490 0.000000 0.000000 0.000000 8.823247 1.293880 16.653466 -4.972009 -0.067351 1.551186 0.000000 0.000000 0.000000 -12.358035 3.438652 59.007296 0.000000 0.000000 0.000000 -6.512336 7.732792 18.880416 32.811301 18.969519 59.145118 -29.531951 -12.886152 46.385458 0.000000 0.000000 0.000000 -16.590311 0.037037 -0.254032 5.006449 0.024577 0.562181 0.000000 0.000000 0.000000 1.452570 0.968288 -22.626431 0.000000 0.000000 0.000000
-0.078700 0.998986 -0.246514 0.000000 0.000000 0.000000 -9.147652 17.134017 11.705768 -18.907362 -18.307835 -10.398775 -1.898956 15.685486 6.037424 1.340280 4.459206 10.977603 -1.815365 -23.861936 -8.576178 0.000000 0.000000 0.000000 5.762832 5.965983 -2.073358 15.984988 -13.033605 6.949394 -3.129524 18.212909 -6.116904 1.664503 12.599871 9.311409 0.748314 -14.938026 5.703226 0.000000 0.000000 0.000000 0.175642 8.189596 -0.110573 0.535535 -4.313632 0.150719 0.000000 0.000000 0.000000 -6.559619 -17.173575 -0.896372 7.362018 7.726620 -0.439947 2.358928 7.131734 -0.214462 0.000000 0.000000 0.000000 5.760389 -2.512453 9.984098 -91.107544 32.384133 -31.795729 0.174809 -0.079054 -48.667540 0.000000 0.000000 0.000000 7.725064 1.083604 15.946284 -4.910549 -0.064824 1.511703 0.000000 0.000000 0.000000 -13.211307 3.874170 57.438330 0.000000 0.000000 0.000000 -6.332825 7.253318 17.538475 33.704034 18.846563 57.437472 -30.669173 -13.926067 48.013946 0.000000 0.000000 0.000000 -16.264143 0.008868 -0.062063 4.964560 0.018737 0.432218 0.000000 0.000000 0.000000 1.681773 1.118424 -22.752167 0.000000 0.000000 0.000000
-0.069521 0.997832 -0.265654 0.000000 0.000000 0.000000 -9.785436 17.737745 12.162795 -18.888481 -18.106039 -10.278908 -2.336385 15.947509 6.209540 1.452463 4.176979 11.404203 -1.994430 -24.765442 -9.066203 0.000000 0.000000 0.000000 5.715334 6.587118 -2.616207 16.584018 -14.349074 7.752368 -3.164699 18.422037 -6.181901 1.708511 14.230966 10.188653 0.848028 -15.320713 6.298767 0.000000 0.000000 0.000000 -0.541292 9.684126 -0.141511 0.667680 -4.214870 0.155143 0.000000 0.000000 0.000000 -6.465711 -17.187617 -0.892610 7.458588 7.228027 -0.376812 2.719798 6.997936 -0.218239 0.000000 0.000000 0.000000 5.977424 -2.025069 8.519774 -86.319475 34.517700 -36.660511 1.759457 -0.838915 -50.981198 0.000000 0.000000 0.000000 6.811944 0.899530 15.027767 -4.857453 -0.064361 1.517324 0.000000 0.000000 0.000000 -13.921483 4.305935 55.770372 0.000000 0.000000 0.000000 -6.044826 6.721900 16.057218 34.531625 18.656428 55.712445 -32.162415 -15.140192 49.499496 0.000000 0.000000 0.000000 -16.199999 -0.013296 0.093425 4.960375 0.014834 0.342465 0.000000 0.000000 0.000000 1.544494 1.023597 -22.933763 0.000000 0.000000 0.000000
-0.056556 0.988757 -0.283572 0.000000 0.000000 0.000000 -10.319926 18.265891 12.581598 -18.872128 -17.851263 -10.129297 -2.695465 16.278561 6.398858 1.515163 3.982686 11.596928 -2.226494 -25.780441 -9.706952 0.000000 0.000000 0.000000 5.597921 7.266891 -3.239800 17.284421 -15.713015 8.619931 -3.123779 18.681974 -6.277963 1.711440 15.716741 10.716800 0.921807 -15.473304 6.777375 0.000000 0.000000 0.000000 -1.164275 11.302558 -0.154303 0.850880 -4.139845 0.163075 0.000000 0.000000 0.000000 -6.373607 -17.229507 -0.891455 7.656305 6.711051 -0.309372 3.119619 6.833668 -0.220656 0.000000 0.000000 0.000000 6.203890 -1.509890 6.941250 -81.256560 35.941066 -41.418121 3.557597 -1.811880 -53.968349 0.000000 0.000000 0.000000 6.129023 0.739656 13.749650 -4.801281 -0.070188 1.674077 0.000000 0.000000 0.000000 -14.541853 4.770532 53.838241 0.000000 0.000000 0.000000 -5.668582 6.146633 14.475865 35.183906 18.327246 53.931386 -34.233559 -16.669074 50.881762 0.000000 0.000000 0.000000 -16.356246 -0.020423 0.142108 4.958172 0.012780 0.295175 0.000000 0.000000 0.000000 1.017122 0.671134 -23.164192 0.000000 0.000000 0.000000
-0.040588 0.990731 -0.302730 0.000000 0.000000 0.000000 -10.584748 18.504568 12.768808 -18.786976 -17.461102 -9.888432 -3.013528 16.912458 6.705448 1.553878 3.752124 11.594881 -2.462232 -26.749019 -10.329331 0.000000 0.000000 0.000000 5.359429 7.942231 -3.909607 18.015185 -17.027186 9.489618 -2.977007 19.101730 -6.448706 1.698907 16.738179 10.942092 0.959819 -15.392778 7.093437 0.000000 0.000000 0.000000 -1.633917 12.872567 -0.152026 1.066389 -4.023059 0.171044 0.000000 0.000000 0.000000 -6.306546 -17.275076 -0.891932 7.808412 6.286767 -0.252875 3.488850 6.703749 -0.222996 0.000000 0.000000 0.000000 6.292462 -0.996859 5.275146 -76.222872 36.773135 -45.929148 5.636606 -3.037016 -56.604367 0.000000 0.000000 0.000000 5.768740 0.639686 12.644687 -4.789258 -0.073522 1.757989 0.000000 0.000000 0.000000 -14.910954 5.168917 51.938548 0.000000 0.000000 0.000000 -5.074076 5.507859 12.755705 35.632368 17.973588 52.403255 -36.358102 -18.182377 51.959282 0.000000 0.000000 0.000000 -16.720971 -0.010033 0.068270 5.015496 0.013177 0.300859 0.000000 0.000000 0.000000 0.267264 0.174999 -23.568203 0.000000 0.000000 0.000000
-0.021078 0.984983 -0.320687 0.000000 0.000000 0.000000 -10.569414 18.465538 12.730824 -18.616379 -16.913309 -9.541919 -3.323718 17.881881 7.151196 1.556223 3.431093 11.272243 -2.713171 -27.687526 -10.978095 0.000000 0.000000 0.000000 4.980169 8.678645 -4.685102 18.823164 -18.418519 10.444532 -2.656379 19.801041 -6.751015 1.679885 17.287078 10.798860 0.950386 -14.966031 7.226046 0.000000 0.000000 0.000000 -1.949282 14.505964 -0.141307 1.315517 -3.863580 0.178753 0.000000 0.000000 0.000000 -6.303484 -17.310462 -0.894962 8.005977 5.949442 -0.205750 3.919511 6.581431 -0.226288 0.000000 0.000000 0.000000 6.276622 -0.435352 3.386804 -71.234802 37.040792 -50.122582 7.943353 -4.541111 -59.458780 0.000000 0.000000 0.000000 5.738603 0.582923 11.590799 -4.804059 -0.075765 1.806015 0.000000 0.000000 0.000000 -15.041776 5.518731 49.889138 0.000000 0.000000 0.000000 -4.198125 4.745153 10.779892 35.763844 17.497642 51.000269 -38.975028 -19.955410 52.867926 0.000000 0.000000 0.000000 -17.308739 0.017120 -0.112479 5.058568 0.017399 0.393878 0.000000 0.000000 0.000000 -0.877240 -0.568067 -24.149468 0.000000 0.000000 0.000000
0.003800 0.982412 -0.339995 0.000000 0.000000 0.000000 -10.425456 18.232149 12.518115 -18.357597 -16.431023 -9.218471 -3.479356 19.021997 7.644119 1.538110 3.213610 10.938986 -2.928195 -28.509510 -11.489638 0.000000 0.000000 0.000000 4.475082 9.402523 -5.493099 19.678775 -19.625975 11.332115 -2.374399 20.452766 -7.033893 1.661883 17.579454 10.494747 0.938436 -14.641661 7.294857 0.000000 0.000000 0.000000 -2.179344 16.067213 -0.125699 1.550984 -3.708178 0.185211 0.000000 0.000000 0.000000 -6.284344 -17.435425 -0.905183 8.055593 5.542505 -0.151544 4.233005 6.393960 -0.222357 0.000000 0.000000 0.000000 6.238862 0.100604 1.571265 -66.215719 37.034540 -54.372636 10.487032 -6.257433 -61.556762 0.000000 0.000000 0.000000 5.811465 0.547644 10.757661 -4.831982 -0.073740 1.747593 0.000000 0.000000 0.000000 -14.957184 5.784962 47.896946 0.000000 0.000000 0.000000 -3.340338 3.942842 8.793528 35.629238 16.981450 49.835643 -41.218852 -21.338098 53.218073 0.000000 0.000000 0.000000 -17.822639 0.106585 -0.679749 5.049603 0.024152 0.547716 0.000000 0.000000 0.000000 -1.895376 -1.205943 -25.069280 0.000000 0.000000 0.000000
0.034864 0.968895 -0.359222 0.000000 0.000000 0.000000 -10.275951 17.823044 12.121954 -17.807560 -16.053125 -8.903659 -3.651599 20.371781 8.231635 1.513127 3.176250 10.748280 -3.155855 -29.412679 -11.983151 0.000000 0.000000 0.000000 3.931355 10.184422 -6.357040 20.497276 -20.720181 12.170446 -2.167630 21.035341 -7.280916 1.640925 17.712130 9.984845 0.936346 -14.406452 7.398453 0.000000 0.000000 0.000000 -2.333062 17.559493 -0.108642 1.791735 -3.582959 0.192613 0.000000 0.000000 0.000000 -6.259447 -17.554880 -0.914540 8.042487 5.058292 -0.088546 4.481459 6.089071 -0.209047 0.000000 0.000000 0.000000 6.254233 0.650749 -0.278196 -61.438657 36.829015 -58.523743 13.207650 -8.185370 -63.436222 0.000000 0.000000 0.000000 5.981205 0.529106 10.101552 -4.914551 -0.071555 1.667281 0.000000 0.000000 0.000000 -14.749299 5.988858 45.986146 0.000000 0.000000 0.000000 -2.561187 3.096210 6.776716 35.352316 16.479740 48.875099 -43.560811 -22.622317 53.183970 0.000000 0.000000 0.000000 -18.266446 0.228282 -1.419868 4.990281 0.033397 0.766406 0.000000 0.000000 0.000000 -3.053472 -1.903621 -26.126294 0.000000 0.000000 0.000000
0.067000 0.968243 -0.378917 0.000000 0.000000 0.000000 -10.083216 17.190629 11.506649 -17.119824 -15.657975 -8.560279 -3.589478 21.549718 8.703239 1.404043 3.349228 10.245175 -3.362736 -30.174240 -12.428620 0.000000 0.000000 0.000000 3.443650 11.040527 -7.255992 21.083845 -21.708980 12.909540 -1.716845 21.511064 -7.544403 1.611868 17.643249 9.158072 0.916259 -14.152906 7.370873 0.000000 0.000000 0.000000 -2.390470 18.794181 -0.096317 1.983916 -3.486438 0.198301 0.000000 0.000000 0.000000 -6.329672 -17.698492 -0.931593 8.009063 4.593078 -0.028822 4.753990 5.735599 -0.191726 0.000000 0.000000 0.000000 6.413008 1.227995 -2.193505 -56.398253 36.362074 -62.976333 16.188890 -10.240466 -64.423942 0.000000 0.000000 0.000000 6.074154 0.509227 9.575499 -4.971635 -0.066209 1.525015 0.000000 0.000000 0.000000 -14.350571 6.090913 44.180811 0.000000 0.000000 0.000000 -1.804697 2.159197 4.621365 35.120730 16.114843 48.201417 -45.173207 -23.453724 53.038889 0.000000 0.000000 0.000000 -18.556623 0.353251 -2.162056 4.995889 0.040413 0.926345 0.000000 0.000000 0.000000 -3.783020 -2.312355 -27.141233 0.000000 0.000000 0.000000
0.100633 0.976082 -0.399457 0.000000 0.000000 0.000000 -9.981847 16.368918 10.676478 -16.135791 -15.229736 -8.155314 -3.280026 22.540021 9.040772 1.205113 3.935982 9.561359 -3.629869 -31.119955 -12.984384 0.000000 0.000000 0.000000 3.062250 12.040796 -8.235225 21.377487 -22.628875 13.543939 -1.063477 21.763793 -7.775309 1.569263 17.513887 7.997979 0.914039 -14.053370 7.405528 0.000000 0.000000 0.000000 -2.354711 19.828455 -0.091758 2.138979 -3.444986 0.204343 0.000000 0.000000 0.000000 -6.465580 -17.888737 -0.957072 7.938651 4.086328 0.034663 5.011591 5.293029 -0.166743 0.000000 0.000000 0.000000 6.744880 1.851477 -4.263253 -50.915955 35.530052 -67.879918 19.642713 -12.517168 -64.709361 0.000000 0.000000 0.000000 6.005276 0.482857 9.185671 -4.954106 -0.058827 1.359784 0.000000 0.000000 0.000000 -13.698077 6.068082 42.377374 0.000000 0.000000 0.000000 -1.165344 1.098248 2.232928 34.961767 15.908278 47.850487 -46.379447 -23.974191 52.728597 0.000000 0.000000 0.000000 -18.714798 0.468800 -2.844347 4.961243 0.045693 1.054700 0.000000 0.000000 0.000000 -4.304696 -2.579748 -28.147827 0.000000 0.000000 0.000000
0.132485 0.973074 -0.417350 0.000000 0.000000 0.000000 -9.952824 15.323213 9.603782 -14.944874 -14.708021 -7.678280 -2.765476 23.430922 9.283998 0.938245 4.684926 8.533240 -3.931558 -31.979906 -13.660359 0.000000 0.000000 0.000000 2.734061 13.143661 -9.282128 21.511369 -23.578174 14.159604 -0.188172 22.027474 -8.062800 1.500245 17.170672 6.326161 0.922015 -14.100557 7.444788 0.000000 0.000000 0.000000 -2.291776 20.550449 -0.092294 2.266565 -3.405409 0.208972 0.000000 0.000000 0.000000 -6.704817 -17.983721 -0.980476 7.932690 3.653303 0.090473 5.381235 4.797251 -0.136938 0.000000 0.000000 0.000000 7.354926 2.549091 -6.616519 -45.007461 34.130364 -73.074448 23.531108 -14.784749 -63.838420 0.000000 0.000000 0.000000 5.854933 0.459691 8.970832 -4.952752 -0.048759 1.127395 0.000000 0.000000 0.000000 -12.966945 5.966316 40.730821 0.000000 0.000000 0.000000 -0.550717 -0.112059 -0.423043 35.286356 15.904682 47.423936 -46.819870 -24.398475 53.071107 0.000000 0.000000 0.000000 -18.934750 0.556298 -3.335061 5.000722 0.046957 1.075306 0.000000 0.000000 0.000000 -4.493546 -2.641843 -29.112596 0.000000 0.000000 0.000000
0.159487 0.978134 -0.435558 0.000000 0.000000 0.000000 -10.112643 14.031535 8.231399 -13.451659 -14.029681 -7.090564 -1.913569 24.072155 9.336942 0.570428 5.757346 6.994593 -4.325153 -32.890434 -14.580668 0.000000 0.000000 0.000000 2.479928 14.398226 -10.437018 21.385740 -24.505744 14.691172 0.972686 22.133320 -8.358838 1.389913 16.704494 4.060112 0.940431 -14.271014 7.501703 0.000000 0.000000 0.000000 -2.239375 20.925817 -0.094694 2.355743 -3.377611 0.212149 0.000000 0.000000 0.000000 -7.044940 -18.030613 -1.005890 8.038244 3.269070 0.144617 5.867600 4.239242 -0.099689 0.000000 0.000000 0.000000 8.324693 3.322711 -9.344673 -38.765695 31.962672 -78.293551 28.020294 -16.993772 -61.821340 0.000000 0.000000 0.000000 5.645795 0.442467 8.955172 -5.015521 -0.033054 0.754710 0.000000 0.000000 0.000000 -12.051513 5.751618 39.101231 0.000000 0.000000 0.000000 -0.006434 -1.531857 -3.484670 36.199775 16.176435 46.998122 -46.571966 -24.744255 54.013899 0.000000 0.000000 0.000000 -19.215023 0.616570 -3.641284 5.126235 0.046266 1.033515 0.000000 0.000000 0.000000 -4.377601 -2.524661 -30.070066 0.000000 0.000000 0.000000
0.181440 0.976272 -0.455457 0.000000 0.000000 0.000000 -10.535291 12.565471 6.599987 -11.715111 -13.295761 -6.466107 -0.999302 24.540390 9.297531 0.181376 6.924264 5.150668 -4.766012 -33.697876 -15.648281 0.000000 0.000000 0.000000 2.324342 15.687363 -11.598615 21.103515 -25.394886 15.151037 2.244066 22.175289 -8.658582 1.223775 16.064355 1.279446 0.957120 -14.573283 7.474892 0.000000 0.000000 0.000000 -2.295313 20.944621 -0.089467 2.425393 -3.380848 0.215818 0.000000 0.000000 0.000000 -7.470722 -17.938626 -1.022854 8.134392 2.980586 0.186481 6.412394 3.639357 -0.054274 0.000000 0.000000 0.000000 9.532070 4.109619 -12.336860 -32.411019 28.881597 -83.085494 32.951871 -18.851551 -58.611856 0.000000 0.000000 0.000000 5.209663 0.413165 9.062801 -5.016058 -0.013899 0.317307 0.000000 0.000000 0.000000 -11.070769 5.467164 37.543436 0.000000 0.000000 0.000000 0.380737 -3.076773 -6.789538 38.065059 16.587971 45.816638 -45.339335 -24.962263 55.841822 0.000000 0.000000 0.000000 -19.551039 0.647255 -3.755473 5.299722 0.042507 0.918414 0.000000 0.000000 0.000000 -3.952474 -2.240666 -30.915244 0.000000 0.000000 0.000000
0.200001 0.972641 -0.476821 0.000000 0.000000 0.000000 -11.356428 10.912974 4.627649 -9.576493 -12.445267 -5.765256 0.134209 24.834454 9.130402 -0.238811 8.344095 2.925308 -5.308827 -34.518767 -16.974319 0.000000 0.000000 0.000000 2.337604 17.095055 -12.830001 20.532533 -26.261238 15.503837 3.678280 22.075187 -8.939857 0.981161 15.356133 -2.157125 0.974689 -15.004988 7.390921 0.000000 0.000000 0.000000 -2.450594 20.528665 -0.078517 2.467490 -3.405848 0.219173 0.000000 0.000000 0.000000 -7.970868 -17.668992 -1.024775 8.267519 2.778680 0.219141 7.040364 2.934408 0.006284 0.000000 0.000000 0.000000 11.089764 4.930378 -15.810822 -25.891129 24.689089 -87.186865 38.622504 -20.288351 -54.097858 0.000000 0.000000 0.000000 4.559940 0.369938 9.271397 -5.003694 0.009562 -0.218839 0.000000 0.000000 0.000000 -9.879362 5.042327 36.006537 0.000000 0.000000 0.000000 0.488007 -4.836145 -10.615540 41.149974 17.120975 43.702681 -42.869370 -24.998797 58.903667 0.000000 0.000000 0.000000 -19.952061 0.627400 -3.565774 5.509695 0.035005 0.727461 0.000000 0.000000 0.000000 -3.151993 -1.757884 -31.711159 0.000000 0.000000 0.000000
0.218839 0.974719 -0.500228 0.000000 0.000000 0.000000 -12.618248 9.324459 2.512338 -7.166642 -11.359639 -4.972150 1.283295 24.627399 8.771110 -0.661141 10.208560 0.460861 -5.949481 -35.326384 -18.537019 0.000000 0.000000 0.000000 2.618474 18.589428 -14.095079 19.692064 -27.132925 15.765510 5.205225 21.624624 -9.091911 0.698004 14.947136 -6.126582 0.981362 -15.585959 7.161490 0.000000 0.000000 0.000000 -2.737807 19.834163 -0.060609 2.500168 -3.490958 0.225042 0.000000 0.000000 0.000000 -8.487713 -17.323856 -1.016863 8.480696 2.629118 0.249149 7.665721 2.205658 0.076650 0.000000 0.000000 0.000000 13.016125 5.687881 -19.576889 -19.824582 19.751188 -89.783206 44.067453 -20.834476 -48.861099 0.000000 0.000000 0.000000 3.699598 0.311062 9.608940 -4.844626 0.032772 -0.774690 0.000000 0.000000 0.000000 -8.557284 4.490689 34.684433 0.000000 0.000000 0.000000 0.190740 -6.649356 -14.736956 45.016416 17.563493 40.891053 -39.770646 -24.663612 62.298040 0.000000 0.000000 0.000000 -20.530970 0.589317 -3.253098 5.795065 0.022959 0.453601 0.000000 0.000000 0.000000 -2.258724 -1.235503 -32.647814 0.000000 0.000000 0.000000
0.238307 0.982596 -0.527468 0.000000 0.000000 0.000000 -14.188363 7.825009 0.295744 -4.489486 -10.107272 -4.142858 2.311191 24.067983 8.322518 -1.032073 12.311001 -2.210964 -6.690339 -36.049168 -20.366912 0.000000 0.000000 0.000000 3.024844 19.941801 -15.236100 18.612864 -27.835618 15.837844 6.685659 21.006758 -9.149014 0.375360 14.653533 -10.509640 0.970895 -16.255686 6.790382 0.000000 0.000000 0.000000 -3.277529 18.816613 -0.032415 2.463565 -3.575596 0.227324 0.000000 0.000000 0.000000 -9.006526 -16.902433 -0.997075 8.851367 2.508292 0.283571 8.325424 1.461478 0.157225 0.000000 0.000000 0.000000 15.155980 6.291940 -23.351154 -14.076270 14.284380 -90.849502 49.085879 -20.532557 -43.271490 0.000000 0.000000 0.000000 2.738227 0.239072 9.977714 -4.629201 0.054310 -1.343610 0.000000 0.000000 0.000000 -7.161433 3.850623 33.511428 0.000000 0.000000 0.000000 -0.421939 -8.402779 -18.943699 49.481584 17.731437 37.401518 -36.158862 -23.817331 65.725495 0.000000 0.000000 0.000000 -21.272232 0.560895 -2.986049 6.096930 0.008067 0.151477 0.000000 0.000000 0.000000 -1.205559 -0.643629 -33.807139 0.000000 0.000000 0.000000
0.261847 0.983508 -0.561130 0.000000 0.000000 0.000000 -16.334924 6.756739 -1.833056 -1.583153 -8.792864 -3.344233 3.239538 23.083841 7.763685 -1.298163 14.976639 -4.494945 -7.517812 -36.793115 -22.348665 0.000000 0.000000 0.000000 3.772860 21.314290 -16.364361 17.221435 -28.558214 15.807054 8.052684 19.799119 -8.897020 0.203682 15.283081 -15.169760 0.918437 -16.840839 6.198423 0.000000 0.000000 0.000000 -4.000112 17.519283 -0.008892 2.443406 -3.744304 0.234541 0.000000 0.000000 0.000000 -9.375780 -16.307678 -0.945759 9.231404 2.391714 0.318676 8.823947 0.699639 0.243434 0.000000 0.000000 0.000000 17.492431 6.758415 -27.303617 -9.818196 9.770023 -89.716810 52.727068 -19.863877 -38.917234 0.000000 0.000000 0.000000 1.534003 0.140004 10.428962 -4.320846 0.067613 -1.792142 0.000000 0.000000 0.000000 -6.059895 3.304392 32.825296 0.000000 0.000000 0.000000 -1.768229 -9.908972 -23.254335 54.870813 17.361175 32.776644 -31.676877 -22.382065 69.781922 0.000000 0.000000 0.000000 -22.160444 0.426841 -2.179358 6.448017 -0.017760 -0.315288 0.000000 0.000000 0.000000 -0.154298 -0.080187 -35.079303 0.000000 0.000000 0.000000
0.286544 0.978571 -0.601974 0.000000 0.000000 0.000000 -18.967674 5.884325 -4.114919 1.609481 -7.239755 -2.523428 4.140067 21.830212 7.141025 -1.465791 18.182472 -6.928658 -8.354242 -37.259923 -24.447456 0.000000 0.000000 0.000000 4.750033 22.785676 -17.599873 15.659801 -29.376143 15.756698 9.511455 18.202654 -8.449722 0.168489 16.393488 -20.604846 0.774125 -17.212118 5.111692 0.000000 0.000000 0.000000 -4.840273 15.868926 -0.006978 2.393333 -3.959287 0.242300 0.000000 0.000000 0.000000 -9.701669 -15.513900 -0.864797 9.636409 2.279438 0.355246 9.243298 -0.102262 0.337522 0.000000 0.000000 0.000000 19.998098 7.130545 -31.824026 -6.482279 6.145954 -86.942652 55.366003 -19.136755 -35.625412 0.000000 0.000000 0.000000 0.263329 0.025177 10.923008 -4.001119 0.076330 -2.184941 0.000000 0.000000 0.000000 -5.245097 2.888758 32.335678 0.000000 0.000000 0.000000 -3.916916 -11.223933 -28.074345 61.084388 15.819718 26.500275 -25.739455 -19.678109 74.403310 0.000000 0.000000 0.000000 -23.274686 0.158615 -0.770151 6.794975 -0.058777 -0.990041 0.000000 0.000000 0.000000 0.902756 0.454378 -36.566397 0.000000 0.000000 0.000000
0.311524 0.972491 -0.644290 0.000000 0.000000 0.000000 -22.082523 5.440422 -6.333456 4.872843 -5.669704 -1.795888 5.095443 20.300815 6.443054 -1.486083 21.925035 -9.124527 -9.338363 -37.645194 -26.948604 0.000000 0.000000 0.000000 6.141434 24.245167 -18.829739 13.687197 -30.227955 15.566643 11.043104 16.129124 -7.740119 0.471414 18.247434 -26.479406 0.566170 -17.523887 3.672147 0.000000 0.000000 0.000000 -5.623242 14.083287 -0.036460 2.381653 -4.212834 0.253943 0.000000 0.000000 0.000000 -9.908862 -14.595401 -0.760427 9.958114 2.157735 0.389664 9.424653 -0.967240 0.433658 0.000000 0.000000 0.000000 22.611896 7.333998 -36.685623 -4.139260 3.686012 -83.365017 57.480269 -18.667280 -33.367961 0.000000 0.000000 0.000000 -1.150318 -0.115923 11.508728 -3.678972 0.078611 -2.447341 0.000000 0.000000 0.000000 -4.928290 2.722781 32.181259 0.000000 0.000000 0.000000 -7.199090 -11.988746 -33.236473 67.275580 13.339925 19.936934 -19.707996 -16.057307 78.155530 0.000000 0.000000 0.000000 -24.230918 -0.190090 0.885510 7.113568 -0.111320 -1.790785 0.000000 0.000000 0.000000 1.792931 0.863841 -38.552927 0.000000 0.000000 0.000000
0.339440 0.953296 -0.679914 0.000000 0.000000 0.000000 -25.670445 5.376456 -8.552816 8.402636 -4.154069 -1.175853 6.023868 18.766925 5.780255 -1.316618 26.342071 -11.569770 -10.362945 -37.550273 -29.872108 0.000000 0.000000 0.000000 7.901835 25.756513 -20.157694 11.355711 -31.173051 15.277561 12.741681 13.725549 -6.829355 1.188716 20.611231 -33.082986 0.263723 -17.648157 1.698702 0.000000 0.000000 0.000000 -6.318960 12.124571 -0.099070 2.328245 -4.469351 0.263177 0.000000 0.000000 0.000000 -10.127942 -13.423106 -0.621871 10.207708 1.939435 0.435330 9.400506 -1.990291 0.538201 0.000000 0.000000 0.000000 25.300679 7.372438 -42.130221 -2.459996 2.045726 -79.490965 59.207067 -18.535601 -32.048791 0.000000 0.000000 0.000000 -2.623405 -0.280454 12.201923 -3.501053 0.081083 -2.652583 0.000000 0.000000 0.000000 -5.193795 2.870233 32.170604 0.000000 0.000000 0.000000 -11.639734 -12.038851 -38.840653 73.163941 9.479686 12.749155 -12.903754 -11.048358 81.076927 0.000000 0.000000 0.000000 -24.869223 -0.674930 3.060246 7.204398 -0.180677 -2.869417 0.000000 0.000000 0.000000 2.374133 1.083915 -40.926580 0.000000 0.000000 0.000000
0.372589 0.951392 -0.703356 0.000000 0.000000 0.000000 -29.708813 5.802720 -10.632477 11.946732 -2.579068 -0.644409 7.285706 16.754840 4.949866 -0.874523 31.447295 -14.168855 -11.316356 -36.824280 -33.148459 0.000000 0.000000 0.000000 10.286880 27.316353 -21.594567 8.480825 -32.252762 14.834906 14.519716 10.802427 -5.578107 2.520602 23.478201 -40.875749 -0.168044 -17.255139 -1.107498 0.000000 0.000000 0.000000 -6.862237 10.137572 -0.185859 2.341572 -4.784321 0.279138 0.000000 0.000000 0.000000 -10.224122 -12.135137 -0.463835 10.371287 1.777238 0.468663 9.165056 -3.003034 0.628106 0.000000 0.000000 0.000000 28.370653 7.079353 -48.117061 -1.640044 1.269656 -75.489698 61.294531 -18.554656 -30.826046 0.000000 0.000000 0.000000 -4.182449 -0.476319 12.988638 -3.337001 0.083180 -2.854989 0.000000 0.000000 0.000000 -5.666814 3.121224 32.336462 0.000000 0.000000 0.000000 -17.331841 -11.009914 -44.671718 78.778631 4.684392 5.703507 -6.317429 -5.562397 82.713864 0.000000 0.000000 0.000000 -25.367292 -1.343995 5.966598 7.280057 -0.264060 -4.149026 0.000000 0.000000 0.000000 2.416634 1.039953 -43.437574 0.000000 0.000000 0.000000
0.409425 0.959707 -0.710426 0.000000 0.000000 0.000000 -34.377456 6.737036 -12.650705 15.699559 -1.002507 -0.215843 8.988998 14.463676 4.032406 0.062790 37.550550 -17.479334 -11.993002 -34.933774 -36.920578 0.000000 0.000000 0.000000 13.429303 29.014261 -23.308586 4.886242 -33.530013 14.185956 16.651553 7.269269 -3.922052 4.689865 26.634841 -50.368725 -0.703098 -16.211318 -4.933741 0.000000 0.000000 0.000000 -7.225618 8.065020 -0.291166 2.358368 -5.142642 0.297494 0.000000 0.000000 0.000000 -10.297558 -10.588359 -0.272303 10.442873 1.572272 0.503652 8.744609 -4.142033 0.712990 0.000000 0.000000 0.000000 32.101479 6.256951 -55.175422 -1.354323 0.974788 -71.488453 63.833898 -18.629626 -29.506460 0.000000 0.000000 0.000000 -6.000309 -0.735617 13.966317 -3.229031 0.087043 -3.087417 0.000000 0.000000 0.000000 -6.582338 3.609299 32.562550 0.000000 0.000000 0.000000 -24.306040 -8.653242 -50.875211 83.781055 -1.844604 -2.056485 1.004956 0.886797 82.851593 0.000000 0.000000 0.000000 -25.101850 -2.222820 9.960580 7.015674 -0.345512 -5.631890 0.000000 0.000000 0.000000 2.019476 0.818404 -45.882404 0.000000 0.000000 0.000000
0.453583 0.965358 -0.703074 0.000000 0.000000 0.000000 -38.870426 7.897917 -14.372727 19.096393 0.593874 0.109552 10.800797 11.935499 3.119395 1.650022 43.251586 -21.799290 -11.431652 -31.425115 -39.170116 0.000000 0.000000 0.000000 16.929681 30.525158 -25.015181 1.097796 -34.800454 13.400206 18.511421 3.648517 -2.044221 7.413606 29.295621 -60.446443 -1.095552 -14.234366 -8.757339 0.000000 0.000000 0.000000 -7.391968 6.021657 -0.399211 2.453393 -5.446757 0.318691 0.000000 0.000000 0.000000 -10.225778 -9.058806 -0.084708 10.347814 1.527893 0.504832 8.148203 -5.146733 0.762686 0.000000 0.000000 0.000000 35.902532 4.891383 -62.318909 -1.470463 0.985108 -67.637069 66.999212 -18.435952 -27.553361 0.000000 0.000000 0.000000 -7.771629 -1.023611 14.984254 -3.074736 0.089631 -3.338690 0.000000 0.000000 0.000000 -7.426633 4.057459 32.748399 0.000000 0.000000 0.000000 -31.607303 -4.990354 -56.041515 87.060825 -9.676820 -10.183794 8.912371 7.686100 81.520138 0.000000 0.000000 0.000000 -23.935071 -3.088229 14.495281 6.525707 -0.419674 -7.351450 0.000000 0.000000 0.000000 1.279172 0.490221 -48.064396 0.000000 0.000000 0.000000
0.494178 0.966390 -0.690825 0.000000 0.000000 0.000000 -43.322973 9.291494 -15.820307 22.197606 2.174417 0.340591 12.926241 9.248743 2.231288 4.271018 48.650115 -27.690563 -9.493571 -26.187190 -39.294294 0.000000 0.000000 0.000000 20.830289 31.957536 -26.873915 -2.954293 -36.174103 12.489342 20.423417 -0.249614 0.145347 10.705915 31.381153 -71.518232 -1.223445 -11.377395 -12.235610 0.000000 0.000000 0.000000 -7.297646 4.010533 -0.495281 2.573037 -5.676507 0.338418 0.000000 0.000000 0.000000 -10.066613 -7.359870 0.117541 10.060575 1.490364 0.493682 7.347548 -6.120045 0.780976 0.000000 0.000000 0.000000 40.036591 2.756243 -69.560382 -1.955525 1.233748 -64.492938 70.874668 -17.842190 -24.878006 0.000000 0.000000 0.000000 -9.628104 -1.392690 16.423889 -2.954030 0.093799 -3.636593 0.000000 0.000000 0.000000 -8.482151 4.599776 33.121020 0.000000 0.000000 0.000000 -39.015193 -0.300596 -60.158732 87.616955 -18.705830 -19.485554 17.908915 14.655978 78.438753 0.000000 0.000000 0.000000 -21.638850 -3.763197 19.507527 5.434500 -0.431931 -9.081826 0.000000 0.000000 0.000000 0.167717 0.060975 -50.041423 0.000000 0.000000 0.000000
0.525610 0.977640 -0.680099 0.000000 0.000000 0.000000 -47.289786 10.867901 -16.595436 25.084914 3.224712 0.422220 14.570628 6.470604 1.461430 7.671401 53.445942 -33.800721 -7.834623 -21.740160 -39.252194 0.000000 0.000000 0.000000 25.098737 32.885449 -28.268548 -7.472879 -37.087350 11.178201 21.426881 -3.890048 2.311552 14.388656 33.060805 -81.543840 -1.174208 -9.072829 -14.718514 0.000000 0.000000 0.000000 -7.096790 2.192035 -0.570096 2.728341 -5.865539 0.359115 0.000000 0.000000 0.000000 -9.693060 -5.894972 0.275954 9.637677 1.663954 0.443988 6.418590 -6.945308 0.761779 0.000000 0.000000 0.000000 44.512899 -0.248115 -75.750380 -1.912897 1.160184 -62.471167 75.654981 -16.167792 -20.732802 0.000000 0.000000 0.000000 -11.710599 -1.782978 17.255944 -2.817383 0.097586 -3.966733 0.000000 0.000000 0.000000 -9.163926 4.978441 33.044956 0.000000 0.000000 0.000000 -46.102006 4.887385 -62.428398 84.370187 -27.857655 -30.609575 27.941877 21.032465 73.456312 0.000000 0.000000 0.000000 -17.519834 -3.779454 24.171191 4.058385 -0.374456 -10.538845 0.000000 0.000000 0.000000 -0.180697 -0.063400 -51.331906 0.000000 0.000000 0.000000
0.553211 0.965480 -0.674171 0.000000 0.000000 0.000000 -51.017361 12.579065 -16.859601 27.836244 3.821958 0.407376 15.793052 3.555625 0.762718 12.493578 58.187472 -41.089512 -6.221120 -17.412636 -39.076577 0.000000 0.000000 0.000000 29.918233 33.479445 -29.360188 -12.480015 -37.672326 9.550515 21.565768 -7.431106 4.430829 18.954480 34.645142 -91.374885 -1.016847 -6.894743 -16.759651 0.000000 0.000000 0.000000 -6.724898 0.528424 -0.615650 2.908671 -5.989248 0.378707 0.000000 0.000000 0.000000 -9.006220 -4.487871 0.398616 8.961301 1.971382 0.363146 5.216550 -7.685563 0.695394 0.000000 0.000000 0.000000 49.788108 -4.421118 -80.803422 -0.997453 0.598318 -61.913684 81.331926 -12.842526 -14.926669 0.000000 0.000000 0.000000 -14.178994 -2.204517 17.588167 -2.618837 0.101572 -4.441443 0.000000 0.000000 0.000000 -9.710053 5.343228 32.434871 0.000000 0.000000 0.000000 -53.271599 10.391368 -63.132842 74.907137 -36.194518 -46.206781 40.756805 27.025035 65.799270 0.000000 0.000000 0.000000 -11.302071 -2.826508 27.999865 2.126587 -0.215292 -11.560347 0.000000 0.000000 0.000000 0.454093 0.152886 -52.785102 0.000000 0.000000 0.000000
0.580311 0.965187 -0.669261 0.000000 0.000000 0.000000 -54.224777 14.291710 -16.485266 30.595635 3.913450 0.322018 16.548164 0.603016 0.125164 18.514686 62.509392 -48.807922 -4.741634 -13.322978 -39.038448 0.000000 0.000000 0.000000 34.698099 33.671346 -29.902188 -17.516023 -37.612417 7.744859 20.951983 -10.606295 6.253275 24.054594 35.955602 -100.327362 -0.787594 -4.807003 -18.599245 0.000000 0.000000 0.000000 -6.283548 -0.895948 -0.633309 3.015562 -6.063720 0.390568 0.000000 0.000000 0.000000 -8.370066 -3.221062 0.492772 8.301853 2.289455 0.285492 4.054708 -8.379412 0.615386 0.000000 0.000000 0.000000 55.696321 -9.411903 -83.804282 1.209640 -0.741470 -63.012732 85.994405 -7.277316 -7.803155 0.000000 0.000000 0.000000 -16.816855 -2.599321 17.451503 -2.346209 0.101019 -4.930168 0.000000 0.000000 0.000000 -9.585197 5.371259 31.548375 0.000000 0.000000 0.000000 -60.290198 15.624091 -62.432463 58.866839 -40.201400 -65.934308 54.240327 30.455195 55.980053 0.000000 0.000000 0.000000 -4.569751 -1.228970 30.091326 0.287528 -0.031074 -12.336335 0.000000 0.000000 0.000000 1.511248 0.475698 -55.056642 0.000000 0.000000 0.000000
0.603418 0.968556 -0.664037 0.000000 0.000000 0.000000 -57.218218 16.100730 -15.455714 33.449716 3.608687 0.206572 16.770555 -2.668019 -0.548475 27.739089 67.252513 -59.027016 -2.974141 -8.316214 -39.301635 0.000000 0.000000 0.000000 39.864150 33.600652 -30.018617 -22.581039 -37.100297 5.885511 19.206291 -13.556633 7.726633 30.824791 37.331823 -109.521892 -0.432115 -2.375185 -20.619205 0.000000 0.000000 0.000000 -5.778679 -2.058267 -0.623237 3.046604 -6.073280 0.393383 0.000000 0.000000 0.000000 -7.581807 -1.965896 0.558791 7.524076 2.597522 0.207136 2.761664 -9.066727 0.506123 0.000000 0.000000 0.000000 62.940477 -15.201431 -84.218951 5.502502 -3.548678 -65.614175 88.852478 0.886041 0.903966 0.000000 0.000000 0.000000 -19.896079 -2.954015 16.726279 -1.839750 0.091477 -5.692632 0.000000 0.000000 0.000000 -8.771654 5.063231 30.075349 0.000000 0.000000 0.000000 -67.671261 20.603884 -60.342564 39.091218 -37.166347 -86.883368 65.890184 31.067922 46.431385 0.000000 0.000000 0.000000 1.921811 0.516755 30.098015 -0.829934 0.092148 -12.671069 0.000000 0.000000 0.000000 4.378808 1.229777 -58.638853 0.000000 0.000000 0.000000
0.627868 0.977179 -0.657112 0.000000 0.000000 0.000000 -59.809636 17.906748 -13.675921 36.336334 2.835636 0.090709 16.477747 -5.822050 -1.213166 40.716279 71.610456 -71.969920 -1.116969 -3.064349 -40.046438 0.000000 0.000000 0.000000 44.536297 33.198467 -29.360991 -27.062541 -35.727297 4.185557 16.645189 -16.205416 8.775467 38.941312 38.640524 -117.935121 0.038752 0.191191 -22.915968 0.000000 0.000000 0.000000 -5.416046 -2.965977 -0.612111 2.954506 -6.045297 0.385067 0.000000 0.000000 0.000000 -6.899432 -0.900826 0.599808 6.754167 2.874967 0.137061 1.619256 -9.689068 0.397334 0.000000 0.000000 0.000000 71.635405 -20.843329 -81.251439 11.905521 -8.051364 -68.034562 88.673328 11.046513 11.303644 0.000000 0.000000 0.000000 -23.472323 -3.096180 14.823893 -0.995575 0.055479 -6.378976 0.000000 0.000000 0.000000 -7.277928 4.330822 28.533207 0.000000 0.000000 0.000000 -75.379932 24.861026 -56.578165 22.139589 -27.306712 -102.302943 73.594172 29.976741 39.386836 0.000000 0.000000 0.000000 7.378198 1.893505 28.751344 -1.188135 0.133119 -12.785075 0.000000 0.000000 0.000000 9.153612 2.203691 -62.980056 0.000000 0.000000 0.000000
0.649513 0.974519 -0.644386 0.000000 0.000000 0.000000 -62.308476 19.853421 -10.951015 39.457130 1.319055 0.006249 15.635961 -9.024915 -1.952139 63.486946 75.513027 -93.644686 1.429061 3.852463 -40.692261 0.000000 0.000000 0.000000 49.119663 32.594150 -28.045047 -30.934284 -33.539071 2.737025 12.951360 -18.644481 9.347949 49.993037 39.889664 -126.961306 0.871923 3.769437 -26.039897 0.000000 0.000000 0.000000 -5.153822 -3.598495 -0.599786 2.733110 -6.022663 0.367566 0.000000 0.000000 0.000000 -6.139845 0.112709 0.615908 5.881123 3.056175 0.077031 0.362642 -10.323097 0.262218 0.000000 0.000000 0.000000 82.841896 -25.669909 -74.213373 21.658582 -14.889160 -68.673286 83.062551 22.690202 25.527722 0.000000 0.000000 0.000000 -27.516398 -2.857519 11.632777 0.277491 -0.017255 -7.116263 0.000000 0.000000 0.000000 -4.800873 2.937329 27.099411 0.000000 0.000000 0.000000 -84.242132 28.339680 -50.615513 8.664752 -12.534504 -110.802000 76.361221 28.066644 35.265275 0.000000 0.000000 0.000000 11.405893 2.760194 27.126233 -0.731520 0.079565 -12.414729 0.000000 0.000000 0.000000 16.813243 3.454879 -66.931958 0.000000 0.000000 0.000000
0.671614 0.972492 -0.627654 0.000000 0.000000 0.000000 -64.780229 21.782454 -7.609547 42.644526 -0.460294 0.010625 14.211355 -12.364706 -2.841059 93.486946 76.770999 -123.644686 4.768521 12.504686 -41.617916 0.000000 0.000000 0.000000 53.344854 31.844173 -26.043690 -34.289045 -30.407596 1.553221 8.571713 -20.824482 9.479574 65.981166 40.994512 -136.927854 2.598635 10.023673 -29.001604 0.000000 0.000000 0.000000 -5.077291 -4.135295 -0.606168 2.453173 -6.036573 0.347657 0.000000 0.000000 0.000000 -5.443527 0.921241 0.609424 5.142608 3.270871 0.022059 -0.735112 -10.875533 0.132846 0.000000 0.000000 0.000000 95.778892 -28.088952 -63.741826 35.105098 -22.340139 -63.950930 68.541428 31.866481 45.463952 0.000000 0.000000 0.000000 -31.220582 -1.709385 6.112734 2.061184 -0.131585 -7.304755 0.000000 0.000000 0.000000 -1.465755 0.910806 26.288874 0.000000 0.000000 0.000000 -93.593041 30.443854 -43.145795 -2.106971 3.133934 -112.180680 78.358793 23.862407 29.070282 0.000000 0.000000 0.000000 14.543123 3.321987 25.607058 -1.053968 0.107362 -11.632375 0.000000 0.000000 0.000000 21.896699 4.092893 -69.069005 0.000000 0.000000 0.000000
0.694369 0.962858 -0.606954 0.000000 0.000000 0.000000 -67.351798 23.773630 -3.326629 45.975321 -2.856510 0.149118 12.091767 -15.896613 -3.973890 123.486946 72.720439 -153.644686 8.882145 23.783202 -40.490370 0.000000 0.000000 0.000000 57.369622 31.038957 -23.468709 -36.867269 -26.529062 0.738665 3.082374 -22.637785 9.035392 89.289728 41.358224 -148.049200 5.557974 20.591227 -29.921774 0.000000 0.000000 0.000000 -5.161910 -4.527658 -0.629233 2.086294 -6.121493 0.324533 0.000000 0.000000 0.000000 -4.773621 1.590666 0.586120 4.430675 3.468646 -0.027351 -1.769792 -11.358989 0.001038 0.000000 0.000000 0.000000 109.849206 -26.963767 -50.565927 53.497534 -27.342359 -51.524556 44.378218 32.825769 71.672920 0.000000 0.000000 0.000000 -33.349834 0.598731 -1.998670 4.443472 -0.268843 -6.921222 0.000000 0.000000 0.000000 2.691312 -1.653589 26.871284 0.000000 0.000000 0.000000 -103.706966 30.725083 -33.705989 -13.419910 18.355187 -107.876381 80.304191 16.656577 19.688056 0.000000 0.000000 0.000000 17.188274 3.577266 23.349054 -2.055261 0.188177 -10.461599 0.000000 0.000000 0.000000 22.394334 3.994971 -70.015603 0.000000 0.000000 0.000000
0.718437 0.969405 -0.582745 0.000000 0.000000 0.000000 -69.961596 25.597662 1.349423 48.974417 -5.371456 0.421844 9.666946 -19.368250 -5.296882 153.486946 65.294332 -179.825668 11.593912 35.149657 -35.544255 0.000000 0.000000 0.000000 60.522502 30.167108 -20.292516 -38.436934 -22.044460 0.304471 -2.450062 -23.926420 8.239629 118.986495 40.795704 -158.194298 7.036610 33.642121 -22.991199 0.000000 0.000000 0.000000 -5.547147 -4.876857 -0.692747 1.679072 -6.209684 0.297980 0.000000 0.000000 0.000000 -4.101121 2.110248 0.544815 3.962167 3.731025 -0.070955 -2.716889 -11.706262 -0.127010 0.000000 0.000000 0.000000 122.013640 -21.735148 -37.316052 73.237663 -25.338890 -33.659551 19.733029 20.628547 92.595358 0.000000 0.000000 0.000000 -31.939993 3.372607 -11.747048 6.756767 -0.326388 -5.524695 0.000000 0.000000 0.000000 7.300345 -4.298204 29.067965 0.000000 0.000000 0.000000 -113.118536 28.915095 -23.771439 -26.694154 30.543785 -98.022457 80.411129 6.640165 7.852517 0.000000 0.000000 0.000000 19.722379 3.563783 20.293314 -3.880082 0.311193 -9.167449 0.000000 0.000000 0.000000 17.901875 3.088723 -70.573428 0.000000 0.000000 0.000000
0.746187 0.953998 -0.557883 0.000000 0.000000 0.000000 -72.669024 27.318478 6.758432 51.751946 -8.405085 0.866558 6.666651 -22.823657 -6.916355 181.352684 56.259305 -189.146993 10.050436 45.146775 -23.886370 0.000000 0.000000 0.000000 62.919917 29.201040 -16.484910 -38.990519 -16.929754 0.150234 -8.298505 -24.540421 7.067265 148.986495 41.273839 -166.734148 0.072650 40.847378 -0.195104 0.000000 0.000000 0.000000 -6.222894 -5.153191 -0.796428 1.257207 -6.326933 0.270822 0.000000 0.000000 0.000000 -3.327193 2.546806 0.480226 3.634510 4.052307 -0.112753 -3.618492 -11.972246 -0.253574 0.000000 0.000000 0.000000 130.971622 -12.981259 -25.071914 87.959940 -14.966637 -15.502770 -0.724825 -0.867855 100.263600 0.000000 0.000000 0.000000 -25.968217 5.288860 -22.654076 8.730737 -0.227133 -2.974708 0.000000 0.000000 0.000000 12.021802 -6.495928 33.356060 0.000000 0.000000 0.000000 -121.435849 24.916391 -13.571543 -43.667649 38.499867 -82.151171 75.905398 -4.234248 -5.427233 0.000000 0.000000 0.000000 21.889227 3.140491 16.136778 -5.685398 0.373477 -7.510669 0.000000 0.000000 0.000000 11.300265 1.972639 -70.256858 0.000000 0.000000 0.000000
0.777783 0.951446 -0.536276 0.000000 0.000000 0.000000 -75.061038 28.584429 11.494462 53.904830 -10.761797 1.316126 4.103109 -25.835107 -8.497761 194.040646 48.496879 -192.558571 4.319591 49.113154 -9.436816 0.000000 0.000000 0.000000 64.789965 28.502983 -13.373112 -39.087592 -12.646369 0.101103 -13.159933 -24.732611 5.989201 178.986495 43.822470 -174.172792 -5.548204 32.170419 19.077660 0.000000 0.000000 0.000000 -6.945848 -5.407268 -0.909048 0.785236 -6.521665 0.241621 0.000000 0.000000 0.000000 -2.728352 2.894711 0.426833 3.591710 4.397279 -0.145665 -4.232016 -12.168547 -0.342353 0.000000 0.000000 0.000000 135.881972 -4.328617 -16.179729 92.644214 -2.021913 -1.930707 -17.850250 -19.192726 94.224128 0.000000 0.000000 0.000000 -17.654158 4.808203 -30.257144 9.551173 -0.018785 -0.224849 0.000000 0.000000 0.000000 15.631866 -7.564526 38.568013 0.000000 0.000000 0.000000 -127.013269 20.164910 -5.416066 -58.830108 40.238200 -66.025568 67.101553 -11.476031 -17.232059 0.000000 0.000000 0.000000 22.992507 2.682750 13.135132 -6.868128 0.360988 -6.010200 0.000000 0.000000 0.000000 5.037284 0.945136 -68.759416 0.000000 0.000000 0.000000
0.812030 0.961084 -0.518835 0.000000 0.000000 0.000000 -77.123491 29.548868 15.844957 55.504171 -12.718811 1.738439 1.677439 -28.654080 -10.142968 204.800549 41.975379 -193.745472 -1.796048 48.621420 3.974555 0.000000 0.000000 0.000000 66.055428 27.909289 -10.644491 -38.704714 -8.923191 0.101069 -17.309318 -24.544347 4.998199 208.986495 47.283486 -183.609433 -4.172345 18.961759 24.609747 0.000000 0.000000 0.000000 -7.807477 -5.615811 -1.042451 0.295489 -6.778215 0.211284 0.000000 0.000000 0.000000 -2.206225 3.167726 0.375861 3.851550 4.811451 -0.176010 -4.596217 -12.271566 -0.395799 0.000000 0.000000 0.000000 138.327202 3.838359 -8.965538 90.681842 9.663250 9.549465 -36.334360 -30.517287 79.474194 0.000000 0.000000 0.000000 -8.805521 2.792737 -35.135127 9.552448 0.196413 2.350388 0.000000 0.000000 0.000000 18.303319 -7.851697 43.853040 0.000000 0.000000 0.000000 -130.708072 15.091341 1.449374 -70.405494 38.359329 -52.490552 56.220375 -14.761276 -27.261247 0.000000 0.000000 0.000000 23.326153 2.184734 10.555353 -7.659055 0.313084 -4.674666 0.000000 0.000000 0.000000 -0.230139 -0.047131 -66.852279 0.000000 0.000000 0.000000
0.844641 0.963803 -0.508607 0.000000 0.000000 0.000000 -79.065135 30.234798 19.389860 56.726618 -13.987871 2.066450 0.002226 -31.063737 -11.551620 212.531069 37.091893 -193.643519 -5.255983 46.046456 12.329260 0.000000 0.000000 0.000000 67.193228 27.560990 -8.725458 -38.358625 -5.964009 0.085508 -20.653970 -24.538776 4.245787 238.986495 49.112436 -193.634679 -1.976030 9.560261 23.305786 0.000000 0.000000 0.000000 -8.597833 -5.839199 -1.169554 -0.158488 -7.087311 0.183089 0.000000 0.000000 0.000000 -1.846829 3.333557 0.338328 4.123949 5.331600 -0.218139 -4.781002 -12.277863 -0.422216 0.000000 0.000000 0.000000 139.476834 10.367301 -3.506141 84.651797 17.721453 19.426302 -53.130231 -33.633237 62.303148 0.000000 0.000000 0.000000 -1.123112 0.371810 -36.633607 8.968425 0.352192 4.488555 0.000000 0.000000 0.000000 19.714715 -7.386703 49.240909 0.000000 0.000000 0.000000 -132.853298 10.772046 6.547310 -76.403590 35.260303 -43.979995 46.941769 -15.034122 -33.807945 0.000000 0.000000 0.000000 23.565253 1.926515 9.216643 -7.970639 0.263015 -3.773825 0.000000 0.000000 0.000000 -3.612618 -0.803449 -64.930529 0.000000 0.000000 0.000000
0.872943 0.969491 -0.502065 0.000000 0.000000 0.000000 -80.836850 30.721569 22.315889 57.556660 -14.729379 2.286833 -0.992935 -33.165680 -12.703685 217.474754 33.408962 -192.956789 -6.643982 43.373671 16.608233 0.000000 0.000000 0.000000 68.046973 27.376302 -7.496418 -37.879803 -3.631890 0.067227 -23.339122 -24.753122 3.680709 266.816476 49.356320 -202.070896 -0.754276 4.239131 20.169578 0.000000 0.000000 0.000000 -9.430566 -6.019559 -1.303164 -0.610041 -7.504166 0.155071 0.000000 0.000000 0.000000 -1.657597 3.381659 0.316387 4.572183 6.030381 -0.277302 -4.682698 -12.134887 -0.405383 0.000000 0.000000 0.000000 140.098561 15.547148 0.753595 76.788471 22.586050 28.288313 -65.277825 -31.065494 46.917183 0.000000 0.000000 0.000000 5.315586 -1.742381 -36.275247 7.962065 0.429194 6.161183 0.000000 0.000000 0.000000 20.153916 -6.555660 54.274799 0.000000 0.000000 0.000000 -134.103724 7.258583 10.389600 -78.305383 32.356630 -39.223820 39.548842 -13.646549 -36.816958 0.000000 0.000000 0.000000 23.769144 1.927516 9.140370 -8.076880 0.231506 -3.278187 0.000000 0.000000 0.000000 -5.832300 -1.400150 -63.022319 0.000000 0.000000 0.000000
0.895077 0.962843 -0.496211 0.000000 0.000000 0.000000 -82.292508 31.042065 24.571020 58.147215 -15.162605 2.435360 -1.735650 -34.879163 -13.658005 221.211929 30.710952 -192.243593 -7.200603 41.008804 19.100871 0.000000 0.000000 0.000000 68.796425 27.264137 -6.561089 -37.541263 -1.777005 0.038137 -25.401808 -24.897868 3.239385 280.089566 48.858105 -208.772109 -0.211826 1.394552 17.273047 0.000000 0.000000 0.000000 -10.112264 -6.259895 -1.421336 -0.976593 -7.867867 0.130400 0.000000 0.000000 0.000000 -1.472467 3.391041 0.293133 4.923491 6.682014 -0.338359 -4.655521 -12.005596 -0.399010 0.000000 0.000000 0.000000 140.208338 19.657986 4.184541 69.164049 24.914740 35.535947 -71.877449 -26.863593 36.468734 0.000000 0.000000 0.000000 10.299444 -3.256283 -35.009934 6.996105 0.454516 7.425043 0.000000 0.000000 0.000000 19.639454 -5.587040 58.512334 0.000000 0.000000 0.000000 -134.731848 4.523160 13.258817 -78.855587 30.466507 -36.649414 34.522808 -12.298581 -38.246314 0.000000 0.000000 0.000000 23.966542 1.930304 9.076257 -8.049911 0.214388 -3.046107 0.000000 0.000000 0.000000 -7.008329 -1.765751 -61.748975 0.000000 0.000000 0.000000
0.911519 0.954102 -0.494315 0.000000 0.000000 0.000000 -83.374379 31.252532 26.299169 58.395856 -15.591623 2.539996 -2.281353 -36.117863 -14.371981 224.475235 28.780856 -191.664909 -7.457420 39.029288 20.838965 0.000000 0.000000 0.000000 69.311997 27.159966 -5.785620 -37.227964 -0.324900 0.007861 -26.941561 -25.005364 2.907610 288.797885 48.202675 -213.426354 -0.029030 0.222070 14.895492 0.000000 0.000000 0.000000 -10.646087 -6.516668 -1.521239 -1.294233 -8.239398 0.108067 0.000000 0.000000 0.000000 -1.274172 3.307119 0.264264 5.185190 7.389116 -0.409997 -4.614916 -11.761779 -0.388627 0.000000 0.000000 0.000000 139.950785 23.072070 7.144203 61.975014 25.862312 41.844937 -74.959872 -22.167439 28.663100 0.000000 0.000000 0.000000 14.370879 -4.298605 -33.155382 6.113894 0.446969 8.354712 0.000000 0.000000 0.000000 18.449571 -4.608293 62.170371 0.000000 0.000000 0.000000 -134.945312 2.201997 15.652814 -79.140278 29.176245 -34.961901 30.656855 -11.080454 -38.975089 0.000000 0.000000 0.000000 24.398768 1.944247 8.975429 -8.069349 0.205456 -2.912202 0.000000 0.000000 0.000000 -7.858862 -2.051696 -60.777916 0.000000 0.000000 0.000000
