HIERARCHY
ROOT Hips
{
	OFFSET 0.000000 0.000000 0.000000
	CHANNELS 6 Xposition Yposition Zposition Zrotation Xrotation Yrotation
	JOINT LHipJoint
	{
		OFFSET 0.000000 0.000000 0.000000
		CHANNELS 3 Zrotation Xrotation Yrotation
		JOINT LeftUpLeg
		{
			OFFSET 0.076937 -0.101296 0.047373
			CHANNELS 3 Zrotation Xrotation Yrotation
			JOINT LeftLeg
			{
				OFFSET 0.138181 -0.379650 0.000000
				CHANNELS 3 Zrotation Xrotation Yrotation
				JOINT LeftFoot
				{
					OFFSET 0.144621 -0.397343 0.000000
					CHANNELS 3 Zrotation Xrotation Yrotation
					JOINT LeftToeBase
					{
						OFFSET 0.008898 -0.024446 0.131094
						CHANNELS 3 Zrotation Xrotation Yrotation
						JOINT End_Site
						{
							OFFSET 0.000000 -0.000000 0.067149
							CHANNELS 3 Zrotation Xrotation Yrotation
							End Site
							{
								OFFSET 0.000000 -0.000000 0.020145
							}
						}
					}
				}
			}
		}
	}
	JOINT RHipJoint
	{
		OFFSET 0.000000 0.000000 0.000000
		CHANNELS 3 Zrotation Xrotation Yrotation
		JOINT RightUpLeg
		{
			OFFSET -0.073689 -0.101296 0.047373
			CHANNELS 3 Zrotation Xrotation Yrotation
			JOINT RightLeg
			{
				OFFSET -0.143511 -0.394292 0.000000
				CHANNELS 3 Zrotation Xrotation Yrotation
				JOINT RightFoot
				{
					OFFSET -0.144963 -0.398282 0.000000
					CHANNELS 3 Zrotation Xrotation Yrotation
					JOINT RightToeBase
					{
						OFFSET -0.009298 -0.025546 0.133386
						CHANNELS 3 Zrotation Xrotation Yrotation
						JOINT End_Site
						{
							OFFSET -0.000000 -0.000000 0.068344
							CHANNELS 3 Zrotation Xrotation Yrotation
							End Site
							{
								OFFSET -0.000000 -0.000000 0.020503
							}
						}
					}
				}
			}
		}
	}
	JOINT LowerBack
	{
		OFFSET 0.000000 0.000000 0.000000
		CHANNELS 3 Zrotation Xrotation Yrotation
		JOINT Spine
		{
			OFFSET 0.001596 0.114897 -0.010915
			CHANNELS 3 Zrotation Xrotation Yrotation
			JOINT Spine1
			{
				OFFSET 0.003202 0.115645 -0.002413
				CHANNELS 3 Zrotation Xrotation Yrotation
				JOINT Neck
				{
					OFFSET 0.000000 0.000000 0.000000
					CHANNELS 3 Zrotation Xrotation Yrotation
					JOINT Neck1
					{
						OFFSET -0.003058 0.098565 0.009709
						CHANNELS 3 Zrotation Xrotation Yrotation
						JOINT Head
						{
							OFFSET 0.005874 0.099418 -0.006997
							CHANNELS 3 Zrotation Xrotation Yrotation
							JOINT End_Site
							{
								OFFSET 0.002100 0.099931 -0.003523
								CHANNELS 3 Zrotation Xrotation Yrotation
								End Site
								{
									OFFSET 0.000630 0.029979 -0.001057
								}
							}
						}
					}
				}
				JOINT LeftShoulder
				{
					OFFSET 0.000000 0.000000 0.000000
					CHANNELS 3 Zrotation Xrotation Yrotation
					JOINT LeftArm
					{
						OFFSET 0.189788 0.067783 -0.017566
						CHANNELS 3 Zrotation Xrotation Yrotation
						JOINT LeftForeArm
						{
							OFFSET 0.281260 -0.000000 -0.000000
							CHANNELS 3 Zrotation Xrotation Yrotation
							JOINT LeftHand
							{
								OFFSET 0.196626 -0.000000 -0.000000
								CHANNELS 3 Zrotation Xrotation Yrotation
								JOINT LeftFingerBase
								{
									OFFSET 0.000000 0.000000 0.000000
									CHANNELS 3 Zrotation Xrotation Yrotation
									JOINT LeftHandIndex1
									{
										OFFSET 0.040372 -0.000000 -0.000000
										CHANNELS 3 Zrotation Xrotation Yrotation
										JOINT End_Site
										{
											OFFSET 0.032549 -0.000000 -0.000000
											CHANNELS 3 Zrotation Xrotation Yrotation
											End Site
											{
												OFFSET 0.009765 -0.000000 -0.000000
											}
										}
									}
								}
								JOINT LThumb
								{
									OFFSET 0.000000 0.000000 0.000000
									CHANNELS 3 Zrotation Xrotation Yrotation
									JOINT End_Site
									{
										OFFSET 0.033046 -0.000000 0.033046
										CHANNELS 3 Zrotation Xrotation Yrotation
										End Site
										{
											OFFSET 0.009914 -0.000000 0.009914
										}
									}
								}
							}
						}
					}
				}
				JOINT RightShoulder
				{
					OFFSET 0.000000 0.000000 0.000000
					CHANNELS 3 Zrotation Xrotation Yrotation
					JOINT RightArm
					{
						OFFSET -0.177042 0.077557 -0.022840
						CHANNELS 3 Zrotation Xrotation Yrotation
						JOINT RightForeArm
						{
							OFFSET -0.295874 -0.000000 -0.000000
							CHANNELS 3 Zrotation Xrotation Yrotation
							JOINT RightHand
							{
								OFFSET -0.194403 -0.000000 -0.000000
								CHANNELS 3 Zrotation Xrotation Yrotation
								JOINT RightFingerBase
								{
									OFFSET 0.000000 0.000000 0.000000
									CHANNELS 3 Zrotation Xrotation Yrotation
									JOINT RightHandIndex1
									{
										OFFSET -0.035138 -0.000000 -0.000000
										CHANNELS 3 Zrotation Xrotation Yrotation
										JOINT End_Site
										{
											OFFSET -0.028329 -0.000000 -0.000000
											CHANNELS 3 Zrotation Xrotation Yrotation
											End Site
											{
												OFFSET -0.008499 -0.000000 -0.000000
											}
										}
									}
								}
								JOINT RThumb
								{
									OFFSET 0.000000 0.000000 0.000000
									CHANNELS 3 Zrotation Xrotation Yrotation
									JOINT End_Site
									{
										OFFSET -0.028762 -0.000000 0.028762
										CHANNELS 3 Zrotation Xrotation Yrotation
										End Site
										{
											OFFSET -0.008628 -0.000000 0.008628
										}
									}
								}
							}
						}
					}
				}
			}
		}
	}
}
MOTION
Frames: 160
Frame Time: 0.03333333
0.000000 1.008615 0.000000 -0.000000 0.000000 -0.000000 0.000002 -0.000002 -0.000000 -21.000006 0.000002 0.000001 0.000001 0.000000 0.000000 -0.000002 0.000001 -0.000009 0.000000 -0.000001 0.000009 -0.000000 0.000000 -0.000000 -0.000009 -0.000002 -0.000003 21.000012 0.000002 -0.000001 -0.000005 -0.000000 0.000000 0.000001 0.000002 0.000007 -0.000000 -0.000001 -0.000004 -0.000000 0.000000 -0.000000 -0.000002 -0.000007 -0.000000 0.000011 0.000010 -0.000000 -0.000000 0.000000 -0.000000 -0.050576 -15.984429 -0.508245 -0.010154 20.880099 -1.262701 -0.392258 11.055564 -0.209585 -0.000000 0.000000 -0.000000 -0.000020 0.000001 -0.000008 -7.999996 -0.000000 0.000007 -0.000003 0.000000 -0.000000 -0.000000 0.000000 -0.000000 0.000038 0.000000 0.000000 -0.000032 0.000000 -0.000000 -0.000000 0.000000 -0.000000 0.000050 -0.000050 -0.000026 -0.000000 0.000000 -0.000000 -0.000001 -0.000003 -0.000006 7.999984 0.000000 0.000007 0.000005 -0.000000 -0.000000 -0.000000 0.000000 -0.000000 0.000079 -0.000000 -0.000000 0.000049 -0.000000 -0.000000 -0.000000 0.000000 -0.000000 -0.000034 -0.000034 0.000002 -0.000000 0.000000 -0.000000
0.000023 1.008073 -0.000350 0.000000 0.000000 0.000000 -4.482974 -3.776714 -5.185739 -13.043010 5.125871 2.559349 -0.383529 18.698117 6.929740 0.708782 -16.889115 -1.271068 -0.079213 -5.088165 -1.782650 0.000000 0.000000 0.000000 -4.980384 1.161948 -3.042826 24.221668 -3.385424 2.124938 2.423866 24.939746 -9.811212 -2.980060 -17.873292 -5.171821 0.044484 3.602102 -1.414606 0.000000 0.000000 0.000000 -2.738318 0.416113 -0.256025 3.133501 -0.170399 0.074830 0.000000 0.000000 0.000000 -5.562780 -10.350210 -0.280674 3.505037 28.275002 -2.388041 3.390805 9.379695 -0.357467 0.000000 0.000000 0.000000 2.295617 2.439579 -6.690698 -35.884593 18.213299 -52.673323 30.340653 -47.417825 -116.616931 0.000000 0.000000 0.000000 40.663319 -3.556286 -9.578301 -6.836394 0.119322 -1.997507 0.000000 0.000000 0.000000 12.786526 -10.280373 12.483900 0.000000 0.000000 0.000000 1.650757 -3.640262 -7.448333 87.888234 -0.639565 -0.663583 -5.307042 -0.929050 19.845652 0.000000 0.000000 0.000000 -20.780183 3.207629 -17.364465 7.024398 -0.072836 -1.186672 0.000000 0.000000 0.000000 7.312700 2.574102 -51.258134 0.000000 0.000000 0.000000
-0.000418 1.007520 -0.001496 0.000000 0.000000 0.000000 -4.666902 -3.606935 -5.151404 -12.721056 4.546492 2.253887 -0.541003 19.336729 7.200628 0.663306 -17.275375 -1.474034 -0.044827 -3.840416 -1.336997 0.000000 0.000000 0.000000 -5.225756 0.946167 -3.001973 24.725329 -3.122723 1.979179 1.974210 24.675114 -9.592122 -2.981684 -17.982616 -5.141610 0.052817 3.944564 -1.533672 0.000000 0.000000 0.000000 -3.018074 0.509592 -0.280450 3.387387 -0.060373 0.074216 0.000000 0.000000 0.000000 -5.619902 -10.061631 -0.256608 3.776763 27.473847 -2.357632 3.530390 9.058705 -0.347196 0.000000 0.000000 0.000000 2.555464 2.455889 -6.719584 -35.486131 18.339184 -53.540649 31.677783 -48.273046 -115.320368 0.000000 0.000000 0.000000 40.204832 -2.778575 -7.582225 -6.872391 0.112357 -1.871050 0.000000 0.000000 0.000000 12.733265 -9.764777 15.127082 0.000000 0.000000 0.000000 1.886592 -3.681290 -7.429571 87.765193 -0.908902 -0.945062 -5.196958 -0.892173 19.469556 0.000000 0.000000 0.000000 -21.476313 3.357874 -17.572421 6.991224 -0.083547 -1.367644 0.000000 0.000000 0.000000 6.915837 2.370587 -52.196654 0.000000 0.000000 0.000000
-0.000412 1.007588 -0.003409 0.000000 0.000000 0.000000 -5.151999 -3.248488 -5.129084 -12.084162 3.684210 1.800732 -0.738100 20.248207 7.585919 0.654690 -17.801192 -1.584380 -0.037759 -3.523925 -1.227430 0.000000 0.000000 0.000000 -5.672829 0.895304 -3.158978 25.278924 -2.943314 1.885428 1.735999 24.214124 -9.350075 -2.900210 -17.559259 -5.037883 0.059181 4.183097 -1.620360 0.000000 0.000000 0.000000 -3.106658 0.877565 -0.283692 3.550963 0.086647 0.069092 0.000000 0.000000 0.000000 -5.227921 -9.529778 -0.219139 3.541970 25.965305 -2.167327 3.368722 8.430470 -0.308019 0.000000 0.000000 0.000000 2.461370 2.470689 -6.771750 -35.052832 18.308730 -54.068058 32.217037 -48.431332 -114.588433 0.000000 0.000000 0.000000 40.556062 -4.953049 -13.353209 -6.856369 0.115558 -1.928847 0.000000 0.000000 0.000000 11.774974 -10.135090 8.612671 0.000000 0.000000 0.000000 1.777176 -3.663593 -7.441144 87.847928 -1.104998 -1.147299 -5.043020 -0.887641 19.952954 0.000000 0.000000 0.000000 -20.784502 3.331770 -18.022266 6.995651 -0.082175 -1.344320 0.000000 0.000000 0.000000 7.614751 2.588724 -52.493353 0.000000 0.000000 0.000000
-0.000864 1.007012 -0.005594 0.000000 0.000000 0.000000 -5.254950 -2.959083 -4.952891 -11.749589 3.069984 1.489308 -0.983655 20.553152 7.752755 0.657443 -17.851785 -1.584118 -0.054610 -4.223678 -1.480861 0.000000 0.000000 0.000000 -5.825743 0.628566 -3.046444 25.613856 -2.816014 1.815492 1.619205 24.348364 -9.374607 -3.086342 -17.724721 -5.531521 0.038800 3.342957 -1.329579 0.000000 0.000000 0.000000 -3.465779 1.417373 -0.306380 3.692014 0.057938 0.073657 0.000000 0.000000 0.000000 -4.465969 -8.900391 -0.185894 3.078992 24.869600 -1.989090 3.077800 7.937796 -0.272946 0.000000 0.000000 0.000000 2.666694 2.290278 -6.206578 -35.006336 18.547341 -54.747740 32.233783 -48.341361 -114.450374 0.000000 0.000000 0.000000 41.111369 -5.630407 -14.941544 -6.884778 0.109838 -1.825804 0.000000 0.000000 0.000000 11.648848 -10.284782 7.160718 0.000000 0.000000 0.000000 2.136663 -3.573389 -7.087466 87.851070 -1.233538 -1.280688 -4.937916 -0.868123 19.930556 0.000000 0.000000 0.000000 -20.534397 3.025483 -16.589509 6.995351 -0.082298 -1.346396 0.000000 0.000000 0.000000 7.856228 2.778510 -51.095128 0.000000 0.000000 0.000000
-0.000147 1.007576 -0.008585 0.000000 0.000000 0.000000 -4.736004 -2.869204 -4.602717 -12.351244 2.770989 1.362232 -0.803560 20.358763 7.641414 0.567124 -17.461387 -1.795043 -0.077890 -5.028736 -1.773617 0.000000 0.000000 0.000000 -5.301167 0.570660 -2.781898 24.982121 -3.141124 2.000724 1.815383 24.712304 -9.567354 -3.211259 -17.773550 -5.881359 0.035370 3.176787 -1.275464 0.000000 0.000000 0.000000 -3.516709 2.597275 -0.291023 3.764093 -0.197539 0.090606 0.000000 0.000000 0.000000 -4.577733 -9.255729 -0.209242 2.949399 24.427617 -1.928645 3.106908 7.730928 -0.263894 0.000000 0.000000 0.000000 3.085817 2.168530 -5.791653 -35.470074 18.928945 -55.062083 33.065115 -49.220779 -114.111414 0.000000 0.000000 0.000000 40.649849 -5.748225 -15.437673 -6.913370 0.103612 -1.715198 0.000000 0.000000 0.000000 11.117539 -9.830828 7.068780 0.000000 0.000000 0.000000 2.739706 -3.777588 -7.252388 87.263996 -1.657702 -1.738801 -4.248311 -0.800692 21.337797 0.000000 0.000000 0.000000 -21.147568 3.191090 -16.973874 6.960062 -0.092215 -1.516280 0.000000 0.000000 0.000000 7.521510 2.581065 -52.164482 0.000000 0.000000 0.000000
0.000186 1.008005 -0.011831 0.000000 0.000000 0.000000 -4.515744 -2.525051 -4.211526 -12.492772 1.864844 0.919554 -0.981305 20.821326 7.855347 0.515743 -17.201485 -1.911118 -0.043965 -3.795029 -1.326998 0.000000 0.000000 0.000000 -5.128447 0.234123 -2.480984 24.751070 -2.998766 1.901538 1.827212 24.659661 -9.549369 -3.226977 -17.722910 -5.944573 0.058565 4.148218 -1.617005 0.000000 0.000000 0.000000 -3.230215 2.934383 -0.265496 3.722073 0.715177 0.034688 0.000000 0.000000 0.000000 -4.756020 -10.350165 -0.287093 2.490108 24.474018 -1.863990 2.893611 8.172369 -0.277588 0.000000 0.000000 0.000000 2.876746 1.937919 -5.107929 -34.644447 19.246621 -57.060402 35.522523 -50.602954 -111.757232 0.000000 0.000000 0.000000 39.922481 -5.265064 -14.429604 -6.914763 0.103296 -1.709617 0.000000 0.000000 0.000000 10.856355 -9.397966 8.279491 0.000000 0.000000 0.000000 2.579654 -3.195306 -6.094751 87.290117 -0.545576 -0.572010 -4.377320 -0.841336 21.749588 0.000000 0.000000 0.000000 -20.988901 3.812672 -20.372669 6.986539 -0.084932 -1.391235 0.000000 0.000000 0.000000 7.523697 2.377511 -54.969223 0.000000 0.000000 0.000000
0.000581 1.008767 -0.015968 0.000000 0.000000 0.000000 -4.598656 -2.140261 -3.947887 -12.402541 0.915526 0.450527 -0.940165 21.348209 8.049289 0.419114 -17.080221 -2.187674 -0.024602 -2.849861 -0.989009 0.000000 0.000000 0.000000 -5.046868 0.454726 -2.593742 24.733582 -3.451010 2.187667 1.711415 24.654559 -9.518551 -3.196407 -17.481716 -5.936885 0.054564 3.993342 -1.565032 0.000000 0.000000 0.000000 -3.196734 4.238933 -0.245093 3.838734 0.578830 0.044751 0.000000 0.000000 0.000000 -4.612483 -10.241576 -0.280324 2.047832 23.527053 -1.719202 2.690031 7.789114 -0.252967 0.000000 0.000000 0.000000 2.950367 1.763325 -4.563241 -36.235686 19.646387 -55.774288 33.952539 -50.192418 -113.806523 0.000000 0.000000 0.000000 39.479347 -5.641542 -15.636836 -6.978056 0.087294 -1.431672 0.000000 0.000000 0.000000 9.995764 -8.693808 8.004977 0.000000 0.000000 0.000000 2.837965 -3.188905 -5.973842 87.084741 -0.709085 -0.746113 -3.886513 -0.814666 23.668721 0.000000 0.000000 0.000000 -21.605499 4.007698 -20.781320 6.946520 -0.095753 -1.577524 0.000000 0.000000 0.000000 7.203687 2.195855 -56.133270 0.000000 0.000000 0.000000
0.000689 1.009275 -0.020399 0.000000 0.000000 0.000000 -3.793969 -1.428386 -2.963853 -12.953740 -0.407371 -0.202903 -1.267702 21.488566 8.173818 0.274908 -16.645354 -2.568825 -0.067148 -4.661397 -1.649682 0.000000 0.000000 0.000000 -4.324366 -0.340318 -1.738311 23.917812 -2.960591 1.847281 1.946397 24.839962 -9.650962 -3.454211 -17.770173 -6.593534 0.060578 4.212917 -1.646867 0.000000 0.000000 0.000000 -3.232184 5.761736 -0.225516 3.957716 0.798619 0.032945 0.000000 0.000000 0.000000 -4.273968 -10.762194 -0.319729 1.258259 22.010271 -1.494192 2.431154 7.313485 -0.224165 0.000000 0.000000 0.000000 3.413729 1.582998 -3.935887 -38.404051 20.514737 -54.912208 31.492373 -48.643581 -116.085403 0.000000 0.000000 0.000000 40.672369 -6.993221 -18.723538 -7.031889 0.070265 -1.143562 0.000000 0.000000 0.000000 9.860484 -8.954816 5.536319 0.000000 0.000000 0.000000 3.488011 -3.211578 -5.755053 86.287999 -0.163815 -0.174787 -3.365127 -0.741672 24.851912 0.000000 0.000000 0.000000 -22.781409 3.879069 -19.083127 6.913014 -0.103696 -1.716666 0.000000 0.000000 0.000000 6.142598 1.931316 -55.120599 0.000000 0.000000 0.000000
0.001925 1.010822 -0.026811 0.000000 0.000000 0.000000 -4.761449 -0.897024 -3.030591 -12.077364 -1.788926 -0.874067 -1.307097 22.494310 8.573634 0.372482 -16.650916 -2.268303 -0.055441 -4.248163 -1.494706 0.000000 0.000000 0.000000 -4.839451 0.684866 -2.659077 24.414136 -4.405811 2.776070 1.995755 24.751939 -9.628176 -3.265663 -16.870574 -6.356026 0.051758 3.868089 -1.532639 0.000000 0.000000 0.000000 -2.908579 7.505235 -0.191064 4.247167 0.994049 0.024308 0.000000 0.000000 0.000000 -4.404853 -11.147578 -0.346594 0.723613 20.311403 -1.308448 2.177602 6.858315 -0.198505 0.000000 0.000000 0.000000 3.072940 1.286070 -3.078487 -42.942072 21.839285 -52.255548 28.082456 -46.584848 -119.693715 0.000000 0.000000 0.000000 40.906299 -7.892647 -20.959215 -7.080108 0.049154 -0.794536 0.000000 0.000000 0.000000 9.288109 -8.609107 4.363074 0.000000 0.000000 0.000000 3.324704 -2.839414 -5.046507 86.152406 0.398354 0.426045 -3.215629 -0.806458 28.151363 0.000000 0.000000 0.000000 -22.305899 3.942339 -19.804756 6.916189 -0.102987 -1.704147 0.000000 0.000000 0.000000 6.646892 2.051085 -55.734612 0.000000 0.000000 0.000000
0.002405 1.012064 -0.033313 0.000000 0.000000 0.000000 -4.784621 -0.124334 -2.413556 -12.102050 -3.555468 -1.738463 -1.284580 23.391376 8.918364 0.269964 -16.458774 -2.558297 -0.075134 -4.928174 -1.745818 0.000000 0.000000 0.000000 -4.500392 1.205589 -2.866988 24.143095 -5.440570 3.410654 2.005749 24.999712 -9.729717 -3.199792 -16.713125 -6.214676 0.083609 4.982948 -1.921332 0.000000 0.000000 0.000000 -2.554936 9.304150 -0.165549 4.188405 1.300839 0.003853 0.000000 0.000000 0.000000 -4.974053 -11.742247 -0.391538 1.273928 18.019309 -1.200003 2.388573 6.217658 -0.176724 0.000000 0.000000 0.000000 2.855885 1.043369 -2.378500 -47.742118 22.354601 -48.121921 24.102562 -43.176871 -123.302914 0.000000 0.000000 0.000000 41.995674 -8.768823 -22.593449 -7.082994 0.047564 -0.768522 0.000000 0.000000 0.000000 9.628064 -9.219114 2.497273 0.000000 0.000000 0.000000 3.240528 -2.553585 -4.482045 85.954244 0.815896 0.875639 -2.286996 -0.670719 32.686455 0.000000 0.000000 0.000000 -23.593768 4.294127 -20.353276 6.900128 -0.106593 -1.767924 0.000000 0.000000 0.000000 5.347773 1.603942 -56.630016 0.000000 0.000000 0.000000
0.002986 1.012509 -0.039088 0.000000 0.000000 0.000000 -5.141024 0.655790 -1.949895 -11.812203 -5.184263 -2.519337 -1.383706 24.195059 9.256697 0.251859 -16.268240 -2.588150 -0.063915 -4.550505 -1.608569 0.000000 0.000000 0.000000 -4.430333 1.948173 -3.346417 24.208494 -6.597111 4.141813 2.005533 25.304534 -9.851619 -3.156402 -16.640367 -6.110006 0.063626 4.316861 -1.688033 0.000000 0.000000 0.000000 -2.462964 11.087611 -0.150733 4.489749 1.350423 0.003406 0.000000 0.000000 0.000000 -4.352315 -11.447523 -0.367868 0.461486 15.253921 -0.945066 2.073381 5.225231 -0.131652 0.000000 0.000000 0.000000 3.032100 1.051287 -2.366143 -53.393105 22.409707 -43.001328 20.022188 -38.190401 -125.964417 0.000000 0.000000 0.000000 43.116214 -8.935418 -22.373825 -7.087695 0.044825 -0.723777 0.000000 0.000000 0.000000 10.312421 -9.840693 2.695643 0.000000 0.000000 0.000000 3.468299 -2.685960 -4.671535 85.317609 -0.266719 -0.289458 -0.071440 -0.025772 39.673510 0.000000 0.000000 0.000000 -23.676802 4.686503 -22.092765 6.863512 -0.114154 -1.903426 0.000000 0.000000 0.000000 5.489646 1.529925 -58.875371 0.000000 0.000000 0.000000
0.004707 1.012673 -0.044394 0.000000 0.000000 0.000000 -4.846341 1.029260 -1.496820 -12.424344 -6.251664 -3.080164 -1.253216 24.792838 9.459006 0.192351 -16.078228 -2.748109 -0.061137 -4.448492 -1.573980 0.000000 0.000000 0.000000 -3.864834 2.492545 -3.486350 23.428969 -7.705129 4.765912 2.498101 25.765859 -10.164902 -3.192896 -16.659716 -6.212930 0.049266 3.767550 -1.497808 0.000000 0.000000 0.000000 -1.875566 12.734397 -0.148004 4.487962 1.880914 -0.032141 0.000000 0.000000 0.000000 -5.212368 -10.833314 -0.321284 1.154111 11.350827 -0.711725 2.418026 3.919044 -0.080000 0.000000 0.000000 0.000000 2.991728 1.091604 -2.497979 -58.897100 21.423764 -37.047134 17.015317 -33.159323 -126.647056 0.000000 0.000000 0.000000 41.746454 -8.761530 -22.718842 -7.119880 0.016727 -0.268869 0.000000 0.000000 0.000000 9.145117 -8.486246 4.297106 0.000000 0.000000 0.000000 3.407903 -2.731448 -4.789335 84.740354 -0.414101 -0.453973 1.700184 0.746499 47.407115 0.000000 0.000000 0.000000 -24.094678 3.610335 -16.800727 6.856201 -0.115568 -1.929063 0.000000 0.000000 0.000000 5.047417 1.649079 -53.833326 0.000000 0.000000 0.000000
0.005029 1.012549 -0.049327 0.000000 0.000000 0.000000 -5.581808 1.705218 -1.290843 -11.641312 -7.886802 -3.820756 -1.581405 25.967647 10.006156 0.195742 -16.265122 -2.762734 -0.061165 -4.448535 -1.574676 0.000000 0.000000 0.000000 -4.261122 3.080814 -4.060227 24.114921 -8.486231 5.320534 2.268285 25.765235 -10.104657 -3.078746 -16.294145 -5.997663 0.026850 2.716082 -1.132559 0.000000 0.000000 0.000000 -1.589765 14.172566 -0.153009 4.456044 2.192397 -0.053063 0.000000 0.000000 0.000000 -4.608768 -10.746131 -0.317125 0.992786 8.150774 -0.485945 2.342701 3.301724 -0.054407 0.000000 0.000000 0.000000 2.421288 0.850395 -1.886595 -64.157485 19.301523 -30.358436 13.163616 -26.401565 -127.614460 0.000000 0.000000 0.000000 36.888415 -8.008934 -23.708846 -7.123499 -0.008647 0.138922 0.000000 0.000000 0.000000 5.651544 -5.124691 5.606175 0.000000 0.000000 0.000000 2.927532 -2.361973 -4.197514 85.129446 -0.485644 -0.528786 2.442009 1.287718 55.601920 0.000000 0.000000 0.000000 -22.866509 2.952003 -14.521567 6.850674 -0.116646 -1.948631 0.000000 0.000000 0.000000 6.360764 2.216843 -51.603380 0.000000 0.000000 0.000000
0.004911 1.012278 -0.052866 0.000000 0.000000 0.000000 -5.755288 1.813701 -1.283440 -11.383494 -8.471246 -4.081145 -1.759085 26.446176 10.243620 0.240196 -16.352950 -2.636182 -0.100605 -5.690030 -2.024216 0.000000 0.000000 0.000000 -4.259562 3.555556 -4.390830 24.327367 -9.368167 5.899099 2.244267 26.200005 -10.273896 -2.936291 -16.498738 -5.495175 0.083181 4.978301 -1.913289 0.000000 0.000000 0.000000 -1.597211 15.325514 -0.152877 4.575118 2.444110 -0.069918 0.000000 0.000000 0.000000 -4.565814 -10.337282 -0.287673 1.206687 5.541511 -0.302361 2.423223 2.275267 -0.010519 0.000000 0.000000 0.000000 2.543852 0.908415 -2.034857 -69.033286 16.397301 -23.665184 10.570607 -20.604396 -126.054148 0.000000 0.000000 0.000000 31.745561 -7.648979 -26.459956 -7.093964 -0.040943 0.660523 0.000000 0.000000 0.000000 1.644548 -1.492677 5.543657 0.000000 0.000000 0.000000 3.053381 -2.493585 -4.427147 84.820453 0.251643 0.275485 3.386131 2.033815 61.971254 0.000000 0.000000 0.000000 -22.818986 2.138747 -10.569100 6.828403 -0.120817 -2.024894 0.000000 0.000000 0.000000 6.450873 2.474407 -48.063202 0.000000 0.000000 0.000000
0.004984 1.011651 -0.056410 0.000000 0.000000 0.000000 -6.327215 2.107298 -1.311101 -10.696716 -9.518211 -4.517126 -2.247991 27.433077 10.774109 0.231928 -16.597866 -2.695177 -0.062792 -4.507245 -1.595485 0.000000 0.000000 0.000000 -4.600272 4.087917 -4.898939 24.962035 -10.221908 6.517588 2.154685 26.590099 -10.407467 -2.769056 -16.396520 -5.022889 0.130043 6.284141 -2.368629 0.000000 0.000000 0.000000 -1.545998 16.349473 -0.155484 4.822006 2.574403 -0.079151 0.000000 0.000000 0.000000 -4.603453 -10.329978 -0.286838 1.349918 3.769319 -0.172717 2.484723 1.639099 0.017628 0.000000 0.000000 0.000000 2.557943 1.096646 -2.600719 -72.500426 13.635843 -18.522068 9.304099 -17.047321 -123.001203 0.000000 0.000000 0.000000 29.743680 -7.829110 -28.899527 -7.066751 -0.055853 0.904524 0.000000 0.000000 0.000000 0.007466 -0.006922 4.329297 0.000000 0.000000 0.000000 3.007469 -2.774770 -5.035453 84.285362 1.186810 1.311493 4.277594 2.910671 68.453046 0.000000 0.000000 0.000000 -22.116591 1.348864 -6.893795 6.797988 -0.126153 -2.123777 0.000000 0.000000 0.000000 7.205655 2.997295 -44.873182 0.000000 0.000000 0.000000
0.006570 1.011200 -0.057172 0.000000 0.000000 0.000000 -6.324855 1.831346 -1.544972 -10.903865 -9.289711 -4.428905 -2.198323 27.667161 10.855203 0.361740 -17.138331 -2.371134 -0.077316 -4.999522 -1.770855 0.000000 0.000000 0.000000 -4.426554 4.762964 -5.304072 24.601754 -11.141564 7.056983 2.658527 26.876067 -10.660262 -2.752395 -16.380161 -4.977710 0.074301 4.699608 -1.810534 0.000000 0.000000 0.000000 -1.202497 16.598862 -0.173347 4.629169 2.553822 -0.077432 0.000000 0.000000 0.000000 -4.903083 -10.113865 -0.268098 2.151733 3.359970 -0.110585 2.784166 1.444869 0.032721 0.000000 0.000000 0.000000 2.335924 1.244592 -3.089181 -74.983959 10.690697 -13.908299 7.980363 -13.621498 -119.426065 0.000000 0.000000 0.000000 29.619869 -8.679071 -32.027930 -7.060870 -0.058553 0.949033 0.000000 0.000000 0.000000 -0.229128 0.223602 1.398704 0.000000 0.000000 0.000000 2.722537 -2.954971 -5.528337 83.974234 1.674593 1.860634 4.806306 3.658033 74.535178 0.000000 0.000000 0.000000 -22.815341 1.116293 -5.528256 6.737327 -0.135834 -2.307349 0.000000 0.000000 0.000000 6.691288 2.819921 -44.334158 0.000000 0.000000 0.000000
0.006683 1.009907 -0.056794 0.000000 0.000000 0.000000 -6.586567 1.669422 -1.810941 -10.480957 -9.048408 -4.272573 -2.356180 27.737180 10.928001 0.414667 -17.690007 -2.288699 -0.107189 -5.871789 -2.089788 0.000000 0.000000 0.000000 -4.733534 4.738721 -5.406210 24.849807 -10.989065 6.993353 2.841439 26.799438 -10.678726 -2.786607 -16.908852 -4.909017 0.036694 3.245658 -1.295138 0.000000 0.000000 0.000000 -1.195067 16.631484 -0.173852 4.658134 2.629332 -0.082648 0.000000 0.000000 0.000000 -4.781415 -10.287484 -0.282230 2.325638 3.081034 -0.081183 2.811241 1.361515 0.037135 0.000000 0.000000 0.000000 2.208651 1.272941 -3.197385 -76.746661 8.241963 -10.398071 7.375119 -11.887446 -116.481649 0.000000 0.000000 0.000000 30.027986 -7.963112 -29.095796 -7.044744 -0.065281 1.060513 0.000000 0.000000 0.000000 0.092383 -0.085069 4.720362 0.000000 0.000000 0.000000 2.586154 -2.987135 -5.651749 83.340097 2.401278 2.697870 4.396357 3.680449 79.861080 0.000000 0.000000 0.000000 -22.846712 0.803351 -3.974282 6.705301 -0.140510 -2.398187 0.000000 0.000000 0.000000 6.716929 2.908741 -43.209214 0.000000 0.000000 0.000000
0.005486 1.008569 -0.056771 0.000000 0.000000 0.000000 -6.829614 1.455926 -2.113127 -10.009599 -9.057712 -4.231499 -2.702791 28.260211 11.240764 0.487561 -17.973037 -2.110606 -0.119466 -6.196235 -2.206941 0.000000 0.000000 0.000000 -5.002709 4.793286 -5.548419 25.350685 -11.158656 7.170281 2.868117 27.214606 -10.856865 -2.741590 -17.137861 -4.701524 0.062092 4.290160 -1.657596 0.000000 0.000000 0.000000 -1.624286 16.872962 -0.151533 4.695081 2.514174 -0.074799 0.000000 0.000000 0.000000 -4.478248 -10.241093 -0.281487 2.723435 2.434959 -0.010091 2.906858 1.081813 0.052357 0.000000 0.000000 0.000000 2.329723 1.146340 -2.795119 -77.717960 6.428696 -7.974336 7.174238 -11.018049 -113.954140 0.000000 0.000000 0.000000 29.042983 -7.693288 -29.104098 -7.045202 -0.065145 1.058225 0.000000 0.000000 0.000000 -0.573133 0.526701 4.834895 0.000000 0.000000 0.000000 2.821623 -2.946852 -5.471209 82.638227 3.526607 4.011180 2.805522 2.545051 84.423939 0.000000 0.000000 0.000000 -21.224949 0.788057 -4.204062 6.752541 -0.133521 -2.262959 0.000000 0.000000 0.000000 8.170077 3.571725 -42.830542 0.000000 0.000000 0.000000
0.004984 1.008327 -0.056421 0.000000 0.000000 0.000000 -7.205363 1.216275 -2.505640 -9.523967 -8.818167 -4.073797 -2.843249 28.491666 11.376824 0.522919 -18.182170 -2.035591 -0.084272 -5.216109 -1.849910 0.000000 0.000000 0.000000 -5.341771 5.030109 -5.843329 25.876455 -11.390208 7.393559 2.788382 27.303519 -10.871347 -2.664451 -16.954031 -4.528777 0.048007 3.749212 -1.466678 0.000000 0.000000 0.000000 -1.704330 17.343686 -0.146781 4.582951 2.272682 -0.058291 0.000000 0.000000 0.000000 -5.224963 -11.175241 -0.348081 3.782104 2.507128 0.035468 3.370421 1.182946 0.059242 0.000000 0.000000 0.000000 2.059795 1.033436 -2.510190 -78.217883 5.133642 -6.312765 7.549920 -11.177586 -112.017675 0.000000 0.000000 0.000000 29.175660 -7.646840 -28.803596 -7.052140 -0.062296 1.010962 0.000000 0.000000 0.000000 -0.441857 0.405409 4.926462 0.000000 0.000000 0.000000 2.698154 -2.961725 -5.552470 81.841433 4.847856 5.591328 1.219864 1.176806 87.941348 0.000000 0.000000 0.000000 -22.749403 0.973741 -4.837487 6.775450 -0.129899 -2.194117 0.000000 0.000000 0.000000 6.611778 2.864570 -43.188103 0.000000 0.000000 0.000000
0.004944 1.007497 -0.055276 0.000000 0.000000 0.000000 -7.136647 1.024068 -2.635622 -9.648639 -8.541814 -3.957033 -2.728000 28.592049 11.384800 0.573110 -18.229547 -1.893488 -0.108121 -5.901020 -2.097504 0.000000 0.000000 0.000000 -5.306463 5.028273 -5.828586 25.878142 -11.536493 7.489126 2.855181 27.767998 -11.081357 -2.699552 -17.193228 -4.558955 0.051005 3.872849 -1.508510 0.000000 0.000000 0.000000 -1.773732 17.540756 -0.142427 4.382615 2.143651 -0.049969 0.000000 0.000000 0.000000 -4.902241 -12.192224 -0.425359 3.738879 2.860952 0.000776 3.281651 1.415393 0.045472 0.000000 0.000000 0.000000 1.901887 0.886838 -2.106855 -78.576336 4.139016 -5.057934 7.891467 -11.407520 -110.743406 0.000000 0.000000 0.000000 29.095941 -7.369821 -27.874948 -7.038626 -0.067686 1.100540 0.000000 0.000000 0.000000 -0.522278 0.468423 6.223129 0.000000 0.000000 0.000000 2.664329 -2.874193 -5.381176 81.012467 5.899474 6.903618 -0.597249 -0.599304 90.196745 0.000000 0.000000 0.000000 -22.379358 0.552288 -2.791366 6.828101 -0.120819 -2.025024 0.000000 0.000000 0.000000 6.727016 3.104391 -40.494573 0.000000 0.000000 0.000000
0.004973 1.006955 -0.053791 0.000000 0.000000 0.000000 -7.313448 1.040923 -2.710358 -9.352679 -8.739177 -4.021350 -3.139688 29.092565 11.713517 0.565113 -18.353647 -1.935574 -0.090662 -5.407676 -1.919563 0.000000 0.000000 0.000000 -5.611166 4.691020 -5.711654 26.128903 -11.065559 7.216683 2.768483 27.699985 -11.028871 -2.726490 -16.985681 -4.704508 0.058376 4.152066 -1.610287 0.000000 0.000000 0.000000 -1.806909 17.399497 -0.140689 4.271335 2.288725 -0.059653 0.000000 0.000000 0.000000 -5.343450 -11.639017 -0.384963 4.328589 1.905184 0.120629 3.490478 1.031192 0.070060 0.000000 0.000000 0.000000 1.595418 0.738632 -1.735378 -78.760549 3.491214 -4.252621 8.284392 -11.779657 -109.860442 0.000000 0.000000 0.000000 29.810367 -7.424405 -27.397633 -7.061441 -0.058327 0.945295 0.000000 0.000000 0.000000 0.089498 -0.080606 5.984992 0.000000 0.000000 0.000000 2.396781 -2.627448 -4.964070 80.240650 6.577215 7.801579 -2.386937 -2.485441 92.317051 0.000000 0.000000 0.000000 -22.554387 0.681183 -3.415091 6.883007 -0.110180 -1.831968 0.000000 0.000000 0.000000 6.333335 2.934605 -40.312866 0.000000 0.000000 0.000000
0.005125 1.007339 -0.052013 0.000000 0.000000 0.000000 -7.407198 1.298711 -2.536167 -9.242859 -9.139206 -4.195417 -3.294158 29.318053 11.853958 0.499145 -18.294181 -2.122327 -0.083913 -5.202126 -1.846995 0.000000 0.000000 0.000000 -5.733071 4.487933 -5.618743 26.156476 -10.780910 7.034092 2.720398 27.698326 -11.014644 -2.623534 -17.054894 -4.375076 0.103391 5.595243 -2.115541 0.000000 0.000000 0.000000 -1.793643 17.604512 -0.141120 4.156604 1.988701 -0.040524 0.000000 0.000000 0.000000 -5.646162 -11.262303 -0.355001 4.760071 1.430189 0.191907 3.613307 0.762745 0.087408 0.000000 0.000000 0.000000 1.295073 0.453609 -0.971286 -78.773910 3.126700 -3.807818 7.933026 -11.201926 -109.475042 0.000000 0.000000 0.000000 30.095906 -7.185422 -26.290728 -7.062892 -0.057630 0.933813 0.000000 0.000000 0.000000 0.342152 -0.302643 7.012731 0.000000 0.000000 0.000000 2.272408 -2.382294 -4.489239 79.382756 6.822811 8.216251 -4.008039 -4.313178 94.203875 0.000000 0.000000 0.000000 -21.909221 0.805820 -4.161426 6.933661 -0.098886 -1.632174 0.000000 0.000000 0.000000 6.698901 3.110847 -40.220550 0.000000 0.000000 0.000000
0.005831 1.007249 -0.050760 0.000000 0.000000 0.000000 -6.593111 1.496712 -1.961329 -10.228749 -9.407367 -4.417353 -3.290511 29.247217 11.823155 0.406704 -18.031069 -2.360222 -0.086599 -5.281095 -1.877562 0.000000 0.000000 0.000000 -4.963628 4.205185 -5.123860 25.098746 -10.916010 6.979999 3.178658 28.405826 -11.438450 -2.816315 -17.245100 -4.889901 0.066215 4.434921 -1.709914 0.000000 0.000000 0.000000 -1.739318 17.442034 -0.144618 3.782264 2.327609 -0.062447 0.000000 0.000000 0.000000 -5.971370 -11.360414 -0.363429 5.504593 0.977782 0.283925 3.879178 0.765844 0.094860 0.000000 0.000000 0.000000 1.284475 0.184717 -0.192504 -78.832852 3.090791 -3.760154 7.812641 -10.990697 -109.268761 0.000000 0.000000 0.000000 29.763943 -6.883559 -25.504656 -7.059514 -0.059118 0.958387 0.000000 0.000000 0.000000 0.129626 -0.112805 7.938165 0.000000 0.000000 0.000000 2.246669 -1.896350 -3.457644 78.809375 7.615530 9.263193 -6.837474 -7.432299 94.786225 0.000000 0.000000 0.000000 -19.811519 0.712887 -4.080562 7.007586 -0.078498 -1.281979 0.000000 0.000000 0.000000 8.169842 3.926912 -38.714940 0.000000 0.000000 0.000000
0.005407 1.007029 -0.050156 0.000000 0.000000 0.000000 -6.800320 1.744454 -1.851924 -9.811899 -10.073707 -4.686800 -3.927233 29.876048 12.282020 0.349612 -18.017377 -2.528747 -0.052160 -4.109236 -1.453858 0.000000 0.000000 0.000000 -5.265768 3.783417 -4.951310 25.432669 -10.530476 6.775880 3.131833 28.505085 -11.466220 -2.922813 -17.092175 -5.256382 0.058646 4.154463 -1.616815 0.000000 0.000000 0.000000 -2.130662 17.355993 -0.121831 4.030132 2.673714 -0.084119 0.000000 0.000000 0.000000 -5.723690 -11.156560 -0.346236 5.062509 0.347784 0.321531 3.707267 0.595314 0.099041 0.000000 0.000000 0.000000 1.559361 0.144907 -0.003714 -79.240898 3.417389 -4.127352 8.539779 -11.908493 -108.805351 0.000000 0.000000 0.000000 30.035035 -7.072261 -25.942811 -7.083362 -0.047330 0.764696 0.000000 0.000000 0.000000 0.437917 -0.389509 6.696604 0.000000 0.000000 0.000000 2.456749 -1.735612 -3.038400 77.918392 8.160486 10.083040 -8.514047 -9.358468 95.431991 0.000000 0.000000 0.000000 -20.590435 1.052043 -5.787002 7.047382 -0.064268 -1.043661 0.000000 0.000000 0.000000 7.077181 3.343664 -39.466299 0.000000 0.000000 0.000000
0.005549 1.007802 -0.050139 0.000000 0.000000 0.000000 -6.602815 2.154334 -1.404416 -10.058736 -10.794801 -5.052121 -4.086004 30.089083 12.422099 0.291799 -17.638645 -2.651620 -0.052207 -4.111165 -1.454475 0.000000 0.000000 0.000000 -5.016378 3.639247 -4.752713 25.133332 -10.586100 6.772818 3.176858 28.902817 -11.645296 -2.824771 -17.355929 -4.879718 0.136361 6.448172 -2.420385 0.000000 0.000000 0.000000 -2.011894 17.988057 -0.126436 3.820588 2.571587 -0.077349 0.000000 0.000000 0.000000 -6.342310 -12.127770 -0.431917 5.741789 0.703444 0.328738 3.995651 0.866223 0.092583 0.000000 0.000000 0.000000 1.312570 -0.139241 0.755614 -79.070337 3.825954 -4.634648 8.351357 -11.670058 -108.915052 0.000000 0.000000 0.000000 29.893237 -6.790325 -25.059172 -7.088168 -0.044612 0.720299 0.000000 0.000000 0.000000 0.417438 -0.366568 7.424901 0.000000 0.000000 0.000000 2.333530 -1.476846 -2.526571 77.332643 8.925563 11.141724 -10.375381 -11.498542 95.914471 0.000000 0.000000 0.000000 -21.734680 1.255855 -6.534811 7.080895 -0.048745 -0.787829 0.000000 0.000000 0.000000 5.556348 2.636506 -39.257968 0.000000 0.000000 0.000000
0.005735 1.007057 -0.049801 0.000000 0.000000 0.000000 -6.233222 2.313474 -1.089934 -10.488515 -11.065720 -5.230219 -4.115819 30.203517 12.480465 0.213648 -17.722201 -2.897697 -0.070585 -4.765510 -1.696176 0.000000 0.000000 0.000000 -4.661502 3.445293 -4.476140 24.588328 -10.767272 6.817292 3.599987 29.622387 -12.074395 -2.899558 -17.754647 -4.973760 0.126633 6.209826 -2.334190 0.000000 0.000000 0.000000 -2.272557 18.250124 -0.108088 3.820415 2.548604 -0.075943 0.000000 0.000000 0.000000 -5.361732 -12.150867 -0.425965 4.992461 0.679389 0.282693 3.578490 0.849071 0.081897 0.000000 0.000000 0.000000 1.619216 -0.258707 1.194175 -79.084462 4.221375 -5.112174 8.344213 -11.572405 -108.502501 0.000000 0.000000 0.000000 29.779795 -6.687585 -24.786306 -7.091496 -0.042507 0.685980 0.000000 0.000000 0.000000 0.379400 -0.332271 7.577603 0.000000 0.000000 0.000000 2.696626 -1.385282 -2.208677 77.070334 9.208961 11.548377 -11.411428 -12.789906 96.568403 0.000000 0.000000 0.000000 -21.627860 1.169657 -6.117862 7.097218 -0.038669 -0.623539 0.000000 0.000000 0.000000 5.366392 2.605124 -38.236502 0.000000 0.000000 0.000000
0.005407 1.006910 -0.048609 0.000000 0.000000 0.000000 -6.388311 2.401791 -1.088972 -10.187340 -11.129048 -5.224551 -4.388345 30.235682 12.579056 0.239621 -17.960458 -2.849934 -0.062174 -4.475659 -1.590937 0.000000 0.000000 0.000000 -4.887858 3.150846 -4.363944 24.758654 -10.462673 6.645553 3.714767 29.679840 -12.133610 -2.927466 -17.771058 -5.050429 0.110408 5.785839 -2.184564 0.000000 0.000000 0.000000 -2.263579 18.239002 -0.108753 3.687378 2.681712 -0.083743 0.000000 0.000000 0.000000 -5.408513 -12.279787 -0.436724 5.258288 0.642365 0.303846 3.597829 0.893112 0.080127 0.000000 0.000000 0.000000 1.316684 -0.435701 1.616490 -78.689249 4.590755 -5.598441 8.101874 -11.215694 -108.396934 0.000000 0.000000 0.000000 29.879285 -6.700288 -24.748167 -7.095504 -0.039871 0.643079 0.000000 0.000000 0.000000 0.484585 -0.425450 7.435869 0.000000 0.000000 0.000000 2.397603 -1.131539 -1.763706 77.354683 9.852423 12.290872 -12.836433 -14.459616 96.870682 0.000000 0.000000 0.000000 -21.356168 1.313675 -6.958775 7.109163 -0.029347 -0.472425 0.000000 0.000000 0.000000 5.340052 2.577577 -38.492863 0.000000 0.000000 0.000000
0.006107 1.006752 -0.047407 0.000000 0.000000 0.000000 -6.018753 2.609933 -0.734641 -10.697863 -11.246071 -5.341047 -4.317288 30.101468 12.499007 0.128025 -18.047847 -3.193982 -0.067763 -4.663079 -1.664178 0.000000 0.000000 0.000000 -4.484000 3.056822 -4.134643 24.158923 -10.399966 6.529569 3.912230 29.829742 -12.257669 -3.027432 -18.080535 -5.243614 0.117307 5.970154 -2.249280 0.000000 0.000000 0.000000 -2.262658 18.358140 -0.108098 3.644475 2.691860 -0.084238 0.000000 0.000000 0.000000 -5.888139 -12.199023 -0.434344 5.947876 0.661795 0.346726 3.925246 0.926005 0.087321 0.000000 0.000000 0.000000 1.470392 -0.546025 1.985621 -78.879787 4.967329 -6.036942 7.926180 -10.901090 -108.035941 0.000000 0.000000 0.000000 29.012023 -6.464482 -24.625793 -7.091427 -0.042613 0.687707 0.000000 0.000000 0.000000 -0.147008 0.128168 7.833079 0.000000 0.000000 0.000000 2.560388 -0.989514 -1.407164 76.977573 10.378276 13.031855 -14.133782 -15.970062 97.061671 0.000000 0.000000 0.000000 -21.341089 1.277389 -6.771882 7.117525 -0.020480 -0.329299 0.000000 0.000000 0.000000 5.082997 2.492069 -37.787416 0.000000 0.000000 0.000000
0.005786 1.006425 -0.045578 0.000000 0.000000 0.000000 -5.992936 2.739849 -0.611590 -10.703005 -11.266722 -5.351523 -4.364721 30.012497 12.475272 0.130486 -18.121903 -3.195376 -0.064482 -4.549552 -1.623165 0.000000 0.000000 0.000000 -4.429608 3.034058 -4.096624 24.154294 -10.220120 6.415712 3.756092 29.839857 -12.214198 -2.959407 -18.314390 -4.972111 0.135215 6.427005 -2.407955 0.000000 0.000000 0.000000 -2.476033 18.178388 -0.095095 3.675809 2.817917 -0.091873 0.000000 0.000000 0.000000 -5.412461 -12.079408 -0.420627 5.922940 0.785657 0.331352 3.841541 1.008298 0.080549 0.000000 0.000000 0.000000 1.656955 -0.561597 2.091810 -78.673215 5.461142 -6.661057 8.099153 -11.042210 -107.560378 0.000000 0.000000 0.000000 28.977929 -6.370893 -24.308140 -7.096551 -0.039244 0.632874 0.000000 0.000000 0.000000 -0.109921 0.095655 7.939079 0.000000 0.000000 0.000000 2.684100 -0.875745 -1.125274 77.283342 10.472870 13.079089 -14.521941 -16.702199 98.087409 0.000000 0.000000 0.000000 -21.389119 1.260041 -6.664797 7.116606 -0.021418 -0.344420 0.000000 0.000000 0.000000 5.068165 2.487418 -37.739506 0.000000 0.000000 0.000000
0.006028 1.006667 -0.045020 0.000000 0.000000 0.000000 -6.428238 2.995778 -0.598110 -10.195559 -11.647190 -5.470096 -4.492433 30.243707 12.614953 0.099496 -18.173633 -3.293665 -0.054313 -4.177442 -1.489122 0.000000 0.000000 0.000000 -4.820671 2.979379 -4.218417 24.660931 -9.999106 6.338252 3.451259 29.555727 -12.001200 -2.979244 -17.894844 -5.162532 0.097777 5.434040 -2.060124 0.000000 0.000000 0.000000 -2.437197 18.245399 -0.097148 3.806190 2.872501 -0.095696 0.000000 0.000000 0.000000 -5.315962 -12.079437 -0.419904 5.587602 0.643350 0.325242 3.690202 0.959870 0.079114 0.000000 0.000000 0.000000 1.505030 -0.553010 2.017176 -78.470197 5.611372 -6.868882 8.095580 -11.013158 -107.439721 0.000000 0.000000 0.000000 29.139728 -6.492918 -24.621308 -7.096583 -0.039321 0.634112 0.000000 0.000000 0.000000 -0.012689 0.011106 7.612098 0.000000 0.000000 0.000000 2.506881 -0.852664 -1.130433 77.484683 10.839657 13.487442 -14.927774 -17.419396 98.926221 0.000000 0.000000 0.000000 -21.919981 1.335844 -6.890035 7.119427 -0.017456 -0.280601 0.000000 0.000000 0.000000 4.447879 2.182477 -37.744928 0.000000 0.000000 0.000000
0.006700 1.007091 -0.043541 0.000000 0.000000 0.000000 -6.165826 3.123992 -0.364263 -10.589720 -11.690196 -5.539572 -4.379321 30.219751 12.569358 0.019784 -18.052081 -3.517514 -0.056237 -4.246920 -1.516631 0.000000 0.000000 0.000000 -4.489911 3.074946 -4.149628 24.133228 -10.000486 6.274847 3.637631 29.502427 -12.035011 -3.022394 -17.970587 -5.264253 0.089268 5.183499 -1.971897 0.000000 0.000000 0.000000 -2.399497 18.430357 -0.098316 3.739402 2.696865 -0.084793 0.000000 0.000000 0.000000 -5.306191 -11.519692 -0.375357 5.997642 0.235883 0.397511 3.816609 0.711936 0.095998 0.000000 0.000000 0.000000 1.570621 -0.591353 2.150328 -78.464355 5.975940 -7.315518 8.145096 -10.991555 -106.996764 0.000000 0.000000 0.000000 28.964960 -6.358010 -24.271352 -7.090629 -0.043085 0.695392 0.000000 0.000000 0.000000 -0.171083 0.148137 8.223074 0.000000 0.000000 0.000000 2.619748 -0.867547 -1.127543 77.570288 11.121557 13.816055 -15.118854 -17.898385 99.756977 0.000000 0.000000 0.000000 -22.080831 1.198549 -6.137215 7.122488 -0.011500 -0.184779 0.000000 0.000000 0.000000 4.126047 2.072911 -36.665286 0.000000 0.000000 0.000000
0.006954 1.007373 -0.043061 0.000000 0.000000 0.000000 -6.289587 3.178968 -0.375093 -10.444789 -11.713528 -5.532554 -4.364948 30.128755 12.525562 0.104544 -17.915530 -3.248619 -0.073587 -4.856973 -1.734985 0.000000 0.000000 0.000000 -4.597742 3.087383 -4.202212 24.276517 -9.928261 6.246683 3.492157 29.465335 -11.975431 -2.873539 -17.944565 -4.837838 0.133264 6.377686 -2.391605 0.000000 0.000000 0.000000 -2.545285 18.947826 -0.083901 3.864089 2.556860 -0.076512 0.000000 0.000000 0.000000 -4.807754 -11.345733 -0.361087 5.687482 -0.101115 0.412813 3.638480 0.488347 0.102615 0.000000 0.000000 0.000000 1.666834 -0.635380 2.310770 -78.316428 6.186027 -7.592381 8.085396 -10.936130 -107.122470 0.000000 0.000000 0.000000 29.075840 -6.336755 -24.098948 -7.090432 -0.043284 0.698635 0.000000 0.000000 0.000000 -0.088499 0.076398 8.393838 0.000000 0.000000 0.000000 2.812661 -0.943612 -1.230436 77.609155 11.288088 14.012571 -15.094634 -18.312721 101.159500 0.000000 0.000000 0.000000 -21.469404 1.288058 -6.786636 7.123454 -0.009428 -0.151474 0.000000 0.000000 0.000000 4.617528 2.294808 -37.165925 0.000000 0.000000 0.000000
0.008077 1.008050 -0.042683 0.000000 0.000000 0.000000 -6.486176 3.431155 -0.249560 -10.304971 -11.902897 -5.604739 -4.337343 29.990603 12.457366 0.025256 -17.580440 -3.448436 -0.035482 -3.384309 -1.201030 0.000000 0.000000 0.000000 -4.686165 3.239675 -4.343593 24.295498 -10.014698 6.303548 3.496387 29.362387 -11.933284 -2.843383 -17.651938 -4.841102 0.101568 5.543550 -2.097665 0.000000 0.000000 0.000000 -2.324718 19.388445 -0.097105 3.841188 2.615809 -0.080095 0.000000 0.000000 0.000000 -5.450375 -12.728402 -0.473430 6.308573 0.971005 0.334870 3.963521 1.086928 0.079409 0.000000 0.000000 0.000000 1.427420 -0.642475 2.251834 -78.076343 6.652214 -8.198827 8.658509 -11.598666 -106.600002 0.000000 0.000000 0.000000 29.553346 -6.341542 -23.721232 -7.100925 -0.036318 0.585332 0.000000 0.000000 0.000000 0.359131 -0.310676 8.275497 0.000000 0.000000 0.000000 2.576306 -0.941189 -1.298677 77.525582 11.942522 14.843768 -15.729015 -19.174436 101.448509 0.000000 0.000000 0.000000 -21.492937 1.303831 -6.861872 7.124654 -0.004046 -0.064993 0.000000 0.000000 0.000000 4.423494 2.209516 -36.933215 0.000000 0.000000 0.000000
0.008523 1.008993 -0.042288 0.000000 0.000000 0.000000 -6.397311 3.429707 -0.209299 -10.481656 -11.672198 -5.517522 -3.979951 29.668218 12.209355 -0.068544 -17.587867 -3.732454 -0.034176 -3.317340 -1.180166 0.000000 0.000000 0.000000 -4.488997 3.618496 -4.527155 24.094103 -10.478076 6.570527 3.495008 29.523058 -12.000643 -2.664123 -17.587776 -4.332764 0.145636 6.676578 -2.496354 0.000000 0.000000 0.000000 -2.317647 19.866134 -0.094519 3.880661 2.682890 -0.084312 0.000000 0.000000 0.000000 -5.199871 -12.221133 -0.430169 6.115144 0.005589 0.431545 3.854907 0.675882 0.099084 0.000000 0.000000 0.000000 1.593647 -0.521902 1.955228 -77.906741 6.987813 -8.637937 9.076567 -12.070848 -106.206796 0.000000 0.000000 0.000000 30.380961 -6.545410 -23.785601 -7.109042 -0.029450 0.474103 0.000000 0.000000 0.000000 1.023609 -0.894761 7.685370 0.000000 0.000000 0.000000 2.745430 -1.111223 -1.608712 77.257662 12.352782 15.424425 -16.001827 -19.445038 101.272422 0.000000 0.000000 0.000000 -22.369897 1.163182 -5.877651 7.124692 -0.004933 -0.079238 0.000000 0.000000 0.000000 3.660093 1.863828 -36.038587 0.000000 0.000000 0.000000
0.009438 1.009309 -0.042045 0.000000 0.000000 0.000000 -6.336031 3.483066 -0.134632 -10.724211 -11.693888 -5.558149 -3.848488 29.683329 12.175770 -0.098946 -17.505035 -3.815622 -0.026730 -2.936686 -1.042778 0.000000 0.000000 0.000000 -4.337785 3.877421 -4.647401 23.784278 -10.789556 6.726025 3.705903 29.635573 -12.112129 -2.593526 -17.522201 -4.144054 0.145870 6.683529 -2.497760 0.000000 0.000000 0.000000 -2.181348 20.172991 -0.103998 3.936965 2.980836 -0.102989 0.000000 0.000000 0.000000 -5.161356 -11.846203 -0.400503 5.840409 -0.483479 0.465915 3.797356 0.461000 0.109033 0.000000 0.000000 0.000000 1.699215 -0.368875 1.541304 -77.994542 7.206281 -8.893732 9.681806 -12.755863 -105.699438 0.000000 0.000000 0.000000 30.617718 -6.360819 -22.949200 -7.112575 -0.026076 0.419577 0.000000 0.000000 0.000000 1.284666 -1.111068 8.289565 0.000000 0.000000 0.000000 2.774646 -1.219428 -1.829870 77.084212 12.401610 15.532695 -15.941244 -19.468830 101.558257 0.000000 0.000000 0.000000 -21.606003 1.195237 -6.257869 7.124972 -0.002467 -0.039629 0.000000 0.000000 0.000000 4.276501 2.167955 -36.250857 0.000000 0.000000 0.000000
0.010516 1.009743 -0.043745 0.000000 0.000000 0.000000 -6.398807 3.781847 0.094771 -10.925399 -12.274104 -5.861976 -3.610782 29.955384 12.218708 -0.075506 -17.120374 -3.703511 -0.043450 -3.737410 -1.331674 0.000000 0.000000 0.000000 -4.163299 4.428829 -4.965599 23.666311 -11.928225 7.421836 4.183460 30.614285 -12.678373 -2.626413 -17.425339 -4.270500 0.088640 5.171945 -1.962422 0.000000 0.000000 0.000000 -2.058467 21.520388 -0.108712 3.867217 2.914251 -0.098526 0.000000 0.000000 0.000000 -4.823971 -13.219781 -0.502146 5.495842 -0.097015 0.398605 3.609391 0.744390 0.088260 0.000000 0.000000 0.000000 1.577571 -0.457286 1.761473 -77.596479 7.523587 -9.350703 9.576271 -12.510218 -105.224993 0.000000 0.000000 0.000000 31.523126 -6.860107 -23.978200 -7.114999 -0.023351 0.375594 0.000000 0.000000 0.000000 1.875394 -1.660056 6.972040 0.000000 0.000000 0.000000 2.768652 -1.260332 -1.918899 76.673503 12.933998 16.314386 -16.721974 -20.212474 100.983844 0.000000 0.000000 0.000000 -21.970087 1.230683 -6.333938 7.124504 0.005369 0.086243 0.000000 0.000000 0.000000 3.689465 1.884756 -35.891594 0.000000 0.000000 0.000000
0.011255 1.008451 -0.048452 0.000000 0.000000 0.000000 -6.982837 4.503002 0.456629 -10.551659 -14.155018 -6.710263 -3.832681 31.301701 12.862146 -0.100214 -17.206694 -3.788129 -0.063053 -4.492052 -1.607531 0.000000 0.000000 0.000000 -4.334687 5.248442 -5.611366 24.381907 -13.821235 8.726174 4.431362 32.378065 -13.523969 -2.482987 -17.458867 -3.835747 0.087453 5.142013 -1.947434 0.000000 0.000000 0.000000 -1.967804 23.583972 -0.110510 3.975069 2.706382 -0.086024 0.000000 0.000000 0.000000 -5.502225 -13.059389 -0.501110 6.076769 -1.701233 0.620226 3.928921 0.026544 0.137185 0.000000 0.000000 0.000000 1.374477 -0.493951 1.803590 -77.299774 8.102300 -10.121981 10.192326 -13.160370 -104.584574 0.000000 0.000000 0.000000 32.818794 -7.145106 -23.939332 -7.123545 -0.008841 0.142038 0.000000 0.000000 0.000000 2.943133 -2.652425 5.950441 0.000000 0.000000 0.000000 2.738980 -1.455298 -2.343673 76.344690 13.366723 16.955659 -17.025850 -20.503777 100.778061 0.000000 0.000000 0.000000 -22.447689 1.315752 -6.623455 7.123206 0.010475 0.168300 0.000000 0.000000 0.000000 3.078530 1.572184 -35.902082 0.000000 0.000000 0.000000
0.012085 1.005193 -0.052347 0.000000 0.000000 0.000000 -6.765067 5.127150 1.105270 -11.120241 -16.046650 -7.713426 -4.401328 33.164060 13.857478 -0.331481 -18.314910 -4.588344 -0.048661 -3.936222 -1.415985 0.000000 0.000000 0.000000 -3.780787 5.846368 -5.826568 24.229866 -16.279033 10.259520 5.367951 35.293143 -15.147854 -2.428762 -18.031425 -3.512299 0.075994 4.791666 -1.816158 0.000000 0.000000 0.000000 -1.810021 25.812472 -0.124526 3.800906 2.710870 -0.085813 0.000000 0.000000 0.000000 -5.135807 -13.872647 -0.558891 5.875715 -2.863222 0.731016 3.758081 -0.324194 0.150060 0.000000 0.000000 0.000000 1.275231 -0.631441 2.169788 -77.011710 8.530553 -10.710677 10.420493 -13.370984 -104.238330 0.000000 0.000000 0.000000 33.098660 -7.157770 -23.772421 -7.123867 -0.007467 0.119949 0.000000 0.000000 0.000000 3.162038 -2.847237 6.000223 0.000000 0.000000 0.000000 2.826297 -1.516508 -2.444508 75.717145 13.887912 17.809641 -18.066020 -21.415904 99.891647 0.000000 0.000000 0.000000 -21.788606 1.335177 -6.929050 7.113884 0.024582 0.395456 0.000000 0.000000 0.000000 3.197894 1.650978 -35.396943 0.000000 0.000000 0.000000
0.014292 0.996625 -0.058646 0.000000 0.000000 0.000000 -7.322397 5.993216 1.629865 -10.935265 -19.013163 -9.120348 -5.751883 36.235148 15.719836 -0.516058 -20.361933 -5.273271 -0.082335 -5.094763 -1.850491 0.000000 0.000000 0.000000 -3.834417 6.872222 -6.586173 24.902894 -19.549593 12.503347 7.528793 39.114631 -17.780122 -2.585489 -18.894705 -3.723850 0.011851 1.806099 -0.751843 0.000000 0.000000 0.000000 -1.384501 28.184991 -0.187915 3.843258 2.715123 -0.086194 0.000000 0.000000 0.000000 -5.508347 -14.687164 -0.634520 5.820867 -3.917601 0.841342 3.769554 -0.646086 0.167848 0.000000 0.000000 0.000000 0.913513 -0.602300 1.969036 -77.129530 9.098906 -11.398690 11.212351 -14.176376 -103.424892 0.000000 0.000000 0.000000 34.124588 -7.475785 -24.033362 -7.124558 0.003369 -0.054117 0.000000 0.000000 0.000000 3.956809 -3.630419 4.930093 0.000000 0.000000 0.000000 2.587448 -1.725306 -2.970621 75.268259 14.040657 18.148128 -18.088303 -21.425895 99.847846 0.000000 0.000000 0.000000 -21.239477 1.384156 -7.372278 7.106146 0.032029 0.515825 0.000000 0.000000 0.000000 3.423994 1.767419 -35.405867 0.000000 0.000000 0.000000
0.014337 0.983608 -0.065256 0.000000 0.000000 0.000000 -7.713533 6.872450 2.255647 -10.810588 -22.710558 -10.896845 -8.264750 40.373953 18.707110 -0.903558 -22.572120 -6.450523 -0.065363 -4.523729 -1.654761 0.000000 0.000000 0.000000 -3.758301 7.764413 -7.207355 26.030893 -23.062683 15.103513 10.279729 43.571106 -21.246249 -2.857898 -20.896288 -3.934372 0.001440 0.570454 -0.289239 0.000000 0.000000 0.000000 -1.441362 30.815769 -0.183033 3.926415 2.859273 -0.095384 0.000000 0.000000 0.000000 -5.906027 -15.003929 -0.674056 6.223064 -6.102176 1.130699 4.018757 -1.449281 0.223092 0.000000 0.000000 0.000000 0.923912 -0.617290 2.015280 -76.902677 9.283485 -11.676373 11.337981 -14.427182 -103.787200 0.000000 0.000000 0.000000 34.115706 -7.466701 -24.011367 -7.123557 0.008685 -0.139531 0.000000 0.000000 0.000000 4.024545 -3.711981 4.630615 0.000000 0.000000 0.000000 2.736036 -1.890226 -3.269202 74.671794 14.501482 18.938988 -18.659440 -21.872115 99.253744 0.000000 0.000000 0.000000 -21.892273 1.473740 -7.609190 7.098016 0.038228 0.616368 0.000000 0.000000 0.000000 2.601966 1.345449 -35.319873 0.000000 0.000000 0.000000
0.015285 0.968480 -0.070827 0.000000 0.000000 0.000000 -6.768269 7.620091 3.330924 -12.638319 -26.470802 -13.272012 -11.888232 44.899228 22.732718 -1.322258 -24.722721 -7.598759 -0.045990 -3.781873 -1.392931 0.000000 0.000000 0.000000 -2.401181 8.514765 -7.282797 25.053359 -26.572920 17.127939 14.770955 47.715538 -25.807827 -3.224162 -23.925394 -4.101852 0.000116 0.151104 -0.087926 0.000000 0.000000 0.000000 -1.173372 32.978432 -0.241981 3.474115 3.317959 -0.120193 0.000000 0.000000 0.000000 -5.477770 -16.040951 -0.744728 6.061075 -7.325750 1.247032 3.889070 -1.684218 0.229768 0.000000 0.000000 0.000000 0.995427 -0.692753 2.254697 -77.192709 9.496413 -11.882047 11.308942 -14.344924 -103.609227 0.000000 0.000000 0.000000 34.594505 -7.763808 -24.584864 -7.121177 0.014608 -0.234761 0.000000 0.000000 0.000000 4.352938 -4.087266 3.609051 0.000000 0.000000 0.000000 2.833167 -1.814828 -3.075011 74.849824 14.518561 18.901261 -19.319582 -22.457270 98.781820 0.000000 0.000000 0.000000 -21.782260 1.323713 -6.871738 7.095883 0.039608 0.638800 0.000000 0.000000 0.000000 2.677331 1.408466 -34.511101 0.000000 0.000000 0.000000
0.014009 0.947330 -0.075957 0.000000 0.000000 0.000000 -7.429445 8.268341 3.651648 -11.951149 -30.892916 -15.334542 -18.343241 49.936092 29.140758 -1.622096 -27.320136 -8.352815 -0.046505 -3.780036 -1.409213 0.000000 0.000000 0.000000 -2.832316 8.797787 -7.645966 26.697469 -29.035606 19.342100 19.536048 51.660538 -30.951787 -3.885293 -28.142775 -4.656628 0.009167 -1.606412 0.653903 0.000000 0.000000 0.000000 -1.682709 35.479741 -0.134695 3.831972 3.561358 -0.138031 0.000000 0.000000 0.000000 -5.432616 -16.465725 -0.777603 6.175888 -9.169436 1.470065 3.968486 -2.350790 0.270807 0.000000 0.000000 0.000000 1.224580 -0.798290 2.634715 -77.900195 9.269513 -11.454080 10.714706 -13.563129 -103.481745 0.000000 0.000000 0.000000 34.568109 -7.697665 -24.400296 -7.120331 0.015815 -0.254190 0.000000 0.000000 0.000000 4.372364 -4.096810 3.730431 0.000000 0.000000 0.000000 3.250358 -1.908702 -3.127140 75.107369 14.187361 18.388881 -18.687699 -21.787736 98.942531 0.000000 0.000000 0.000000 -22.903069 1.284972 -6.337099 7.104279 0.033552 0.540487 0.000000 0.000000 0.000000 1.901016 1.003519 -34.345266 0.000000 0.000000 0.000000
0.013761 0.923662 -0.079846 0.000000 0.000000 0.000000 -7.272847 9.012436 4.399966 -12.849356 -35.134289 -17.881596 -25.889567 54.402472 36.842120 -2.173283 -30.026549 -9.611965 -0.041193 -3.535421 -1.334674 0.000000 0.000000 0.000000 -2.303450 9.466337 -7.968180 27.202220 -32.206459 21.716854 26.637789 55.290670 -37.998884 -5.103133 -32.522604 -6.289616 0.119734 -5.738512 2.388615 0.000000 0.000000 0.000000 -1.685051 37.295041 -0.132683 3.781862 4.201257 -0.176483 0.000000 0.000000 0.000000 -5.102383 -17.228017 -0.822376 5.945373 -10.631769 1.596850 3.855423 -2.666902 0.281751 0.000000 0.000000 0.000000 1.398185 -0.860480 2.874207 -78.975753 9.397202 -11.392583 10.559535 -12.871010 -101.345877 0.000000 0.000000 0.000000 35.356095 -8.359926 -25.829895 -7.117266 0.020466 -0.329083 0.000000 0.000000 0.000000 4.770072 -4.618906 1.846871 0.000000 0.000000 0.000000 3.348967 -1.720006 -2.697346 75.600000 13.582108 17.456116 -18.503870 -21.350807 98.337396 0.000000 0.000000 0.000000 -23.242724 1.317602 -6.400345 7.107269 0.030998 0.499135 0.000000 0.000000 0.000000 1.679653 0.882665 -34.558199 0.000000 0.000000 0.000000
0.013619 0.900159 -0.079908 0.000000 0.000000 0.000000 -7.071587 9.495228 4.924702 -13.516593 -38.570764 -20.011666 -35.214608 57.614423 45.915602 -2.445004 -32.799498 -10.130476 -0.043723 -3.596912 -1.392402 0.000000 0.000000 0.000000 -1.865064 9.883712 -8.138315 27.644755 -35.421097 24.154093 36.219275 58.354170 -47.302920 -6.640795 -34.979268 -8.857922 0.211501 -7.478977 3.235120 0.000000 0.000000 0.000000 -1.404325 38.910425 -0.206376 3.550373 4.606654 -0.196679 0.000000 0.000000 0.000000 -5.021806 -16.617862 -0.770124 6.276307 -13.327182 1.957238 3.590321 -3.356267 0.302253 0.000000 0.000000 0.000000 1.190722 -0.951162 3.063553 -80.216441 8.641725 -10.251448 8.959657 -10.742101 -100.389520 0.000000 0.000000 0.000000 35.196312 -8.493770 -26.353254 -7.115722 0.022706 -0.365189 0.000000 0.000000 0.000000 4.641012 -4.545518 1.192406 0.000000 0.000000 0.000000 3.158104 -1.614996 -2.541159 77.252213 11.664961 14.570400 -16.051368 -18.814926 99.203643 0.000000 0.000000 0.000000 -23.300054 1.098911 -5.326173 7.122657 0.011508 0.184911 0.000000 0.000000 0.000000 2.311057 1.213889 -34.582987 0.000000 0.000000 0.000000
0.013191 0.876373 -0.078999 0.000000 0.000000 0.000000 -7.169930 9.968989 5.326679 -13.909687 -41.898473 -22.034275 -45.576874 59.732731 55.984950 -2.326122 -35.068077 -9.797166 -0.072851 -4.585237 -1.819530 0.000000 0.000000 0.000000 -1.744437 10.258044 -8.386204 28.482761 -38.481525 26.728282 47.987825 60.249449 -58.517563 -7.650232 -36.769887 -10.366995 0.232405 -7.676703 3.462906 0.000000 0.000000 0.000000 -1.614258 40.694929 -0.150119 3.756835 4.973220 -0.222958 0.000000 0.000000 0.000000 -4.656075 -17.990187 -0.855639 6.020143 -14.152921 2.001164 3.490694 -3.402716 0.298201 0.000000 0.000000 0.000000 1.506781 -0.987878 3.282200 -82.379276 7.926438 -9.053193 8.630833 -9.883260 -97.773528 0.000000 0.000000 0.000000 34.190174 -8.865310 -28.294210 -7.119956 0.016380 -0.263281 0.000000 0.000000 0.000000 3.739006 -3.756434 -0.266630 0.000000 0.000000 0.000000 3.524029 -1.622456 -2.434354 78.038705 10.093343 12.438860 -14.350025 -16.644997 98.572479 0.000000 0.000000 0.000000 -23.848295 0.946828 -4.481470 7.124928 -0.000172 -0.002761 0.000000 0.000000 0.000000 2.207736 1.163552 -34.422720 0.000000 0.000000 0.000000
0.011520 0.853768 -0.076012 0.000000 0.000000 0.000000 -7.799982 10.327069 5.423814 -13.226504 -44.770788 -23.320789 -55.667192 60.850769 65.923315 -2.490151 -37.371555 -10.061962 -0.099961 -5.312466 -2.154382 0.000000 0.000000 0.000000 -2.279612 10.296342 -8.593222 30.027396 -40.218453 28.772197 57.732118 60.861846 -67.847221 -9.313263 -38.551353 -13.044923 0.464559 -10.741172 4.938560 0.000000 0.000000 0.000000 -1.867873 41.951752 -0.074099 3.975550 5.468972 -0.258996 0.000000 0.000000 0.000000 -4.490111 -17.212756 -0.788087 6.279511 -16.941002 2.369346 3.501578 -4.358923 0.348163 0.000000 0.000000 0.000000 1.500395 -1.030947 3.404936 -84.219665 6.588736 -7.287586 7.252928 -8.013739 -95.722767 0.000000 0.000000 0.000000 33.757197 -9.475407 -30.555185 -7.118054 0.019414 -0.312134 0.000000 0.000000 0.000000 3.295968 -3.455376 -2.706727 0.000000 0.000000 0.000000 3.497863 -1.536958 -2.264251 79.572713 8.695952 10.433425 -12.916888 -14.504370 96.689890 0.000000 0.000000 0.000000 -24.620815 0.655301 -3.002208 7.123121 -0.009981 -0.160353 0.000000 0.000000 0.000000 1.852581 0.994760 -33.535024 0.000000 0.000000 0.000000
0.010075 0.835904 -0.069645 0.000000 0.000000 0.000000 -7.435804 10.292166 5.528210 -13.655171 -46.088721 -24.282703 -63.752622 61.122816 73.918396 -3.071199 -38.847638 -11.162643 -0.063321 -4.177728 -1.735944 0.000000 0.000000 0.000000 -1.889433 10.414106 -8.554803 29.908137 -41.695444 29.812539 66.195308 60.763331 -75.963121 -9.509612 -41.338970 -12.492789 0.312934 -8.451209 4.233526 0.000000 0.000000 0.000000 -1.869519 43.010750 -0.070609 3.722423 5.637834 -0.262364 0.000000 0.000000 0.000000 -3.756629 -16.851153 -0.724285 6.279642 -18.680577 2.568109 3.308133 -4.959577 0.363893 0.000000 0.000000 0.000000 1.411943 -1.213205 3.900296 -85.388310 5.491127 -5.951099 5.496512 -5.799543 -93.078304 0.000000 0.000000 0.000000 33.103244 -9.527508 -31.327769 -7.122275 0.012218 -0.196318 0.000000 0.000000 0.000000 2.752390 -2.897502 -2.943721 0.000000 0.000000 0.000000 3.503449 -1.406214 -1.988858 81.259066 7.416445 8.639575 -12.229060 -13.004393 93.548440 0.000000 0.000000 0.000000 -25.073547 0.318101 -1.430444 7.114499 -0.023915 -0.384695 0.000000 0.000000 0.000000 1.885975 1.028340 -32.799646 0.000000 0.000000 0.000000
0.008043 0.822895 -0.061183 0.000000 0.000000 0.000000 -7.470746 10.395395 5.611975 -13.470454 -46.998669 -24.707248 -69.410770 61.234137 79.790988 -3.368394 -39.901537 -11.687083 -0.098198 -5.221714 -2.153238 0.000000 0.000000 0.000000 -1.862864 10.549701 -8.650754 30.687578 -42.327558 30.705609 71.464432 60.892614 -81.568707 -10.251973 -42.411232 -13.499133 0.460519 -10.215164 5.148870 0.000000 0.000000 0.000000 -2.373067 43.520444 0.090054 3.981369 5.919191 -0.287414 0.000000 0.000000 0.000000 -3.718499 -16.927609 -0.727443 6.508449 -19.661819 2.736165 3.446549 -5.236690 0.388918 0.000000 0.000000 0.000000 1.948801 -1.214609 4.109414 -86.875389 5.017529 -5.298510 5.073710 -4.913349 -88.157837 0.000000 0.000000 0.000000 33.260017 -10.247437 -33.419572 -7.122653 0.011394 -0.183068 0.000000 0.000000 0.000000 2.649264 -2.894178 -5.061445 0.000000 0.000000 0.000000 3.999080 -1.336675 -1.686254 82.087336 5.977008 6.863201 -11.342275 -11.274737 89.655583 0.000000 0.000000 0.000000 -26.358571 0.127308 -0.543661 7.106594 -0.031497 -0.507225 0.000000 0.000000 0.000000 0.970804 0.533918 -32.381380 0.000000 0.000000 0.000000
0.004713 0.817027 -0.049623 0.000000 0.000000 0.000000 -7.762402 10.576368 5.673389 -12.544229 -47.339787 -24.418540 -72.264692 61.333460 82.921923 -3.614670 -40.311545 -12.138508 -0.136974 -6.202334 -2.527790 0.000000 0.000000 0.000000 -2.119540 10.515825 -8.708965 31.790738 -41.668777 30.797900 72.953823 61.487773 -83.838065 -11.303338 -43.289061 -15.086088 0.519707 -10.725286 5.532192 0.000000 0.000000 0.000000 -2.748027 43.984383 0.214366 3.969711 5.710385 -0.273965 0.000000 0.000000 0.000000 -3.540361 -17.481817 -0.754331 7.271434 -19.902515 2.951843 3.558870 -5.228801 0.397611 0.000000 0.000000 0.000000 1.838289 -1.456387 4.773875 -86.962940 4.753755 -5.012337 4.072229 -3.552035 -82.187929 0.000000 0.000000 0.000000 33.301859 -10.501487 -34.161781 -7.123873 0.007724 -0.124088 0.000000 0.000000 0.000000 2.567805 -2.831889 -5.601961 0.000000 0.000000 0.000000 4.001857 -1.154270 -1.307445 83.272172 4.896605 5.507298 -10.753269 -9.800133 84.661296 0.000000 0.000000 0.000000 -27.097202 0.203970 -0.846419 7.111990 -0.026602 -0.428073 0.000000 0.000000 0.000000 0.177702 0.097710 -32.391085 0.000000 0.000000 0.000000
0.001879 0.819117 -0.034044 0.000000 0.000000 0.000000 -7.950611 10.744926 5.762930 -11.844790 -46.197716 -23.424098 -70.765838 62.015566 82.092787 -3.862628 -40.602288 -12.595818 -0.201317 -7.563547 -3.044903 0.000000 0.000000 0.000000 -2.269984 10.497084 -8.743914 31.923664 -39.893346 29.502886 70.341435 62.664458 -82.369641 -10.470913 -44.618388 -13.173144 0.387703 -9.071273 4.884421 0.000000 0.000000 0.000000 -2.951571 43.522688 0.273009 4.017659 5.641755 -0.271034 0.000000 0.000000 0.000000 -3.215359 -17.556470 -0.740640 7.358762 -20.819500 3.087281 3.529829 -5.480349 0.408280 0.000000 0.000000 0.000000 1.903001 -1.359342 4.515906 -87.052125 4.593546 -4.835899 4.066260 -3.094900 -74.541000 0.000000 0.000000 0.000000 33.309509 -10.744582 -34.901402 -7.123486 0.009557 -0.153546 0.000000 0.000000 0.000000 2.528186 -2.831182 -6.473982 0.000000 0.000000 0.000000 4.008591 -1.210385 -1.421675 83.819268 3.405126 3.793522 -9.388505 -7.726946 78.869566 0.000000 0.000000 0.000000 -27.975294 -0.091780 0.368445 7.096318 -0.039440 -0.636061 0.000000 0.000000 0.000000 -0.233024 -0.129293 -31.952808 0.000000 0.000000 0.000000
-0.001005 0.832491 -0.014462 0.000000 0.000000 0.000000 -7.887251 10.896947 5.930853 -11.360582 -43.561452 -21.752099 -63.677384 62.844681 75.726070 -4.493551 -39.834477 -13.879811 -0.158067 -6.794330 -2.662319 0.000000 0.000000 0.000000 -2.176726 10.446266 -8.674283 31.207105 -37.131088 27.044456 62.372890 63.847103 -75.515588 -9.559877 -44.339996 -11.657081 0.314425 -8.170735 4.400070 0.000000 0.000000 0.000000 -2.981899 43.024760 0.275194 3.843774 5.121944 -0.234079 0.000000 0.000000 0.000000 -3.058949 -18.261494 -0.774587 7.977229 -21.166647 3.289710 3.630705 -5.516533 0.418576 0.000000 0.000000 0.000000 1.689482 -1.493736 4.822540 -86.432904 4.080396 -4.342437 3.033897 -1.999923 -66.778187 0.000000 0.000000 0.000000 30.323123 -10.008664 -35.816360 -7.116305 -0.021981 0.353501 0.000000 0.000000 0.000000 0.410606 -0.447099 -4.872647 0.000000 0.000000 0.000000 3.877572 -1.140980 -1.317898 84.080780 1.585096 1.757908 -7.542581 -5.594831 73.097874 0.000000 0.000000 0.000000 -29.545187 -0.183351 0.695295 7.078667 -0.049960 -0.807718 0.000000 0.000000 0.000000 -1.376914 -0.759016 -32.270631 0.000000 0.000000 0.000000
-0.004178 0.857441 0.011752 0.000000 0.000000 0.000000 -8.193924 10.806743 5.731160 -9.822156 -38.682343 -18.516941 -49.828537 62.567507 62.415414 -4.501875 -39.116838 -13.965074 -0.209350 -7.873261 -3.041487 0.000000 0.000000 0.000000 -2.557966 10.261353 -8.658353 30.123042 -32.616355 23.206750 47.759318 63.590035 -61.600483 -8.398231 -43.099452 -9.940469 0.319830 -8.432388 4.336402 0.000000 0.000000 0.000000 -3.133098 41.532060 0.297770 3.885104 4.601655 -0.202883 0.000000 0.000000 0.000000 -2.484269 -18.861691 -0.771527 7.663173 -21.681807 3.274358 3.431470 -5.579636 0.405153 0.000000 0.000000 0.000000 1.609956 -1.409743 4.546503 -85.882829 2.137866 -2.297244 0.933786 -0.545585 -60.592344 0.000000 0.000000 0.000000 27.187078 -8.848469 -35.486484 -7.064725 -0.056749 0.919295 0.000000 0.000000 0.000000 -1.869470 1.928584 -1.783734 0.000000 0.000000 0.000000 3.780115 -1.232913 -1.539283 83.695202 -1.073052 -1.198130 -4.232881 -2.845718 67.811766 0.000000 0.000000 0.000000 -26.601013 0.236839 -1.001837 7.035091 -0.069043 -1.123168 0.000000 0.000000 0.000000 1.621447 0.840932 -35.177039 0.000000 0.000000 0.000000
-0.006356 0.893088 0.047128 0.000000 0.000000 0.000000 -7.869850 9.825582 4.924844 -8.117984 -30.738933 -13.992757 -33.374460 58.368691 45.185969 -3.596763 -36.855988 -12.343240 -0.274170 -9.029429 -3.471206 0.000000 0.000000 0.000000 -2.679705 9.528327 -8.142956 26.865643 -26.055804 17.370487 31.055448 59.026451 -44.016412 -7.177671 -40.050101 -8.509997 0.287798 -8.306014 3.962000 0.000000 0.000000 0.000000 -3.138778 37.837976 0.240086 3.863052 4.032293 -0.167362 0.000000 0.000000 0.000000 -2.430103 -18.406370 -0.742642 7.864035 -20.261997 3.144012 3.521470 -5.116967 0.388802 0.000000 0.000000 0.000000 1.737554 -1.332685 4.372561 -85.509192 -0.643683 0.696219 -2.013964 0.997174 -52.679231 0.000000 0.000000 0.000000 23.301292 -7.186058 -33.874592 -6.946171 -0.095813 1.578599 0.000000 0.000000 0.000000 -4.869597 4.619870 3.018370 0.000000 0.000000 0.000000 3.741538 -1.128732 -1.334153 82.660332 -4.957151 -5.635590 -0.016822 -0.010145 62.188750 0.000000 0.000000 0.000000 -26.259648 1.010409 -4.329809 6.841577 -0.118370 -1.980062 0.000000 0.000000 0.000000 2.930063 1.308433 -41.880696 0.000000 0.000000 0.000000
-0.008010 0.937738 0.093866 0.000000 0.000000 0.000000 -7.283209 7.526077 3.032638 -6.505634 -19.510956 -8.450316 -19.582900 49.678918 29.685954 -2.947572 -30.461488 -11.374991 -0.252337 -8.828107 -3.268045 0.000000 0.000000 0.000000 -3.211396 7.558159 -6.860221 23.350220 -16.725225 10.365217 18.422719 49.824257 -29.115028 -5.014628 -33.131568 -5.944618 0.215223 -7.719261 3.189305 0.000000 0.000000 0.000000 -3.069110 31.930559 0.134942 4.023170 3.372846 -0.128123 0.000000 0.000000 0.000000 -2.524611 -16.984297 -0.669332 7.768658 -16.499918 2.640614 3.602315 -4.064680 0.340141 0.000000 0.000000 0.000000 2.012858 -1.053854 3.661170 -85.737013 -3.599438 3.877524 -3.568193 1.397796 -42.773671 0.000000 0.000000 0.000000 17.844870 -4.893925 -30.453278 -6.663202 -0.146259 2.512079 0.000000 0.000000 0.000000 -9.579259 7.920198 10.873231 0.000000 0.000000 0.000000 3.828059 -1.259446 -1.579536 80.930698 -8.579270 -10.050328 3.718401 1.823722 52.240002 0.000000 0.000000 0.000000 -27.913385 0.092091 -0.370548 6.474538 -0.167562 -2.961832 0.000000 0.000000 0.000000 2.127580 0.943438 -42.175828 0.000000 0.000000 0.000000
-0.007693 0.989161 0.142590 0.000000 0.000000 0.000000 -6.788431 5.114624 1.083778 -6.626402 -8.946162 -3.861657 -10.093112 39.565300 19.081906 -1.656201 -16.952376 -8.537878 -0.728736 -14.874028 -5.578380 0.000000 0.000000 0.000000 -3.917151 5.464603 -5.605092 21.946753 -8.285206 4.978561 10.039628 40.430224 -19.503475 -2.604727 -18.458406 -3.902701 0.474721 -12.454444 4.348560 0.000000 0.000000 0.000000 -2.206273 25.472815 -0.072117 3.925459 2.461134 -0.070659 0.000000 0.000000 0.000000 -3.311227 -16.333293 -0.669231 7.264040 -9.835797 1.716318 3.860716 -2.236682 0.258548 0.000000 0.000000 0.000000 1.489823 -0.759675 2.613263 -85.844004 -6.139381 6.600689 -2.149868 0.629134 -32.619694 0.000000 0.000000 0.000000 10.626742 -2.270570 -24.057464 -6.224172 -0.187850 3.454005 0.000000 0.000000 0.000000 -16.566076 11.268570 21.752150 0.000000 0.000000 0.000000 3.112873 -1.429860 -2.165796 79.984201 -10.955097 -13.042748 3.860660 1.440005 40.898249 0.000000 0.000000 0.000000 -25.562318 0.257329 -1.134331 6.049022 -0.198272 -3.751210 0.000000 0.000000 0.000000 4.735641 1.887914 -46.548426 0.000000 0.000000 0.000000
-0.007784 1.050990 0.193731 0.000000 0.000000 0.000000 -6.343952 3.239178 -0.348747 -8.185077 -1.609747 -0.719861 -3.229667 30.544782 12.349665 -0.546431 4.318286 -1.679558 -0.561078 -12.699719 -5.038744 0.000000 0.000000 0.000000 -4.049104 5.045460 -5.357383 21.646118 -4.294258 2.563006 3.522506 33.261610 -13.599314 -0.863698 2.877034 -6.344283 0.060038 -4.910449 1.400127 0.000000 0.000000 0.000000 -1.445693 19.191547 -0.164588 3.684773 1.417621 -0.007948 0.000000 0.000000 0.000000 -4.297080 -15.199728 -0.633464 7.624502 -4.122835 1.057429 4.134736 -0.287729 0.162358 0.000000 0.000000 0.000000 1.178787 -0.337486 1.290025 -85.290121 -9.450499 10.256978 -0.007401 0.001609 -24.530305 0.000000 0.000000 0.000000 4.160865 -0.924388 -25.040938 -5.985686 -0.201393 3.850575 0.000000 0.000000 0.000000 -22.243539 14.774252 23.190358 0.000000 0.000000 0.000000 2.425154 -1.514024 -2.575078 79.421450 -13.054983 -15.688416 2.325695 0.630228 30.320601 0.000000 0.000000 0.000000 -23.335800 0.784639 -3.798266 5.799911 -0.209023 -4.124452 0.000000 0.000000 0.000000 7.160855 2.543112 -50.937072 0.000000 0.000000 0.000000
-0.010471 1.112890 0.237260 0.000000 0.000000 0.000000 -5.882252 2.202169 -1.016161 -9.536791 1.140542 0.526255 0.399880 25.443827 9.293507 -1.695584 22.316304 8.412948 -0.001796 -0.727937 -0.282709 0.000000 0.000000 0.000000 -3.874686 4.838889 -5.142767 22.016433 -3.135140 1.884693 -0.186552 30.185788 -11.155801 0.549257 16.190217 -12.248032 0.089941 4.935438 -2.086728 0.000000 0.000000 0.000000 -1.243618 14.885663 -0.165609 3.493364 0.658554 0.034632 0.000000 0.000000 0.000000 -4.604264 -14.767110 -0.612380 7.130958 -0.122139 0.519244 4.141091 1.097160 0.083412 0.000000 0.000000 0.000000 1.234484 0.121295 -0.021656 -83.929860 -12.974532 14.412909 0.866053 -0.163451 -21.375210 0.000000 0.000000 0.000000 6.436858 -1.306475 -22.924147 -5.947469 -0.203162 3.909358 0.000000 0.000000 0.000000 -20.582850 13.126530 25.279891 0.000000 0.000000 0.000000 2.165614 -1.741765 -3.154486 79.240407 -14.108733 -17.003038 -0.003948 -0.000746 21.397747 0.000000 0.000000 0.000000 -22.680851 0.810231 -4.038367 5.692976 -0.212421 -4.270243 0.000000 0.000000 0.000000 7.845741 2.713781 -51.888514 0.000000 0.000000 0.000000
-0.013586 1.161774 0.272276 0.000000 0.000000 0.000000 -5.374168 1.059059 -1.730084 -10.126302 1.219768 0.570441 -0.109497 26.578940 9.856158 -1.942161 24.686189 4.808091 -0.008378 2.204453 0.435430 0.000000 0.000000 0.000000 -3.814795 4.204423 -4.668987 22.293286 -3.962866 2.395561 0.958952 32.325843 -12.355627 -0.173327 12.381401 -12.412112 0.255168 8.761485 -3.329905 0.000000 0.000000 0.000000 -1.409545 12.101814 -0.154717 3.611309 0.403278 0.051547 0.000000 0.000000 0.000000 -5.264162 -14.680683 -0.626421 7.275992 2.585654 0.196623 4.083626 1.787703 0.042764 0.000000 0.000000 0.000000 1.745954 0.680611 -1.531153 -82.268248 -16.215043 18.527092 0.140816 -0.026146 -21.036884 0.000000 0.000000 0.000000 11.794505 -2.370161 -22.649954 -6.116078 -0.194593 3.641237 0.000000 0.000000 0.000000 -15.808739 10.328510 23.875332 0.000000 0.000000 0.000000 2.414572 -2.291219 -4.240471 78.812368 -14.624107 -17.753604 -1.978997 -0.269306 15.497154 0.000000 0.000000 0.000000 -23.215020 1.063046 -5.171946 5.558046 -0.215827 -4.444047 0.000000 0.000000 0.000000 7.318494 2.389118 -53.882608 0.000000 0.000000 0.000000
-0.014930 1.201373 0.303077 0.000000 0.000000 0.000000 -4.278047 -0.630816 -2.570193 -11.519697 0.985331 0.475485 -1.456024 28.802000 11.100084 -1.596066 22.981324 -2.558781 -0.639357 -11.550043 -6.315430 0.000000 0.000000 0.000000 -3.457759 3.051718 -3.709415 21.720179 -5.030366 3.007095 3.717438 34.528635 -14.213220 -0.934736 9.518057 -14.484306 0.215230 7.915290 -3.110225 0.000000 0.000000 0.000000 -1.056995 10.872520 -0.152635 3.156877 0.241656 0.052579 0.000000 0.000000 0.000000 -4.851242 -14.756063 -0.619377 6.517026 4.056920 -0.011758 3.731864 2.161654 0.015764 0.000000 0.000000 0.000000 1.495132 0.505276 -1.074302 -79.573767 -17.950429 21.477773 -0.556340 0.103694 -21.115853 0.000000 0.000000 0.000000 12.804981 -2.623727 -23.069174 -6.102046 -0.195373 3.664235 0.000000 0.000000 0.000000 -14.895664 9.793139 23.523300 0.000000 0.000000 0.000000 2.344597 -2.270874 -4.223497 79.261101 -15.491664 -18.654143 -3.174922 -0.379313 13.622457 0.000000 0.000000 0.000000 -23.309919 1.208567 -5.854260 5.799176 -0.209038 -4.125271 0.000000 0.000000 0.000000 7.309583 2.453523 -52.932100 0.000000 0.000000 0.000000
-0.015105 1.230502 0.333913 0.000000 0.000000 0.000000 -4.952893 -1.834045 -3.887333 -10.712434 0.360789 0.170978 -2.783536 30.068880 12.012679 -1.593631 23.226929 -3.292211 -0.661845 -11.619145 -6.498030 0.000000 0.000000 0.000000 -4.836285 1.824671 -3.432603 22.857267 -5.203516 3.181178 5.492887 34.156016 -14.679226 -1.253684 8.964753 -16.231757 0.280027 9.143749 -3.500828 0.000000 0.000000 0.000000 -0.645055 9.670087 -0.142466 3.516085 0.741964 0.030103 0.000000 0.000000 0.000000 -5.503355 -15.304466 -0.685117 5.870712 4.842215 -0.121884 3.558688 2.515893 -0.005561 0.000000 0.000000 0.000000 0.987998 0.411371 -0.922425 -78.067991 -18.631952 22.876497 -0.800168 0.147406 -20.875500 0.000000 0.000000 0.000000 11.567341 -2.345025 -22.847551 -6.028409 -0.199318 3.783890 0.000000 0.000000 0.000000 -16.034956 10.374689 24.393357 0.000000 0.000000 0.000000 1.827665 -2.062405 -3.970008 78.971097 -16.374228 -19.810369 -3.027594 -0.401180 15.092905 0.000000 0.000000 0.000000 -22.505882 2.235922 -11.203316 6.155397 -0.192253 -3.574465 0.000000 0.000000 0.000000 8.322814 2.595297 -55.413723 0.000000 0.000000 0.000000
-0.016713 1.249633 0.363162 0.000000 0.000000 0.000000 -5.306818 -2.400959 -4.531527 -10.169832 -0.736125 -0.344594 -2.917082 29.487699 11.811662 -1.606516 23.604804 -3.464334 -0.610884 -11.056664 -6.305244 0.000000 0.000000 0.000000 -5.387289 1.611368 -3.519341 23.428949 -6.469137 4.000302 6.303090 32.735704 -14.316475 -1.449281 8.595049 -17.172530 0.242489 8.398795 -3.301644 0.000000 0.000000 0.000000 -0.676342 9.189755 -0.138845 3.712708 0.625776 0.039928 0.000000 0.000000 0.000000 -5.378703 -15.051657 -0.660035 5.396206 4.904801 -0.142001 3.389955 2.459371 -0.004944 0.000000 0.000000 0.000000 0.940290 0.356990 -0.777273 -76.799445 -18.732307 23.511738 -0.861036 0.154302 -20.319312 0.000000 0.000000 0.000000 11.381560 -2.234273 -22.144052 -5.967886 -0.202267 3.878814 0.000000 0.000000 0.000000 -16.305334 10.325415 25.522211 0.000000 0.000000 0.000000 1.832428 -2.054620 -3.951371 78.272008 -17.284560 -21.160099 -2.171960 -0.332722 17.416822 0.000000 0.000000 0.000000 -21.352491 2.569974 -13.570665 6.393028 -0.174989 -3.132542 0.000000 0.000000 0.000000 9.374185 2.906859 -55.608934 0.000000 0.000000 0.000000
-0.018034 1.255666 0.391988 0.000000 0.000000 0.000000 -5.085988 -2.809374 -4.742050 -10.422958 -1.888200 -0.889044 -2.783163 28.182122 11.231661 -1.418316 19.565206 -2.401901 -0.501471 -10.565583 -5.419398 0.000000 0.000000 0.000000 -5.406012 1.189075 -3.242472 23.321855 -7.691667 4.747642 6.831165 31.261422 -13.816942 -1.931668 6.683488 -17.557447 0.087750 4.515294 -2.225537 0.000000 0.000000 0.000000 -0.609611 8.985262 -0.136062 3.862972 0.234746 0.066282 0.000000 0.000000 0.000000 -5.735980 -15.101710 -0.676533 5.618196 5.839014 -0.237850 3.568544 2.631513 -0.011473 0.000000 0.000000 0.000000 1.111384 0.493014 -1.129057 -76.050915 -19.009742 24.169658 -0.945916 0.173431 -20.778842 0.000000 0.000000 0.000000 11.813045 -2.154240 -20.600588 -5.967824 -0.202211 3.877781 0.000000 0.000000 0.000000 -16.098998 9.920019 26.928203 0.000000 0.000000 0.000000 2.090106 -2.443962 -4.691994 76.822731 -17.905509 -22.474839 -1.011588 -0.178522 20.016122 0.000000 0.000000 0.000000 -21.229611 2.759478 -14.646657 6.484293 -0.166595 -2.940306 0.000000 0.000000 0.000000 9.376584 2.891890 -55.784018 0.000000 0.000000 0.000000
-0.019349 1.252947 0.420142 0.000000 0.000000 0.000000 -4.454332 -3.336064 -4.822472 -11.080010 -3.068865 -1.466675 -2.594186 27.111915 10.739080 -0.952682 14.108519 0.510633 -0.285818 -8.674974 -3.766930 0.000000 0.000000 0.000000 -4.965866 0.932628 -2.881304 22.711928 -8.852400 5.400943 6.585799 28.872051 -12.648304 -2.336963 5.274456 -18.124738 0.088411 4.517751 -2.241086 0.000000 0.000000 0.000000 -0.502904 8.849238 -0.132973 3.573611 0.369963 0.052855 0.000000 0.000000 0.000000 -4.837388 -16.391667 -0.743824 5.072945 6.973720 -0.367112 3.198226 3.222568 -0.045019 0.000000 0.000000 0.000000 1.050753 0.274005 -0.510828 -74.384889 -18.649947 24.419946 -1.731630 0.338343 -22.109880 0.000000 0.000000 0.000000 12.942352 -2.281385 -19.913175 -5.985226 -0.201440 3.851765 0.000000 0.000000 0.000000 -15.162966 9.258928 27.368653 0.000000 0.000000 0.000000 2.114734 -2.199065 -4.156544 77.156185 -17.910936 -22.351080 -0.184479 -0.038310 23.463136 0.000000 0.000000 0.000000 -21.488757 3.023847 -15.837675 6.560816 -0.158607 -2.766675 0.000000 0.000000 0.000000 8.961938 2.728609 -56.191653 0.000000 0.000000 0.000000
-0.020625 1.239206 0.448127 0.000000 0.000000 0.000000 -4.621082 -3.636145 -5.149675 -10.641389 -4.436684 -2.099985 -2.800140 25.829719 10.269997 -0.263936 11.069550 5.525757 -0.116473 -6.245627 -2.134631 0.000000 0.000000 0.000000 -5.259908 0.760290 -2.891502 23.176763 -10.214673 6.291610 5.581269 26.667369 -11.374062 -2.301550 5.253131 -17.862432 0.113752 5.315699 -2.450045 0.000000 0.000000 0.000000 -0.360235 9.139063 -0.133632 3.700145 0.043891 0.074666 0.000000 0.000000 0.000000 -4.782749 -17.309756 -0.811305 4.785826 7.933090 -0.467919 3.106621 3.534487 -0.060726 0.000000 0.000000 0.000000 0.969481 0.393133 -0.874302 -73.341228 -18.566022 24.762623 -2.564487 0.555232 -24.429126 0.000000 0.000000 0.000000 15.046730 -2.469470 -18.538027 -6.091274 -0.195987 3.682250 0.000000 0.000000 0.000000 -13.385832 8.112985 27.707648 0.000000 0.000000 0.000000 2.145530 -2.580470 -4.962969 76.205546 -17.774614 -22.554268 1.255802 0.302235 27.063176 0.000000 0.000000 0.000000 -21.607219 2.982072 -15.534875 6.545535 -0.160253 -2.801910 0.000000 0.000000 0.000000 8.859183 2.708373 -56.059690 0.000000 0.000000 0.000000
-0.021370 1.214311 0.477343 0.000000 0.000000 0.000000 -4.250011 -4.126482 -5.333834 -10.904975 -5.586082 -2.660369 -2.703552 24.148502 9.560282 0.134743 11.407201 10.457872 -0.065941 -5.525038 -1.366515 0.000000 0.000000 0.000000 -5.064728 0.535704 -2.656029 22.883639 -11.589134 7.100803 4.687973 24.696266 -10.283282 -2.123554 5.648236 -17.276251 0.248817 8.530464 -3.335303 0.000000 0.000000 0.000000 -0.497376 8.834021 -0.132726 4.147509 -0.307021 0.106294 0.000000 0.000000 0.000000 -4.643676 -16.067761 -0.710586 3.976148 7.529395 -0.430162 3.039895 3.050399 -0.037941 0.000000 0.000000 0.000000 1.806036 0.825432 -1.945442 -73.144296 -18.981559 25.397087 -3.486864 0.832272 -26.841719 0.000000 0.000000 0.000000 14.759570 -2.341129 -17.930357 -6.169770 -0.191395 3.550218 0.000000 0.000000 0.000000 -13.656018 8.284027 27.668858 0.000000 0.000000 0.000000 2.913133 -3.351340 -6.283516 73.222877 -17.859466 -23.882401 4.335568 1.231596 31.703089 0.000000 0.000000 0.000000 -22.476384 2.947804 -14.756745 6.461571 -0.168814 -2.989954 0.000000 0.000000 0.000000 8.080030 2.459467 -56.188756 0.000000 0.000000 0.000000
-0.022296 1.179736 0.506203 0.000000 0.000000 0.000000 -4.090688 -4.537075 -5.567345 -10.920603 -6.781288 -3.231659 -2.413974 22.696771 8.905704 0.216006 12.514212 13.762691 -0.047544 -5.485706 -0.992375 0.000000 0.000000 0.000000 -5.102519 0.232312 -2.468442 22.969916 -12.957354 7.956776 3.712125 23.068750 -9.359235 -1.636005 7.534509 -16.784815 0.254424 8.647080 -3.364283 0.000000 0.000000 0.000000 -0.271248 8.537821 -0.125197 4.098425 -0.384197 0.110036 0.000000 0.000000 0.000000 -4.439098 -15.927927 -0.691488 3.652638 7.783680 -0.455044 2.918840 3.041244 -0.038559 0.000000 0.000000 0.000000 1.760975 1.090875 -2.738961 -71.935667 -18.741150 25.622480 -4.975714 1.334127 -30.002374 0.000000 0.000000 0.000000 16.055117 -2.667598 -18.749223 -6.192283 -0.189936 3.510360 0.000000 0.000000 0.000000 -12.422296 7.686159 26.630973 0.000000 0.000000 0.000000 2.779820 -3.755613 -7.188586 71.828601 -18.026010 -24.706154 7.400972 2.463323 36.776303 0.000000 0.000000 0.000000 -24.091783 2.955855 -13.787789 6.401433 -0.174258 -3.115365 0.000000 0.000000 0.000000 6.404337 1.965564 -55.906630 0.000000 0.000000 0.000000
-0.023266 1.134109 0.535175 0.000000 0.000000 0.000000 -4.760014 -5.072102 -6.355754 -9.664781 -7.763799 -3.597031 -2.736456 22.244828 8.797099 0.191929 12.831490 14.255261 -0.101041 -7.492007 -1.543145 0.000000 0.000000 0.000000 -6.286563 -0.747080 -2.339586 24.282557 -13.572710 8.551963 2.961598 22.067663 -8.775921 -0.947247 10.448838 -16.389263 0.338934 10.181689 -3.803163 0.000000 0.000000 0.000000 -0.257759 7.662235 -0.114522 4.630401 0.138495 0.087334 0.000000 0.000000 0.000000 -4.793798 -15.919634 -0.705855 3.295762 7.877979 -0.464210 2.866517 3.129343 -0.043081 0.000000 0.000000 0.000000 1.729696 1.197173 -3.058784 -71.052827 -18.235311 25.336726 -6.282964 1.865128 -33.038970 0.000000 0.000000 0.000000 15.563665 -2.607913 -18.912901 -6.196274 -0.189689 3.503534 0.000000 0.000000 0.000000 -12.837945 7.968712 26.475473 0.000000 0.000000 0.000000 2.611900 -3.738926 -7.227649 71.028516 -17.592829 -24.468021 9.398871 3.575274 41.579908 0.000000 0.000000 0.000000 -24.320422 2.968351 -13.712724 6.420513 -0.172583 -3.076255 0.000000 0.000000 0.000000 6.120799 1.892062 -55.672962 0.000000 0.000000 0.000000
-0.024486 1.076783 0.562997 0.000000 0.000000 0.000000 -3.950237 -6.367546 -6.902097 -10.102090 -8.388163 -3.926046 -3.616163 23.228411 9.402769 -0.294599 15.265670 14.363279 -0.015396 -3.837861 -0.459517 0.000000 0.000000 0.000000 -6.324393 -2.215990 -1.401826 24.041525 -14.307005 8.975595 3.368840 23.398478 -9.414286 -0.293954 12.863221 -14.958535 0.259269 8.781597 -3.375617 0.000000 0.000000 0.000000 -0.466322 6.802604 -0.111795 4.763226 0.578798 0.059422 0.000000 0.000000 0.000000 -4.115423 -15.016083 -0.614197 2.739324 7.425785 -0.426877 2.937679 3.160206 -0.043959 0.000000 0.000000 0.000000 2.259305 1.351776 -3.424731 -70.470875 -17.420937 24.475997 -7.436068 2.451085 -36.443966 0.000000 0.000000 0.000000 15.669146 -2.675696 -19.265720 -6.232768 -0.187282 3.438810 0.000000 0.000000 0.000000 -12.690074 7.975274 25.832241 0.000000 0.000000 0.000000 3.076728 -4.041643 -7.653983 70.051813 -16.836498 -23.845974 11.610224 4.986355 46.368904 0.000000 0.000000 0.000000 -23.743759 2.746859 -13.012839 6.433599 -0.171409 -3.049117 0.000000 0.000000 0.000000 6.696149 2.123872 -54.838042 0.000000 0.000000 0.000000
-0.025942 1.010231 0.585674 0.000000 0.000000 0.000000 -3.249713 -7.265988 -7.184614 -9.222990 -11.063653 -5.080494 -12.176995 33.370398 16.698582 1.822356 -3.734334 7.167414 -0.151027 -7.640248 -2.261508 0.000000 0.000000 0.000000 -6.678911 -4.370920 -0.189581 24.139794 -15.306410 9.625231 8.958084 32.519767 -15.127958 -2.077134 -2.279448 -9.038843 0.289471 9.413027 -3.514915 0.000000 0.000000 0.000000 -0.821931 6.360983 -0.121472 4.952830 0.906518 0.039158 0.000000 0.000000 0.000000 -3.931261 -13.964586 -0.536632 2.907742 6.742772 -0.367563 3.047566 2.580565 -0.015455 0.000000 0.000000 0.000000 2.719980 1.426913 -3.572235 -70.609545 -15.836656 22.223554 -7.274938 2.614788 -39.496618 0.000000 0.000000 0.000000 15.935493 -2.633666 -18.653153 -6.309854 -0.181705 3.295653 0.000000 0.000000 0.000000 -12.448867 7.838754 25.727802 0.000000 0.000000 0.000000 3.593420 -4.396092 -8.152646 70.057406 -15.653867 -22.190571 12.493751 5.933356 50.670038 0.000000 0.000000 0.000000 -24.853844 2.901620 -13.113095 6.440644 -0.170753 -3.034125 0.000000 0.000000 0.000000 5.491680 1.736234 -54.933246 0.000000 0.000000 0.000000
-0.027924 0.964797 0.600443 0.000000 0.000000 0.000000 -3.202233 -8.941744 -8.409349 -7.519919 -13.266881 -5.861436 -22.829328 41.542257 26.085202 2.971538 -17.222891 5.525250 -0.041146 -3.891187 -1.211189 0.000000 0.000000 0.000000 -7.603116 -5.771660 0.240139 25.626752 -18.228010 11.811305 17.059492 42.559793 -23.909600 -4.024359 -15.784773 -9.077823 0.215226 8.101451 -3.038503 0.000000 0.000000 0.000000 -0.982678 6.852392 -0.130528 5.271994 2.372659 -0.064976 0.000000 0.000000 0.000000 -3.930714 -16.436972 -0.704765 2.352762 6.401952 -0.346417 2.819958 3.044437 -0.039567 0.000000 0.000000 0.000000 2.806294 1.155012 -2.728756 -72.826598 -11.980890 16.193374 -4.237242 1.611443 -41.629236 0.000000 0.000000 0.000000 17.541360 -2.772250 -17.826753 -6.544305 -0.160426 2.805462 0.000000 0.000000 0.000000 -10.845606 7.030347 24.186499 0.000000 0.000000 0.000000 3.823528 -4.015044 -7.269043 74.181859 -12.551931 -16.552712 7.512839 3.875379 54.523315 0.000000 0.000000 0.000000 -21.861975 2.448978 -12.630951 6.677354 -0.144369 -2.474357 0.000000 0.000000 0.000000 8.079888 2.795900 -51.877183 0.000000 0.000000 0.000000
-0.031585 0.932325 0.612138 0.000000 0.000000 0.000000 -2.542075 -8.718930 -7.857592 -7.260481 -14.970750 -6.580248 -29.722972 45.018825 32.204703 4.212573 -26.601113 6.016421 -0.106798 -5.724104 -2.135980 0.000000 0.000000 0.000000 -7.175635 -6.540573 0.925457 26.116108 -20.606168 13.495213 24.663546 49.272729 -32.373223 -5.640705 -22.882796 -10.658775 0.115740 5.940220 -2.230440 0.000000 0.000000 0.000000 -1.313110 7.539708 -0.143964 5.190491 3.099929 -0.118222 0.000000 0.000000 0.000000 -2.211672 -18.120562 -0.713300 1.266145 6.355082 -0.358685 2.081131 3.509007 -0.064232 0.000000 0.000000 0.000000 3.073613 0.867992 -1.795176 -76.999417 -6.746816 8.476319 2.713645 -0.982792 -39.811443 0.000000 0.000000 0.000000 21.609589 -3.290897 -17.119868 -6.893153 -0.108063 1.794117 0.000000 0.000000 0.000000 -6.669474 4.648811 20.276073 0.000000 0.000000 0.000000 4.195898 -3.573381 -6.209624 79.576061 -7.366414 -8.839829 -1.788241 -0.838663 50.249215 0.000000 0.000000 0.000000 -19.741491 1.859997 -10.659611 6.889471 -0.108833 -1.807873 0.000000 0.000000 0.000000 9.277821 3.648944 -47.132993 0.000000 0.000000 0.000000
-0.029672 0.921719 0.622647 0.000000 0.000000 0.000000 -2.572447 -7.883117 -7.257426 -7.546938 -17.426865 -7.724534 -32.990560 47.855568 36.347774 4.115615 -27.871342 5.436810 -0.114878 -5.864494 -2.242460 0.000000 0.000000 0.000000 -7.302543 -7.461872 1.429246 25.791123 -19.702749 12.817472 26.915402 50.728073 -34.788889 -6.103970 -26.037030 -10.600381 0.045793 3.761964 -1.394320 0.000000 0.000000 0.000000 -1.283712 8.035756 -0.144509 5.672929 2.744176 -0.093684 0.000000 0.000000 0.000000 -2.092620 -17.192398 -0.657730 1.441961 6.057823 -0.334563 2.107714 3.161878 -0.050393 0.000000 0.000000 0.000000 3.361533 0.747229 -1.356433 -82.406276 -3.388792 3.870215 7.430594 -2.619903 -38.799456 0.000000 0.000000 0.000000 28.837258 -2.770204 -10.745181 -7.108775 -0.029470 0.474433 0.000000 0.000000 0.000000 0.616648 -0.424438 20.921046 0.000000 0.000000 0.000000 4.675258 -3.661984 -6.193004 82.071282 -3.853034 -4.426310 -7.340382 -3.087507 45.578988 0.000000 0.000000 0.000000 -25.830272 3.255232 -14.127658 6.943070 -0.096585 -1.592029 0.000000 0.000000 0.000000 2.722893 0.991659 -49.983445 0.000000 0.000000 0.000000
-0.027177 0.925030 0.629234 0.000000 0.000000 0.000000 -2.205955 -6.939695 -6.349064 -7.960258 -18.071462 -8.092252 -33.189032 47.645712 36.302718 4.027861 -27.680992 5.277081 -0.153683 -6.800989 -2.585958 0.000000 0.000000 0.000000 -6.662778 -7.592027 1.834179 24.671109 -18.821462 11.979264 26.093594 50.234683 -33.922293 -5.988594 -26.266440 -10.237143 0.054890 4.131258 -1.521777 0.000000 0.000000 0.000000 -0.706386 9.329592 -0.140399 5.487312 2.873231 -0.102888 0.000000 0.000000 0.000000 -2.488421 -19.445375 -0.804443 2.635705 6.285837 -0.332717 2.162191 3.366266 -0.058149 0.000000 0.000000 0.000000 2.799321 -0.151275 1.237002 -84.510959 -1.028507 1.132074 5.654096 -2.250514 -43.381422 0.000000 0.000000 0.000000 29.421769 -1.482395 -5.641934 -7.115742 0.022324 -0.359040 0.000000 0.000000 0.000000 2.572191 -1.703612 22.970405 0.000000 0.000000 0.000000 4.489669 -2.480099 -3.869663 83.363613 -1.130560 -1.269713 -9.552688 -4.169768 47.083855 0.000000 0.000000 0.000000 -26.422897 5.348530 -22.505749 7.109778 -0.028886 -0.464964 0.000000 0.000000 0.000000 -0.293088 -0.094790 -54.155752 0.000000 0.000000 0.000000
-0.023508 0.941035 0.636160 0.000000 0.000000 0.000000 -2.582184 -6.485101 -6.220456 -7.962913 -16.067254 -7.185148 -28.769404 45.167117 31.775396 3.478167 -25.949679 4.381919 -0.063303 -4.417823 -1.641054 0.000000 0.000000 0.000000 -6.349216 -5.914335 0.944616 24.478233 -18.488291 11.721514 21.639223 48.126398 -29.834861 -5.006176 -24.219355 -8.542243 0.117854 6.034300 -2.235691 0.000000 0.000000 0.000000 0.066856 10.005280 -0.139972 5.351423 2.774807 -0.094966 0.000000 0.000000 0.000000 -3.046773 -18.678326 -0.799180 3.081907 4.250061 -0.149275 2.474434 3.037204 -0.042260 0.000000 0.000000 0.000000 2.240007 -0.440925 1.927153 -85.910705 -0.800589 0.859867 1.973105 -0.907059 -49.374201 0.000000 0.000000 0.000000 25.025953 -2.863356 -12.850481 -7.109746 -0.028767 0.463060 0.000000 0.000000 0.000000 -2.454024 1.751612 18.967735 0.000000 0.000000 0.000000 3.905636 -1.960928 -3.009105 82.524752 -0.194895 -0.222138 -6.894474 -3.240042 50.300643 0.000000 0.000000 0.000000 -23.205260 4.757737 -22.876962 7.119445 -0.017619 -0.283223 0.000000 0.000000 0.000000 2.775792 0.913009 -53.591954 0.000000 0.000000 0.000000
-0.020550 0.960694 0.642396 0.000000 0.000000 0.000000 -2.038580 -5.836275 -5.433790 -9.503333 -14.137559 -6.544149 -23.335685 41.866284 26.552917 3.182311 -22.979741 4.396892 -0.080853 -5.120144 -1.808187 0.000000 0.000000 0.000000 -5.163732 -4.629227 0.707417 23.229869 -17.211099 10.644189 16.412015 44.703386 -24.872839 -4.495974 -21.746224 -8.086733 0.072046 4.658089 -1.771259 0.000000 0.000000 0.000000 0.693046 10.790804 -0.151293 4.968369 2.606291 -0.081661 0.000000 0.000000 0.000000 -2.998943 -18.842105 -0.805866 3.101647 4.015885 -0.128310 2.415719 3.034244 -0.042649 0.000000 0.000000 0.000000 2.084535 -0.388245 1.720396 -86.853573 -1.682633 1.777654 -2.157054 1.144018 -55.875490 0.000000 0.000000 0.000000 20.361358 -3.483680 -19.222631 -6.910540 -0.104254 1.726522 0.000000 0.000000 0.000000 -7.541228 5.478330 18.044095 0.000000 0.000000 0.000000 3.706983 -1.983457 -3.124348 81.435193 0.800301 0.929853 -4.455007 -2.196097 52.464671 0.000000 0.000000 0.000000 -23.413404 3.337019 -16.004048 7.062076 -0.058011 -0.940088 0.000000 0.000000 0.000000 4.096782 1.524622 -49.188134 0.000000 0.000000 0.000000
-0.017768 0.979490 0.647843 0.000000 0.000000 0.000000 -2.285435 -4.510133 -4.568934 -10.332602 -13.479469 -6.356121 -18.620697 39.309368 22.676437 2.633031 -19.123233 3.942665 -0.098812 -5.779542 -1.957311 0.000000 0.000000 0.000000 -4.728252 -3.707890 0.318263 23.177439 -15.161978 9.357528 10.784473 40.503879 -19.867275 -3.953273 -18.706463 -7.695124 0.030187 2.901179 -1.192050 0.000000 0.000000 0.000000 1.309295 11.460721 -0.168333 4.855450 2.293070 -0.059445 0.000000 0.000000 0.000000 -3.371443 -17.938156 -0.773835 2.815883 3.357407 -0.083033 2.298287 2.658709 -0.028222 0.000000 0.000000 0.000000 1.667195 -0.339029 1.443919 -87.310605 -2.674302 2.802822 -6.118771 3.552728 -60.249914 0.000000 0.000000 0.000000 17.514188 -3.428560 -21.990058 -6.772332 -0.130384 2.203331 0.000000 0.000000 0.000000 -10.126482 7.420970 17.596007 0.000000 0.000000 0.000000 3.235795 -1.981936 -3.285964 80.628668 1.158348 1.365166 -2.375716 -1.241877 55.190679 0.000000 0.000000 0.000000 -24.640707 2.323648 -10.610085 6.877759 -0.111276 -1.851600 0.000000 0.000000 0.000000 4.355363 1.695042 -47.485343 0.000000 0.000000 0.000000
-0.016922 0.994281 0.652522 0.000000 0.000000 0.000000 -2.207395 -3.547234 -3.795063 -11.183843 -12.547920 -6.028347 -14.902327 36.651174 19.525475 2.272616 -16.380898 3.659404 -0.138065 -6.868801 -2.300260 0.000000 0.000000 0.000000 -4.190100 -3.145516 0.205170 22.964713 -13.186065 8.097168 6.780120 36.515338 -16.241680 -3.359689 -16.253809 -6.864935 0.110860 5.760280 -2.203254 0.000000 0.000000 0.000000 1.310406 12.166317 -0.186687 4.842837 2.197185 -0.052733 0.000000 0.000000 0.000000 -3.316210 -18.153299 -0.784088 2.648615 3.640482 -0.113315 2.234199 2.842305 -0.036448 0.000000 0.000000 0.000000 1.792355 -0.453494 1.819036 -87.611317 -2.725519 2.841536 -8.884925 5.422014 -62.722960 0.000000 0.000000 0.000000 15.252399 -3.003000 -22.153164 -6.740032 -0.135462 2.300109 0.000000 0.000000 0.000000 -12.022405 8.749267 18.004167 0.000000 0.000000 0.000000 3.353245 -1.793870 -2.850715 79.873321 1.752645 2.093347 -1.277332 -0.708237 58.012332 0.000000 0.000000 0.000000 -24.073023 1.861419 -8.713862 6.805428 -0.124865 -2.099797 0.000000 0.000000 0.000000 5.244333 2.087460 -46.613963 0.000000 0.000000 0.000000
-0.016103 1.004102 0.656981 0.000000 0.000000 0.000000 -2.683041 -2.737489 -3.420304 -11.398369 -11.142291 -5.375243 -11.342127 33.515476 16.470320 1.898981 -14.865767 2.925376 -0.048172 -4.144202 -1.331369 0.000000 0.000000 0.000000 -4.114097 -2.107808 -0.451376 23.164385 -12.431406 7.661210 4.499197 33.588673 -14.077523 -2.917791 -14.438290 -6.174089 0.157350 6.906539 -2.607107 0.000000 0.000000 0.000000 1.333608 12.600550 -0.198363 4.820390 2.060445 -0.043210 0.000000 0.000000 0.000000 -3.532773 -17.518703 -0.756302 2.910421 3.700598 -0.108288 2.282764 2.856475 -0.036521 0.000000 0.000000 0.000000 1.658135 -0.520143 1.970991 -87.263625 -3.026754 3.174800 -11.315239 7.229038 -65.046805 0.000000 0.000000 0.000000 14.275456 -3.001194 -23.631046 -6.606827 -0.153321 2.655842 0.000000 0.000000 0.000000 -13.009151 9.429274 18.240916 0.000000 0.000000 0.000000 3.145020 -1.589303 -2.491419 79.677295 1.952817 2.340533 -0.456205 -0.270438 61.318603 0.000000 0.000000 0.000000 -23.610892 2.176807 -10.387548 6.830047 -0.120488 -2.018894 0.000000 0.000000 0.000000 5.629960 2.168364 -47.898225 0.000000 0.000000 0.000000
-0.014862 1.010580 0.660350 0.000000 0.000000 0.000000 -2.939982 -1.936340 -2.929071 -11.931051 -9.735734 -4.749902 -8.486916 30.343805 13.924378 1.868795 -15.052933 2.775076 -0.097412 -5.795925 -1.924116 0.000000 0.000000 0.000000 -3.838910 -1.113651 -0.994379 22.684873 -12.055570 7.359206 3.708410 31.209237 -12.782744 -2.654675 -13.549079 -5.659074 0.132232 6.310907 -2.398260 0.000000 0.000000 0.000000 1.430647 13.344441 -0.220102 4.652170 1.713134 -0.019929 0.000000 0.000000 0.000000 -3.528004 -17.007395 -0.722835 2.932216 3.755711 -0.112149 2.249246 2.759584 -0.032921 0.000000 0.000000 0.000000 1.437047 -0.555107 2.001229 -86.755090 -2.888476 3.056799 -12.439473 8.378361 -67.808560 0.000000 0.000000 0.000000 14.124264 -3.121678 -24.809295 -6.494609 -0.165580 2.917757 0.000000 0.000000 0.000000 -13.225999 9.572984 18.321506 0.000000 0.000000 0.000000 2.944708 -1.567050 -2.511800 79.691222 2.366341 2.835402 -0.217108 -0.136542 64.332563 0.000000 0.000000 0.000000 -23.335246 1.845325 -8.918884 6.857851 -0.115250 -1.923295 0.000000 0.000000 0.000000 5.765409 2.327235 -46.064695 0.000000 0.000000 0.000000
-0.015071 1.011618 0.661841 0.000000 0.000000 0.000000 -3.390365 -0.912209 -2.349625 -11.744835 -9.255501 -4.496201 -7.074699 28.135168 12.458358 1.806344 -15.834286 2.362427 -0.040019 -3.758807 -1.219548 0.000000 0.000000 0.000000 -3.802063 -0.428339 -1.443904 22.420282 -11.750214 7.134843 3.567702 29.574711 -12.044444 -2.430410 -13.390229 -4.983397 0.116388 5.913939 -2.252907 0.000000 0.000000 0.000000 1.282404 14.039401 -0.234823 4.506004 1.604590 -0.013508 0.000000 0.000000 0.000000 -3.441675 -16.555955 -0.689449 3.119443 3.399563 -0.074180 2.241910 2.591373 -0.026164 0.000000 0.000000 0.000000 1.222536 -0.596727 2.052335 -86.163829 -2.400936 2.567266 -11.868604 8.559530 -71.503986 0.000000 0.000000 0.000000 13.263189 -3.065363 -25.920766 -6.503479 -0.164698 2.898259 0.000000 0.000000 0.000000 -13.814208 10.197433 17.252971 0.000000 0.000000 0.000000 2.689113 -1.450008 -2.349095 80.205699 3.282469 3.897227 -1.179058 -0.791358 67.736242 0.000000 0.000000 0.000000 -23.290006 1.872258 -9.066537 6.885872 -0.109605 -1.821650 0.000000 0.000000 0.000000 5.674713 2.306024 -45.796744 0.000000 0.000000 0.000000
-0.015821 1.012356 0.662433 0.000000 0.000000 0.000000 -3.422554 -0.248594 -1.837000 -11.935152 -8.849470 -4.316522 -5.923551 26.361738 11.333338 1.662026 -16.646489 1.706516 -0.043278 -3.867371 -1.281806 0.000000 0.000000 0.000000 -3.453744 0.224221 -1.735435 21.950486 -12.109117 7.286110 3.638338 28.979563 -11.814059 -2.219901 -13.913043 -4.118523 0.214740 8.124827 -3.022897 0.000000 0.000000 0.000000 0.791687 15.008611 -0.241765 4.438762 1.509070 -0.007614 0.000000 0.000000 0.000000 -3.144368 -16.367865 -0.663686 3.198546 2.959929 -0.032516 2.262680 2.385467 -0.017493 0.000000 0.000000 0.000000 1.508063 -0.646950 2.291583 -85.732633 -1.462975 1.576192 -10.153212 7.935405 -75.963162 0.000000 0.000000 0.000000 14.042264 -3.244013 -25.897010 -6.633496 -0.150094 2.589487 0.000000 0.000000 0.000000 -12.947462 9.804527 15.830557 0.000000 0.000000 0.000000 3.007765 -1.422704 -2.185268 79.987997 4.945957 5.894077 -3.112392 -2.196315 70.412103 0.000000 0.000000 0.000000 -23.375084 1.786261 -8.619387 6.956517 -0.093125 -1.532034 0.000000 0.000000 0.000000 5.172503 2.185648 -44.209821 0.000000 0.000000 0.000000
-0.016024 1.011182 0.662280 0.000000 0.000000 0.000000 -4.022238 0.430120 -1.585010 -11.323099 -9.479054 -4.562131 -5.806461 26.465198 11.346990 1.625237 -17.166467 1.469122 -0.063263 -4.629035 -1.565129 0.000000 0.000000 0.000000 -3.751737 0.638744 -2.152995 22.192361 -12.444991 7.524978 3.886151 28.763975 -11.796013 -2.129058 -14.086413 -3.768897 0.191541 7.667569 -2.857705 0.000000 0.000000 0.000000 0.480100 16.213295 -0.252895 4.514943 1.418247 -0.000922 0.000000 0.000000 0.000000 -3.207184 -16.688352 -0.686393 3.250361 2.824144 -0.018273 2.265853 2.354197 -0.016170 0.000000 0.000000 0.000000 1.428770 -0.777401 2.643884 -85.187088 0.398848 -0.433842 -6.833817 5.736785 -80.005123 0.000000 0.000000 0.000000 16.073089 -3.611105 -25.171609 -6.783149 -0.128639 2.170374 0.000000 0.000000 0.000000 -11.030407 8.545834 14.535087 0.000000 0.000000 0.000000 3.018767 -1.361100 -2.051308 79.667954 6.518345 7.810455 -5.305098 -3.991704 73.900573 0.000000 0.000000 0.000000 -22.147360 1.961438 -9.997434 7.009300 -0.077952 -1.272760 0.000000 0.000000 0.000000 5.991841 2.514790 -44.494896 0.000000 0.000000 0.000000
-0.016894 1.010330 0.660462 0.000000 0.000000 0.000000 -3.930163 1.025463 -1.056591 -11.603342 -10.739675 -5.203822 -5.727494 27.355821 11.718375 1.507636 -17.135251 1.119101 -0.049579 -4.103607 -1.383819 0.000000 0.000000 0.000000 -3.393596 0.973148 -2.227217 22.062970 -13.043457 7.868728 3.812196 29.218409 -11.967077 -2.250207 -14.556513 -4.007488 0.055686 4.040335 -1.578595 0.000000 0.000000 0.000000 0.183815 17.074646 -0.252641 4.263432 1.665979 -0.019167 0.000000 0.000000 0.000000 -2.885704 -16.321980 -0.649035 3.363218 2.053833 0.055281 2.231182 2.060985 -0.004791 0.000000 0.000000 0.000000 1.461260 -0.819405 2.776957 -84.626043 2.405947 -2.642814 -2.233718 2.015630 -84.122681 0.000000 0.000000 0.000000 18.584169 -3.874345 -23.359706 -6.903227 -0.105850 1.754811 0.000000 0.000000 0.000000 -8.789539 6.833693 14.314437 0.000000 0.000000 0.000000 3.012548 -1.250405 -1.819004 79.647089 8.593565 10.297259 -8.571562 -6.699364 75.980535 0.000000 0.000000 0.000000 -21.240990 1.826829 -9.719750 7.066533 -0.055907 -0.905431 0.000000 0.000000 0.000000 6.250168 2.733503 -42.789552 0.000000 0.000000 0.000000
-0.017785 1.008439 0.658718 0.000000 0.000000 0.000000 -4.138450 1.457696 -0.803185 -11.187161 -11.904282 -5.717785 -6.462930 28.375137 12.386776 1.497651 -17.674221 0.968190 -0.069457 -4.820230 -1.650118 0.000000 0.000000 0.000000 -3.491167 0.934007 -2.242748 22.354950 -13.322347 8.084216 3.857756 29.779052 -12.219393 -2.283160 -15.152052 -3.923496 0.054777 4.011804 -1.563893 0.000000 0.000000 0.000000 -0.285680 17.808107 -0.235202 4.350989 2.120264 -0.048498 0.000000 0.000000 0.000000 -3.270449 -15.963750 -0.644349 3.909862 1.555742 0.130651 2.518598 1.881133 0.007921 0.000000 0.000000 0.000000 1.699552 -0.906362 3.113919 -83.984757 4.631713 -5.144759 2.392682 -2.289309 -87.469657 0.000000 0.000000 0.000000 22.414724 -4.241513 -21.172294 -6.993388 -0.082922 1.356989 0.000000 0.000000 0.000000 -5.527877 4.281204 14.503442 0.000000 0.000000 0.000000 3.192986 -1.049542 -1.337330 78.930824 10.065853 12.210998 -11.373130 -9.346429 78.766534 0.000000 0.000000 0.000000 -20.932564 2.002197 -10.807425 7.104634 -0.033244 -0.535499 0.000000 0.000000 0.000000 5.857183 2.580934 -42.468865 0.000000 0.000000 0.000000
-0.018017 1.006283 0.656883 0.000000 0.000000 0.000000 -4.900791 1.949886 -0.759484 -10.151866 -13.350850 -6.269314 -7.463237 29.823418 13.354676 1.566996 -18.528502 0.987320 -0.084762 -5.296839 -1.832274 0.000000 0.000000 0.000000 -4.116364 0.951436 -2.527197 23.241155 -13.735061 8.481870 3.984470 30.470788 -12.554224 -2.312986 -15.246887 -3.987275 0.029285 2.876899 -1.166199 0.000000 0.000000 0.000000 -0.369460 18.736211 -0.240453 4.306511 2.169956 -0.051853 0.000000 0.000000 0.000000 -3.427766 -15.781620 -0.639454 4.038006 1.688545 0.125411 2.475301 1.867652 0.007679 0.000000 0.000000 0.000000 1.196210 -1.143326 3.618525 -82.354936 7.028992 -8.032439 6.856608 -6.843711 -89.891870 0.000000 0.000000 0.000000 24.780804 -4.346582 -19.601250 -7.098886 -0.037427 0.603370 0.000000 0.000000 0.000000 -2.945754 2.348710 12.872348 0.000000 0.000000 0.000000 2.752558 -0.832905 -1.012817 78.215157 11.388643 13.986376 -13.685829 -11.836159 81.641300 0.000000 0.000000 0.000000 -21.504236 2.208555 -11.592184 7.123330 -0.009723 -0.156214 0.000000 0.000000 0.000000 4.527176 2.021115 -41.901941 0.000000 0.000000 0.000000
-0.018559 1.003969 0.655326 0.000000 0.000000 0.000000 -5.158593 2.308098 -0.582264 -9.757764 -14.586111 -6.792913 -8.181512 31.025310 14.149140 1.540942 -18.850700 0.842114 -0.081816 -5.196022 -1.802954 0.000000 0.000000 0.000000 -4.167852 1.342839 -2.818333 23.495758 -14.781335 9.177599 4.464344 31.544713 -13.171401 -2.269541 -15.770559 -3.691302 0.050430 3.850293 -1.500223 0.000000 0.000000 0.000000 -0.570169 19.983514 -0.238058 4.098251 2.041795 -0.044104 0.000000 0.000000 0.000000 -3.703940 -16.171460 -0.676543 4.569991 1.923622 0.131856 2.654663 1.937296 0.008003 0.000000 0.000000 0.000000 0.920776 -1.416890 4.298362 -80.400431 9.302944 -10.998811 11.285971 -11.689781 -92.027345 0.000000 0.000000 0.000000 26.836225 -4.446987 -18.487627 -7.124645 -0.003668 0.058921 0.000000 0.000000 0.000000 -0.767095 0.624064 11.740693 0.000000 0.000000 0.000000 2.605580 -0.662381 -0.692403 76.809992 13.557879 17.055899 -17.307184 -15.373527 83.135587 0.000000 0.000000 0.000000 -19.955791 2.255802 -12.770734 7.117989 0.019500 0.313531 0.000000 0.000000 0.000000 4.973477 2.249101 -41.354713 0.000000 0.000000 0.000000
-0.018908 1.001174 0.652955 0.000000 0.000000 0.000000 -5.246519 2.880899 -0.141336 -9.698020 -16.170661 -7.527944 -8.903879 32.362013 15.032723 1.437836 -19.316496 0.447256 -0.078677 -5.079283 -1.773694 0.000000 0.000000 0.000000 -3.965586 1.795395 -3.044248 23.464092 -16.112330 10.004314 5.237104 33.002997 -14.072437 -2.353911 -16.654978 -3.685485 0.019363 2.321682 -0.955565 0.000000 0.000000 0.000000 -0.867419 21.129094 -0.221333 3.958994 2.177446 -0.052987 0.000000 0.000000 0.000000 -3.675150 -16.139427 -0.673151 4.803462 1.402670 0.197224 2.718969 1.750021 0.017574 0.000000 0.000000 0.000000 0.940840 -1.641761 4.946775 -78.528059 11.941545 -14.582303 16.505783 -17.200258 -92.395061 0.000000 0.000000 0.000000 29.844427 -4.259671 -15.888832 -7.105406 0.032542 -0.524141 0.000000 0.000000 0.000000 2.287359 -1.853504 11.965145 0.000000 0.000000 0.000000 2.624934 -0.395602 -0.114716 74.646418 15.050148 19.658683 -20.390247 -18.755391 85.123013 0.000000 0.000000 0.000000 -19.178024 2.250511 -13.263516 7.083323 0.047422 0.766186 0.000000 0.000000 0.000000 4.622940 2.142445 -40.289060 0.000000 0.000000 0.000000
-0.018451 0.996980 0.650093 0.000000 0.000000 0.000000 -5.520175 3.570575 0.317655 -9.577685 -18.231576 -8.476138 -9.867762 34.114308 16.236095 1.468211 -20.041682 0.390957 -0.132049 -6.532954 -2.313392 0.000000 0.000000 0.000000 -3.889773 2.362197 -3.405923 23.624040 -17.700760 11.034014 6.135527 34.737125 -15.174669 -2.382161 -17.449795 -3.539661 0.014761 2.016492 -0.838721 0.000000 0.000000 0.000000 -1.259272 22.719895 -0.189955 4.106383 2.129190 -0.049642 0.000000 0.000000 0.000000 -3.632184 -17.010291 -0.728450 4.703222 1.315700 0.200085 2.712580 1.825052 0.014090 0.000000 0.000000 0.000000 1.182814 -1.751015 5.357533 -76.325380 14.477944 -18.362708 22.062486 -22.731095 -91.754646 0.000000 0.000000 0.000000 29.983416 -3.596196 -13.372337 -7.044267 0.065524 -1.064523 0.000000 0.000000 0.000000 3.382767 -2.710892 12.589634 0.000000 0.000000 0.000000 2.970467 -0.379809 0.016809 71.485741 16.644484 22.977744 -23.718682 -22.223995 86.171659 0.000000 0.000000 0.000000 -18.184571 2.226256 -13.844964 7.035503 0.068877 1.120393 0.000000 0.000000 0.000000 4.645647 2.183492 -39.671032 0.000000 0.000000 0.000000
-0.017842 0.991634 0.647360 0.000000 0.000000 0.000000 -5.634187 4.534591 1.093185 -9.892612 -20.659481 -9.692424 -10.868984 36.237590 17.690146 1.297100 -21.130599 -0.290070 -0.171567 -7.391389 -2.655712 0.000000 0.000000 0.000000 -3.538580 3.047915 -3.740138 23.445606 -19.654539 12.223676 7.622486 36.778388 -16.692007 -2.701544 -18.788651 -4.086498 0.006682 -1.652134 0.463433 0.000000 0.000000 0.000000 -1.257206 24.342671 -0.195491 3.887921 2.197696 -0.054369 0.000000 0.000000 0.000000 -3.541007 -17.853805 -0.778606 4.746364 0.900550 0.244456 2.668887 1.815949 0.013648 0.000000 0.000000 0.000000 0.979955 -1.864084 5.595704 -73.893121 16.486656 -21.806459 27.489235 -27.648527 -90.344179 0.000000 0.000000 0.000000 32.532818 -3.361147 -11.483994 -6.934735 0.098628 -1.627658 0.000000 0.000000 0.000000 6.279296 -5.048996 12.416352 0.000000 0.000000 0.000000 2.795306 -0.293171 0.152666 68.563914 18.032815 26.206891 -27.746768 -26.239069 86.679228 0.000000 0.000000 0.000000 -17.273568 2.251822 -14.745086 6.955331 0.093483 1.538179 0.000000 0.000000 0.000000 4.340836 2.061337 -39.213082 0.000000 0.000000 0.000000
-0.017463 0.984741 0.644036 0.000000 0.000000 0.000000 -6.141861 5.644095 1.835163 -9.827665 -23.657148 -11.112076 -12.407710 38.900752 19.718808 1.148366 -22.656349 -0.946630 -0.170279 -7.316288 -2.662892 0.000000 0.000000 0.000000 -3.495724 3.946403 -4.358211 24.094416 -21.918573 13.823733 8.923861 39.082361 -18.344230 -3.041191 -20.141534 -4.652013 0.033909 -3.465614 1.120829 0.000000 0.000000 0.000000 -1.608454 26.490007 -0.152153 4.008136 2.048907 -0.044825 0.000000 0.000000 0.000000 -3.181143 -18.553863 -0.800498 4.471685 0.276566 0.288466 2.519881 1.649530 0.017917 0.000000 0.000000 0.000000 1.071699 -1.904713 5.750194 -71.264762 18.532834 -25.646356 33.796194 -32.420790 -87.482455 0.000000 0.000000 0.000000 33.771735 -2.448779 -8.054970 -6.771653 0.130504 -2.205572 0.000000 0.000000 0.000000 8.669332 -6.777438 14.006755 0.000000 0.000000 0.000000 3.033515 -0.408388 -0.026258 65.150321 19.394061 29.946907 -31.824726 -29.858749 86.166825 0.000000 0.000000 0.000000 -16.887834 2.232547 -14.955414 6.855971 0.115672 1.930862 0.000000 0.000000 0.000000 3.553280 1.724703 -38.228718 0.000000 0.000000 0.000000
-0.016335 0.976777 0.640774 0.000000 0.000000 0.000000 -6.314811 6.595782 2.601913 -10.492740 -26.310403 -12.578696 -13.650030 41.470436 21.674874 1.076770 -24.274106 -1.374160 -0.233090 -8.495343 -3.137546 0.000000 0.000000 0.000000 -3.096144 5.142955 -5.056550 24.417164 -24.678446 15.692056 10.943587 41.788432 -20.613619 -3.938766 -22.270824 -6.433556 0.255310 -9.146453 3.191047 0.000000 0.000000 0.000000 -1.567674 28.711664 -0.158824 3.825944 1.995187 -0.042081 0.000000 0.000000 0.000000 -3.419884 -19.317688 -0.865519 4.703401 -0.579957 0.390117 2.627713 1.417098 0.030394 0.000000 0.000000 0.000000 0.900046 -1.977878 5.885274 -68.519968 20.085206 -29.148392 39.452354 -36.166294 -84.644330 0.000000 0.000000 0.000000 35.211302 -1.851869 -5.831304 -6.601033 0.153998 -2.669914 0.000000 0.000000 0.000000 10.983844 -8.470170 14.793923 0.000000 0.000000 0.000000 2.973000 -0.458449 -0.149847 61.395905 20.507528 33.890969 -37.123451 -33.538618 83.808124 0.000000 0.000000 0.000000 -16.833373 2.383427 -16.005498 6.713638 0.139346 2.375364 0.000000 0.000000 0.000000 2.200782 1.073551 -37.997592 0.000000 0.000000 0.000000
-0.015561 0.967910 0.637557 0.000000 0.000000 0.000000 -6.609799 7.475099 3.265366 -11.020490 -29.026077 -14.083789 -15.372387 44.149283 24.025572 1.193219 -26.049161 -1.324683 -0.403732 -11.078959 -4.161037 0.000000 0.000000 0.000000 -2.849257 6.333363 -5.827431 25.263597 -27.445193 17.773394 12.966935 44.525940 -23.055812 -4.213212 -24.161798 -6.555224 0.387035 -11.083475 3.987454 0.000000 0.000000 0.000000 -1.836949 31.048808 -0.109136 3.724274 2.113844 -0.049587 0.000000 0.000000 0.000000 -3.326310 -19.739942 -0.885577 5.137344 -1.827678 0.552662 2.770981 1.013868 0.051916 0.000000 0.000000 0.000000 0.933437 -1.922162 5.741259 -65.760983 21.338363 -32.495599 45.164896 -39.245886 -81.210396 0.000000 0.000000 0.000000 35.858731 -0.902693 -2.789409 -6.441305 0.170687 -3.032635 0.000000 0.000000 0.000000 12.852633 -9.546420 16.896594 0.000000 0.000000 0.000000 3.105372 -0.630786 -0.477758 57.916144 21.441949 37.777037 -42.628126 -36.670730 80.688438 0.000000 0.000000 0.000000 -16.370812 2.410491 -16.642349 6.575914 0.156912 2.730818 0.000000 0.000000 0.000000 1.441683 0.708815 -37.638980 0.000000 0.000000 0.000000
-0.014455 0.957902 0.635927 0.000000 0.000000 0.000000 -7.499562 8.396310 3.741003 -10.786770 -31.865660 -15.434743 -17.690535 46.957459 26.909594 1.039425 -27.482368 -1.888202 -0.367670 -10.521525 -3.991495 0.000000 0.000000 0.000000 -3.269080 7.230467 -6.640504 26.867445 -29.618268 19.802567 15.044976 47.104523 -25.593140 -4.378373 -25.747718 -6.490277 0.439174 -11.677197 4.292822 0.000000 0.000000 0.000000 -1.795696 33.198954 -0.112840 3.779950 2.346665 -0.063607 0.000000 0.000000 0.000000 -3.651777 -19.894606 -0.921036 5.319798 -3.455786 0.739986 2.853181 0.440633 0.080420 0.000000 0.000000 0.000000 0.587394 -1.867066 5.440980 -63.223417 22.284506 -35.489797 50.516620 -41.566739 -77.627866 0.000000 0.000000 0.000000 36.539047 -0.469854 -1.423181 -6.259053 0.185449 -3.390851 0.000000 0.000000 0.000000 14.487031 -10.692570 17.273015 0.000000 0.000000 0.000000 2.813983 -0.771895 -0.864058 54.473637 22.095418 41.543989 -48.726617 -39.051370 76.128637 0.000000 0.000000 0.000000 -15.181074 2.409173 -17.933497 6.417178 0.172872 3.083015 0.000000 0.000000 0.000000 1.265271 0.617731 -37.956253 0.000000 0.000000 0.000000
-0.013122 0.948526 0.636993 0.000000 0.000000 0.000000 -7.302016 9.077443 4.448557 -12.178654 -33.961210 -17.008185 -19.606511 49.463295 29.559473 0.772816 -28.649518 -2.659453 -0.390628 -10.798731 -4.131127 0.000000 0.000000 0.000000 -2.604851 8.337958 -7.222097 27.196233 -32.139879 21.668237 17.678316 49.400506 -28.425049 -5.153574 -26.555178 -8.125874 0.704859 -14.674078 5.470113 0.000000 0.000000 0.000000 -1.862230 35.320786 -0.093464 3.553791 2.431853 -0.068701 0.000000 0.000000 0.000000 -3.501807 -20.079793 -0.921377 5.599842 -4.818338 0.915011 2.941839 -0.044830 0.105875 0.000000 0.000000 0.000000 0.659834 -1.835351 5.381375 -61.780732 23.048859 -37.639866 53.976299 -42.931632 -75.345994 0.000000 0.000000 0.000000 37.376925 -0.399462 -1.180906 -6.185631 0.190389 -3.522514 0.000000 0.000000 0.000000 15.464305 -11.452183 17.107140 0.000000 0.000000 0.000000 2.990028 -0.922105 -1.130114 51.992414 22.418323 44.231690 -53.295910 -40.567435 72.744052 0.000000 0.000000 0.000000 -14.775421 2.391960 -18.293717 6.267370 0.184866 3.375722 0.000000 0.000000 0.000000 0.554102 0.272811 -37.573716 0.000000 0.000000 0.000000
-0.012660 0.938214 0.639292 0.000000 0.000000 0.000000 -7.322315 9.614303 4.938449 -12.957988 -35.893279 -18.329962 -22.233211 51.725964 32.621800 0.589945 -29.649813 -3.187439 -0.333655 -9.948536 -3.832109 0.000000 0.000000 0.000000 -2.254688 9.235685 -7.776357 28.092721 -34.304490 23.559580 20.191405 51.759594 -31.409457 -5.578333 -27.389570 -8.867050 0.758879 -15.144959 5.703813 0.000000 0.000000 0.000000 -2.075646 37.324594 -0.034692 3.419131 2.553320 -0.075652 0.000000 0.000000 0.000000 -3.574562 -19.931612 -0.917413 5.794754 -6.584550 1.130069 3.085300 -0.763632 0.145446 0.000000 0.000000 0.000000 0.731557 -1.821306 5.371179 -60.293774 23.624022 -39.606694 56.408810 -43.878643 -73.818267 0.000000 0.000000 0.000000 37.603608 -0.329028 -0.966394 -6.099613 0.195526 -3.668562 0.000000 0.000000 0.000000 16.043896 -11.926428 16.910028 0.000000 0.000000 0.000000 3.173068 -1.060412 -1.366465 49.839497 22.725248 46.780199 -57.819011 -41.400174 68.763180 0.000000 0.000000 0.000000 -14.876111 2.443881 -18.558355 6.150805 0.192543 3.582527 0.000000 0.000000 0.000000 -0.335151 -0.165818 -37.351600 0.000000 0.000000 0.000000
-0.011768 0.928669 0.645062 0.000000 0.000000 0.000000 -7.437748 10.445417 5.671302 -13.442995 -37.907264 -19.617249 -25.642835 53.407999 35.951318 0.537845 -30.682721 -3.400157 -0.392331 -10.740220 -4.171836 0.000000 0.000000 0.000000 -1.933936 10.083291 -8.314829 28.893478 -36.176627 25.255602 23.068348 54.021524 -34.739488 -5.703546 -28.287454 -8.865853 0.780673 -15.265439 5.820572 0.000000 0.000000 0.000000 -2.087843 38.785374 -0.024350 3.345944 2.691472 -0.083423 0.000000 0.000000 0.000000 -3.524853 -19.792318 -0.904339 5.767405 -7.814148 1.260559 3.086606 -1.207371 0.166765 0.000000 0.000000 0.000000 0.744595 -1.791823 5.293136 -59.581806 24.226282 -41.100835 58.034349 -44.492217 -72.809461 0.000000 0.000000 0.000000 37.345555 -0.329312 -0.974413 -6.060367 0.197679 -3.732982 0.000000 0.000000 0.000000 16.022821 -11.948034 16.737007 0.000000 0.000000 0.000000 3.172591 -1.080698 -1.409457 48.737746 22.832858 48.055024 -60.951588 -41.942374 66.154130 0.000000 0.000000 0.000000 -14.413024 2.382466 -18.677482 6.046378 0.198396 3.755183 0.000000 0.000000 0.000000 -0.591107 -0.294363 -37.055001 0.000000 0.000000 0.000000
-0.012152 0.918605 0.653586 0.000000 0.000000 0.000000 -7.115067 11.081117 6.387351 -14.115857 -39.313364 -20.680558 -29.391613 54.794925 39.478811 0.344184 -32.047537 -3.946934 -0.396808 -10.745470 -4.217334 0.000000 0.000000 0.000000 -1.314572 10.565343 -8.481967 29.177368 -37.560144 26.392456 26.044554 56.271668 -38.331772 -6.127394 -29.782215 -9.350041 0.902436 -16.222430 6.325658 0.000000 0.000000 0.000000 -2.409103 40.447866 0.075071 3.231661 2.583196 -0.077055 0.000000 0.000000 0.000000 -3.319347 -20.494523 -0.933227 6.120304 -8.386228 1.373882 3.221056 -1.376330 0.181226 0.000000 0.000000 0.000000 0.970750 -1.825431 5.481848 -59.409549 24.804378 -42.159178 58.297947 -44.675731 -72.762812 0.000000 0.000000 0.000000 37.741728 -0.722367 -2.113155 -6.067234 0.197297 -3.721554 0.000000 0.000000 0.000000 15.968711 -12.175579 15.502268 0.000000 0.000000 0.000000 3.566435 -1.217056 -1.572984 48.383476 23.043172 48.812337 -62.547559 -42.131816 64.763345 0.000000 0.000000 0.000000 -14.308687 2.409882 -19.025279 5.974800 0.201911 3.867499 0.000000 0.000000 0.000000 -0.965981 -0.480074 -37.147826 0.000000 0.000000 0.000000
-0.012068 0.908040 0.663617 0.000000 0.000000 0.000000 -7.030108 11.971888 7.258079 -14.823135 -40.915772 -21.898889 -33.357175 56.114018 43.302783 0.459353 -33.559892 -3.807998 -0.554488 -12.599262 -5.019611 0.000000 0.000000 0.000000 -0.927694 10.760304 -8.506770 29.196184 -38.455707 27.055527 29.552231 58.222774 -42.280891 -6.450819 -31.039703 -9.662969 0.841903 -15.546814 6.161497 0.000000 0.000000 0.000000 -2.196256 41.930598 0.024053 3.079511 2.445536 -0.069271 0.000000 0.000000 0.000000 -3.185349 -20.815172 -0.942082 5.772830 -9.535910 1.449035 3.050864 -1.799408 0.193307 0.000000 0.000000 0.000000 0.685655 -1.942094 5.693305 -59.273540 25.280202 -43.026965 57.455225 -44.483779 -73.453276 0.000000 0.000000 0.000000 38.195998 -0.991944 -2.864362 -6.102265 0.195374 -3.664122 0.000000 0.000000 0.000000 15.940235 -12.305410 14.811214 0.000000 0.000000 0.000000 3.428884 -1.247098 -1.679249 49.059057 23.261896 48.554960 -62.596996 -42.207159 64.814493 0.000000 0.000000 0.000000 -14.694993 2.428347 -18.668226 5.962963 0.202464 3.885795 0.000000 0.000000 0.000000 -1.368881 -0.686042 -36.764301 0.000000 0.000000 0.000000
-0.012768 0.899665 0.678232 0.000000 0.000000 0.000000 -6.873282 12.373871 7.693080 -14.799133 -41.285582 -22.098610 -36.346399 56.919055 46.161007 0.533028 -34.898891 -3.751209 -0.544310 -12.396731 -5.008640 0.000000 0.000000 0.000000 -0.520900 11.348655 -8.839330 29.728952 -38.959566 27.687516 31.460710 60.007544 -45.115570 -6.747302 -32.161489 -9.946771 0.888727 -15.833629 6.384444 0.000000 0.000000 0.000000 -2.312395 42.915413 0.066253 2.983712 2.372828 -0.065309 0.000000 0.000000 0.000000 -3.134234 -21.490210 -0.979795 6.067469 -10.110105 1.558650 3.151733 -1.909232 0.203778 0.000000 0.000000 0.000000 0.783762 -1.999180 5.896046 -60.115841 25.645678 -42.941377 55.358416 -43.741897 -74.849704 0.000000 0.000000 0.000000 39.367304 -1.718104 -4.800347 -6.126389 0.194007 -3.624159 0.000000 0.000000 0.000000 16.110997 -12.914230 12.702858 0.000000 0.000000 0.000000 3.589291 -1.240070 -1.613946 50.261708 23.377421 47.598109 -61.383651 -41.873402 65.609735 0.000000 0.000000 0.000000 -15.146373 2.420447 -18.057145 5.974266 0.201942 3.868443 0.000000 0.000000 0.000000 -1.667178 -0.845729 -36.206715 0.000000 0.000000 0.000000
-0.014219 0.892841 0.695110 0.000000 0.000000 0.000000 -7.280234 13.108095 8.257604 -14.644711 -41.795155 -22.317554 -38.032126 57.950920 48.329096 0.114153 -36.412866 -4.725190 -0.460422 -11.338148 -4.635662 0.000000 0.000000 0.000000 -0.616039 11.802723 -9.231949 30.950736 -38.749551 28.138163 31.737661 61.548455 -46.591894 -7.329343 -32.872289 -10.959780 1.049418 -17.078968 6.980420 0.000000 0.000000 0.000000 -2.600685 43.768633 0.164702 3.136462 2.282180 -0.060288 0.000000 0.000000 0.000000 -2.590932 -21.903966 -0.952876 5.800901 -11.501608 1.668251 2.960962 -2.297555 0.212036 0.000000 0.000000 0.000000 0.883557 -2.049315 6.080813 -61.641413 25.711740 -41.866544 51.531763 -42.363694 -77.516568 0.000000 0.000000 0.000000 39.802297 -1.964285 -5.422420 -6.181400 0.190663 -3.530000 0.000000 0.000000 0.000000 16.015980 -12.940487 12.252982 0.000000 0.000000 0.000000 3.707381 -1.193560 -1.479909 52.686706 23.317624 45.243385 -57.639323 -41.176747 68.645702 0.000000 0.000000 0.000000 -16.181198 2.440293 -17.042406 6.075935 0.196852 3.707835 0.000000 0.000000 0.000000 -1.901273 -0.977393 -35.590187 0.000000 0.000000 0.000000
-0.016252 0.891438 0.717267 0.000000 0.000000 0.000000 -7.566734 13.519415 8.560754 -14.136927 -40.735660 -21.485441 -36.690084 58.480201 47.769273 -0.268075 -37.470060 -5.558038 -0.500353 -11.784780 -4.845255 0.000000 0.000000 0.000000 -0.702171 12.179249 -9.560031 31.630890 -37.483821 27.516114 29.570185 62.717681 -45.887921 -5.912451 -34.590678 -7.459115 0.507768 -11.776875 4.920290 0.000000 0.000000 0.000000 -3.039739 44.018017 0.308601 3.199954 2.055823 -0.047618 0.000000 0.000000 0.000000 -2.239965 -21.876177 -0.917250 6.271518 -13.030000 1.922580 3.081292 -2.851127 0.245187 0.000000 0.000000 0.000000 1.021635 -2.093839 6.267334 -64.389542 24.490212 -38.039218 41.994616 -38.788225 -85.055626 0.000000 0.000000 0.000000 40.004311 -2.683606 -7.363479 -6.343637 0.179086 -3.230858 0.000000 0.000000 0.000000 14.998371 -12.387237 10.995828 0.000000 0.000000 0.000000 3.863623 -1.151477 -1.344000 57.151402 22.556677 40.219764 -49.302209 -39.200584 75.618502 0.000000 0.000000 0.000000 -17.949095 2.508530 -15.785819 6.332386 0.179989 3.252915 0.000000 0.000000 0.000000 -1.730364 -0.891340 -35.495039 0.000000 0.000000 0.000000
-0.019525 0.898560 0.746463 0.000000 0.000000 0.000000 -7.403297 13.911546 8.994286 -14.058725 -37.888181 -19.864642 -30.702322 57.931482 42.876081 -0.309131 -38.088057 -5.665932 -0.698977 -13.885137 -5.735554 0.000000 0.000000 0.000000 -0.362035 12.448591 -9.670587 31.101990 -34.734510 25.197656 22.195033 62.245597 -40.022111 -5.283710 -34.839239 -6.088574 0.362235 -9.918666 4.172653 0.000000 0.000000 0.000000 -3.590288 43.498744 0.474493 3.198082 1.740327 -0.030055 0.000000 0.000000 0.000000 -1.988008 -22.757845 -0.938772 7.040748 -13.216158 2.087543 3.373819 -2.761776 0.258298 0.000000 0.000000 0.000000 1.450422 -1.990579 6.159969 -67.787419 21.528032 -31.600875 28.783004 -31.062092 -94.566159 0.000000 0.000000 0.000000 39.076886 -4.131872 -11.608390 -6.638211 0.149467 -2.576844 0.000000 0.000000 0.000000 12.176690 -10.498148 8.522385 0.000000 0.000000 0.000000 4.241778 -1.201173 -1.331127 63.226023 20.448841 32.664925 -37.271947 -34.133549 84.626779 0.000000 0.000000 0.000000 -20.951299 2.327565 -12.539708 6.700342 0.141198 2.411717 0.000000 0.000000 0.000000 -1.456015 -0.764329 -34.607730 0.000000 0.000000 0.000000
-0.022263 0.917086 0.785812 0.000000 0.000000 0.000000 -7.097112 13.199821 8.406207 -12.301496 -31.386179 -15.708553 -21.398707 53.918232 33.607869 -0.540148 -37.169738 -6.099162 -0.623161 -13.201047 -5.381489 0.000000 0.000000 0.000000 -0.356832 12.021040 -9.324708 28.445084 -29.641136 20.404730 14.052084 58.182688 -31.689605 -4.267807 -34.652624 -4.015273 0.264807 -8.491254 3.565952 0.000000 0.000000 0.000000 -3.746325 41.662325 0.481576 3.042164 1.236147 -0.003561 0.000000 0.000000 0.000000 -1.657112 -23.467280 -0.938897 7.385495 -12.604159 2.076588 3.478699 -2.478210 0.249981 0.000000 0.000000 0.000000 1.504153 -1.889188 5.891024 -71.836065 16.531268 -22.680689 14.153100 -17.312611 -101.610784 0.000000 0.000000 0.000000 34.507398 -6.934653 -22.078135 -7.036071 0.068625 -1.116205 0.000000 0.000000 0.000000 5.467167 -5.191220 2.970403 0.000000 0.000000 0.000000 4.319152 -1.352857 -1.619613 70.386705 15.929653 22.442505 -22.759963 -23.653687 92.267720 0.000000 0.000000 0.000000 -22.256263 1.587141 -8.055973 7.019427 0.074653 1.217130 0.000000 0.000000 0.000000 0.869033 0.464100 -33.792497 0.000000 0.000000 0.000000
-0.024577 0.947286 0.839912 0.000000 0.000000 0.000000 -6.320909 11.219535 6.801602 -10.058680 -20.530997 -9.667472 -12.296320 44.975291 22.975422 -0.794085 -33.558413 -6.523613 -0.512456 -12.206612 -4.789795 0.000000 0.000000 0.000000 -0.609177 9.965266 -7.774862 23.512598 -20.593537 12.831908 8.494339 49.208898 -23.308255 -3.354928 -32.713858 -2.463531 0.132145 -6.057039 2.497289 0.000000 0.000000 0.000000 -3.686932 36.591336 0.353843 3.004377 1.151348 0.000633 0.000000 0.000000 0.000000 -1.770953 -22.121550 -0.884063 7.590118 -10.745137 1.881351 3.655447 -1.949950 0.232124 0.000000 0.000000 0.000000 1.788545 -1.586144 5.132274 -75.999735 9.156787 -11.704345 0.413718 -0.486321 -99.223834 0.000000 0.000000 0.000000 25.842382 -6.817584 -29.109023 -7.100570 -0.036500 0.588294 0.000000 0.000000 0.000000 -2.351757 2.217799 3.359212 0.000000 0.000000 0.000000 4.310217 -1.404962 -1.729554 76.279380 8.355844 10.629720 -9.564297 -9.634480 90.420860 0.000000 0.000000 0.000000 -21.259561 0.903815 -4.812914 7.124778 0.002012 0.032321 0.000000 0.000000 0.000000 4.471538 2.350020 -34.568940 0.000000 0.000000 0.000000
-0.025637 0.983964 0.904622 0.000000 0.000000 0.000000 -5.228324 8.301034 4.559314 -9.431014 -8.046773 -3.708544 -6.171782 34.170141 14.927455 -0.295172 -24.014456 -4.912144 -0.825146 -15.798415 -5.941882 0.000000 0.000000 0.000000 -1.046906 6.985796 -5.632813 19.927991 -9.677567 5.588105 5.159480 38.860239 -16.690179 -2.293119 -24.806305 -1.533936 0.170688 -7.303806 2.673869 0.000000 0.000000 0.000000 -3.660559 29.127810 0.194750 3.232202 0.771595 0.024350 0.000000 0.000000 0.000000 -1.754809 -19.927867 -0.773662 7.151385 -5.738182 1.202341 3.646115 -0.437849 0.151790 0.000000 0.000000 0.000000 2.444403 -1.156436 4.130537 -78.965250 0.713713 -0.866332 -13.019305 11.977523 -85.189026 0.000000 0.000000 0.000000 19.628192 -5.671549 -31.958293 -6.953292 -0.094051 1.547975 0.000000 0.000000 0.000000 -7.452704 6.813927 5.140548 0.000000 0.000000 0.000000 4.604093 -1.535684 -1.904913 78.989942 0.060845 0.073824 -0.290729 -0.232850 77.383634 0.000000 0.000000 0.000000 -18.532336 0.143026 -0.876636 6.983478 -0.085812 -1.406278 0.000000 0.000000 0.000000 9.452632 4.814083 -36.099845 0.000000 0.000000 0.000000
-0.025490 1.030328 0.969614 0.000000 0.000000 0.000000 -5.399536 6.360437 2.780344 -9.344472 -0.777343 -0.357086 -2.989522 27.787649 11.127458 0.334434 -6.484747 -0.421841 -1.387630 -20.505058 -7.660702 0.000000 0.000000 0.000000 -2.109780 5.661757 -5.050403 19.810655 -3.411617 1.962576 1.788439 32.196780 -12.574315 -0.888474 -7.653725 -1.411603 0.334812 -10.513661 3.637758 0.000000 0.000000 0.000000 -3.216162 21.358740 0.000952 3.633144 0.071156 0.071669 0.000000 0.000000 0.000000 -2.741949 -16.557295 -0.655992 7.012629 -1.180277 0.638090 3.850927 0.846437 0.089646 0.000000 0.000000 0.000000 2.605502 -0.644171 2.658596 -79.859702 -7.510726 8.967743 -21.605524 14.693961 -68.096277 0.000000 0.000000 0.000000 13.027226 -4.242926 -35.950351 -6.559367 -0.158738 2.769567 0.000000 0.000000 0.000000 -12.968642 11.425843 7.292150 0.000000 0.000000 0.000000 4.147167 -1.468958 -1.912878 79.698163 -6.675506 -7.994315 2.878586 1.672181 60.297972 0.000000 0.000000 0.000000 -18.569939 -0.283248 1.732417 6.570871 -0.157495 -2.743076 0.000000 0.000000 0.000000 10.936678 5.207587 -39.180970 0.000000 0.000000 0.000000
-0.027223 1.085396 1.027535 0.000000 0.000000 0.000000 -5.109315 4.622963 1.402405 -10.327227 2.444722 1.148639 -1.109757 25.222766 9.591247 -0.096633 13.040312 10.979011 -0.198532 -9.069266 -2.502852 0.000000 0.000000 0.000000 -2.519641 4.821570 -4.596523 20.101597 -1.440814 0.833587 0.218154 29.510618 -11.015973 0.172512 12.590560 -8.766661 0.060293 -4.991448 1.383238 0.000000 0.000000 0.000000 -2.905860 15.392686 -0.099642 3.567884 0.138390 0.066387 0.000000 0.000000 0.000000 -3.236670 -13.508783 -0.491685 6.924865 0.655386 0.411244 3.989407 1.259165 0.070452 0.000000 0.000000 0.000000 2.668879 0.019521 0.681098 -79.709864 -14.062283 16.808683 -21.300219 11.714698 -57.227860 0.000000 0.000000 0.000000 9.188658 -2.794011 -33.763970 -6.098647 -0.195586 3.670279 0.000000 0.000000 0.000000 -16.726074 13.132260 13.879244 0.000000 0.000000 0.000000 3.580742 -1.571770 -2.309710 81.242897 -10.335119 -12.037364 -0.336195 -0.135005 43.757452 0.000000 0.000000 0.000000 -21.210278 -0.142617 0.761680 6.398971 -0.174478 -3.120499 0.000000 0.000000 0.000000 8.735635 3.915482 -41.780580 0.000000 0.000000 0.000000
-0.028098 1.132215 1.076134 0.000000 0.000000 0.000000 -4.675897 2.984309 0.210125 -11.138337 2.247621 1.075499 -2.269041 28.169962 11.079519 -1.578466 21.404913 15.256696 -0.098693 5.104447 2.213846 0.000000 0.000000 0.000000 -2.713283 4.095000 -4.148421 20.182657 -2.200431 1.275204 1.590680 31.870371 -12.377146 0.713033 17.062548 -12.264101 0.017277 1.823930 -1.085304 0.000000 0.000000 0.000000 -2.665879 12.166306 -0.140119 3.470246 0.117482 0.065675 0.000000 0.000000 0.000000 -3.400424 -12.596997 -0.437875 6.343849 2.368923 0.176506 3.898496 1.748946 0.041252 0.000000 0.000000 0.000000 2.666596 0.442203 -0.596746 -80.103162 -18.255491 21.640912 -16.155779 7.514605 -49.661069 0.000000 0.000000 0.000000 14.115045 -3.605106 -28.524964 -6.288656 -0.183317 3.336100 0.000000 0.000000 0.000000 -13.125143 9.774204 16.757804 0.000000 0.000000 0.000000 3.321035 -1.867896 -3.016965 82.682315 -11.557555 -13.123692 -5.302814 -1.316004 27.857171 0.000000 0.000000 0.000000 -25.418335 1.001967 -4.440653 6.606465 -0.153358 -2.656632 0.000000 0.000000 0.000000 4.418821 1.839237 -44.819768 0.000000 0.000000 0.000000
-0.029346 1.166268 1.117304 0.000000 0.000000 0.000000 -4.722670 1.308279 -1.206414 -10.904409 0.446922 0.212714 -6.012530 33.303311 14.475273 -1.497593 21.044014 8.322570 -0.001032 -0.606492 -0.194975 0.000000 0.000000 0.000000 -3.625124 2.636229 -3.486727 21.347663 -3.356718 1.991368 4.340897 36.048338 -15.105811 0.103646 13.242446 -10.923539 0.003689 0.636931 -0.663685 0.000000 0.000000 0.000000 -2.605366 10.872109 -0.152349 3.699712 0.382693 0.054321 0.000000 0.000000 0.000000 -3.655143 -12.630109 -0.443114 6.030204 3.129599 0.075354 3.853678 1.935890 0.030123 0.000000 0.000000 0.000000 2.574318 0.466211 -0.692910 -81.562996 -19.977712 23.079810 -8.556029 3.285172 -41.948762 0.000000 0.000000 0.000000 23.068466 -4.389288 -21.271053 -6.705928 -0.140435 2.396671 0.000000 0.000000 0.000000 -5.830480 4.182637 18.713377 0.000000 0.000000 0.000000 3.278868 -1.996712 -3.301766 83.512240 -10.779204 -12.065437 -8.280849 -0.982394 13.508244 0.000000 0.000000 0.000000 -30.811840 3.519672 -12.724394 6.866427 -0.113607 -1.893508 0.000000 0.000000 0.000000 -2.012859 -0.731099 -50.079814 0.000000 0.000000 0.000000
-0.030503 1.190525 1.157548 0.000000 0.000000 0.000000 -4.667374 -0.172387 -2.394023 -10.865085 -0.843405 -0.401071 -8.169994 34.974265 16.032546 -1.594307 21.853491 4.717513 -0.206797 -7.321178 -3.231541 0.000000 0.000000 0.000000 -4.380413 1.244506 -2.842107 22.152641 -4.405078 2.655662 6.562051 37.576921 -16.655753 -0.298176 12.450730 -14.010060 0.004340 0.561642 -0.885482 0.000000 0.000000 0.000000 -2.660978 10.208448 -0.158555 3.942411 0.868734 0.028373 0.000000 0.000000 0.000000 -3.339751 -12.940552 -0.458458 5.322568 3.421476 0.013654 3.573992 2.017479 0.020709 0.000000 0.000000 0.000000 2.634812 0.510880 -0.812501 -83.382094 -20.466153 22.915000 -0.814065 0.248617 -33.965079 0.000000 0.000000 0.000000 28.985113 -3.184656 -12.276740 -6.910686 -0.104210 1.725762 0.000000 0.000000 0.000000 -0.546083 0.352468 24.319982 0.000000 0.000000 0.000000 3.383935 -2.159836 -3.605847 83.227022 -10.613332 -11.939299 -8.228148 -0.347816 4.832773 0.000000 0.000000 0.000000 -29.745026 4.629042 -17.307535 7.035315 -0.068978 -1.122074 0.000000 0.000000 0.000000 -2.273893 -0.791511 -51.619464 0.000000 0.000000 0.000000
-0.031496 1.203184 1.196528 0.000000 0.000000 0.000000 -4.945571 -0.770360 -3.021632 -10.411510 -2.523484 -1.187920 -8.254501 34.147800 15.665617 -1.471736 20.803144 3.063483 -0.088320 -4.518207 -2.238537 0.000000 0.000000 0.000000 -5.025002 0.595656 -2.679208 22.780240 -5.914977 3.611128 7.609112 37.116896 -16.849277 -0.590862 12.429229 -17.320030 0.107045 5.114713 -2.396319 0.000000 0.000000 0.000000 -2.509894 9.865020 -0.160444 4.077814 1.187057 0.010008 0.000000 0.000000 0.000000 -3.361849 -12.951459 -0.459474 4.952329 3.259049 0.015261 3.405702 1.955853 0.020865 0.000000 0.000000 0.000000 2.395947 0.470430 -0.750764 -83.559030 -20.513194 22.897990 4.058735 -0.942244 -26.129658 0.000000 0.000000 0.000000 30.419609 -3.154982 -11.567893 -7.027469 -0.071733 1.168188 0.000000 0.000000 0.000000 1.121497 -0.746517 22.702026 0.000000 0.000000 0.000000 3.153586 -2.090996 -3.544250 82.434161 -13.724269 -15.645085 -9.121870 -0.396392 4.965979 0.000000 0.000000 0.000000 -28.986393 5.856165 -22.385767 7.035518 -0.068781 -1.118840 0.000000 0.000000 0.000000 -1.805863 -0.540792 -56.660177 0.000000 0.000000 0.000000
-0.031879 1.200686 1.233397 0.000000 0.000000 0.000000 -4.953390 -1.166948 -3.347927 -10.484565 -3.800083 -1.792120 -7.103500 31.575388 14.051678 -1.155377 16.471156 0.036304 -0.447110 -10.620284 -4.807648 0.000000 0.000000 0.000000 -5.134642 0.585451 -2.719815 22.671367 -8.502514 5.182846 8.466960 36.415749 -16.844133 -1.364609 9.653813 -18.530547 0.039998 2.587877 -1.770677 0.000000 0.000000 0.000000 -2.263640 10.382106 -0.155273 4.030483 1.219693 0.007455 0.000000 0.000000 0.000000 -3.647262 -14.186853 -0.544166 4.990225 3.786396 -0.037589 3.433967 2.305238 0.003538 0.000000 0.000000 0.000000 2.167969 0.342136 -0.425402 -82.463330 -20.465053 23.276936 6.027008 -1.100748 -20.682322 0.000000 0.000000 0.000000 30.202656 -2.517894 -9.311821 -7.051470 -0.062557 1.015290 0.000000 0.000000 0.000000 1.208263 -0.778954 24.382268 0.000000 0.000000 0.000000 3.045447 -2.056971 -3.511454 80.904532 -17.474473 -20.435457 -8.515750 -0.829290 11.104032 0.000000 0.000000 0.000000 -27.413862 5.155546 -20.916622 7.004626 -0.079422 -1.297616 0.000000 0.000000 0.000000 0.331411 0.102232 -55.712775 0.000000 0.000000 0.000000
-0.032546 1.191910 1.270046 0.000000 0.000000 0.000000 -4.677491 -1.731046 -3.660773 -10.744423 -5.253609 -2.492828 -5.375556 28.725431 12.220395 -0.668396 11.456738 1.449275 -0.303953 -9.288171 -3.740439 0.000000 0.000000 0.000000 -5.039909 0.434821 -2.577314 22.324019 -10.339053 6.262960 8.076503 34.137306 -15.596228 -2.046968 6.483819 -18.049249 0.019542 1.554577 -1.440302 0.000000 0.000000 0.000000 -1.897503 11.454062 -0.150969 3.725137 1.262202 0.001764 0.000000 0.000000 0.000000 -4.156872 -15.018185 -0.615753 5.332770 3.297828 0.027207 3.600084 2.110213 0.016301 0.000000 0.000000 0.000000 1.740233 0.231450 -0.209567 -80.014120 -20.998884 24.903488 5.691366 -1.027301 -20.447695 0.000000 0.000000 0.000000 28.373808 -1.806158 -7.136084 -7.034644 -0.069138 1.124784 0.000000 0.000000 0.000000 -0.337964 0.206853 27.062219 0.000000 0.000000 0.000000 2.820763 -2.182099 -3.857204 79.169663 -20.155836 -24.262715 -7.104714 -1.047632 16.755575 0.000000 0.000000 0.000000 -24.613409 3.946831 -17.950507 6.998772 -0.081299 -1.329401 0.000000 0.000000 0.000000 3.509650 1.186302 -52.657957 0.000000 0.000000 0.000000
-0.033749 1.172618 1.305956 0.000000 0.000000 0.000000 -4.958213 -2.222165 -4.202699 -10.163162 -6.439094 -3.016246 -3.891915 25.101684 10.251707 0.035648 8.485905 5.446580 -0.354536 -10.867593 -3.725830 0.000000 0.000000 0.000000 -5.443056 0.422678 -2.744145 22.615426 -12.508185 7.626475 7.056087 31.747992 -14.115958 -2.836666 2.209594 -17.008918 0.128777 5.803393 -2.540182 0.000000 0.000000 0.000000 -1.896935 12.609427 -0.147971 3.743116 1.407293 -0.006828 0.000000 0.000000 0.000000 -4.237498 -16.628751 -0.732803 5.193347 3.754736 -0.026631 3.570948 2.421508 -0.000463 0.000000 0.000000 0.000000 1.576222 0.274274 -0.378013 -77.737518 -21.872345 26.962542 4.576627 -0.914601 -22.591183 0.000000 0.000000 0.000000 28.149882 -2.287815 -9.107051 -6.991538 -0.083507 1.366915 0.000000 0.000000 0.000000 -0.845880 0.527909 26.064423 0.000000 0.000000 0.000000 2.792955 -2.468191 -4.472580 76.975240 -21.703076 -27.110356 -4.813256 -0.918114 21.586589 0.000000 0.000000 0.000000 -22.059202 3.145538 -16.036413 6.958404 -0.092688 -1.524433 0.000000 0.000000 0.000000 6.557831 2.302047 -51.348281 0.000000 0.000000 0.000000
-0.035295 1.142032 1.342108 0.000000 0.000000 0.000000 -5.207269 -2.272124 -4.374683 -9.474835 -8.655639 -3.993982 -2.732983 22.422133 8.867957 0.462312 8.791952 9.566460 -0.217404 -9.299288 -2.672615 0.000000 0.000000 0.000000 -5.554727 0.840376 -3.071754 22.740473 -14.962438 9.155110 5.908386 28.969443 -12.488055 -2.556519 1.168943 -14.325187 0.003422 0.457187 -0.857643 0.000000 0.000000 0.000000 -2.108023 13.488477 -0.140710 3.799942 1.589835 -0.017463 0.000000 0.000000 0.000000 -4.352444 -17.298280 -0.786851 5.117484 3.478719 -0.000688 3.604015 2.410718 0.000572 0.000000 0.000000 0.000000 1.697789 0.334556 -0.523803 -75.285537 -22.718115 29.197904 2.825578 -0.655692 -26.124339 0.000000 0.000000 0.000000 27.111925 -3.008045 -12.429606 -6.942736 -0.096716 1.594265 0.000000 0.000000 0.000000 -2.003516 1.307862 23.731395 0.000000 0.000000 0.000000 2.929099 -2.604990 -4.708957 75.112598 -22.683990 -29.242058 -2.804978 -0.640257 25.711110 0.000000 0.000000 0.000000 -21.937448 2.790635 -14.326267 6.883151 -0.110148 -1.831403 0.000000 0.000000 0.000000 7.156903 2.545301 -50.885985 0.000000 0.000000 0.000000
-0.036266 1.102471 1.377283 0.000000 0.000000 0.000000 -4.898980 -2.183098 -4.140063 -9.485127 -11.787443 -5.447363 -1.884597 21.581387 8.343669 0.602020 8.934145 11.012260 -0.119471 -7.352539 -1.859272 0.000000 0.000000 0.000000 -5.219021 0.847483 -2.932604 22.055688 -17.050506 10.304751 5.046020 26.023750 -10.947649 -1.952810 3.017616 -12.889831 0.005317 -2.829650 0.215269 0.000000 0.000000 0.000000 -2.208180 14.633063 -0.132155 3.696061 1.659428 -0.022369 0.000000 0.000000 0.000000 -4.551286 -18.124804 -0.859268 5.563539 3.651963 -0.001476 3.466356 2.229060 0.007941 0.000000 0.000000 0.000000 1.810618 0.271961 -0.310438 -73.293837 -22.715774 30.220247 1.381135 -0.364694 -29.581835 0.000000 0.000000 0.000000 24.265177 -4.242875 -19.553478 -6.974558 -0.088368 1.450003 0.000000 0.000000 0.000000 -4.208647 3.153518 16.322779 0.000000 0.000000 0.000000 3.172109 -2.704279 -4.823554 74.288232 -22.528421 -29.462614 -1.461698 -0.365991 28.112918 0.000000 0.000000 0.000000 -22.921228 2.898616 -14.226949 6.810017 -0.124083 -2.085245 0.000000 0.000000 0.000000 6.494800 2.246470 -51.873670 0.000000 0.000000 0.000000
-0.037479 1.051101 1.411572 0.000000 0.000000 0.000000 -5.413189 -1.993365 -4.258199 -8.178314 -15.730061 -7.068352 -2.354765 23.103308 9.055075 0.277993 9.535398 8.916160 -0.373799 -11.779105 -3.622441 0.000000 0.000000 0.000000 -5.866282 0.393177 -2.907394 22.621611 -18.975752 11.609126 4.646947 24.800120 -10.317205 -1.059187 6.385728 -10.917810 0.031328 -4.290945 0.836214 0.000000 0.000000 0.000000 -2.377924 15.591669 -0.119732 3.868242 1.804086 -0.030172 0.000000 0.000000 0.000000 -4.671086 -18.426559 -0.889593 5.051877 3.085536 0.037463 3.662896 2.280070 0.008346 0.000000 0.000000 0.000000 1.665068 0.260838 -0.315616 -72.380531 -22.083491 29.868041 0.827841 -0.240824 -32.439522 0.000000 0.000000 0.000000 26.938316 -3.121546 -12.980495 -6.946915 -0.095607 1.575042 0.000000 0.000000 0.000000 -2.139519 1.413030 23.118489 0.000000 0.000000 0.000000 3.132676 -2.843501 -5.130345 74.392127 -21.777435 -28.446236 -1.216694 -0.318365 29.325984 0.000000 0.000000 0.000000 -23.046963 2.912590 -14.215568 6.841585 -0.118373 -1.980116 0.000000 0.000000 0.000000 6.212513 2.174783 -51.444008 0.000000 0.000000 0.000000
-0.038637 0.993549 1.439151 0.000000 0.000000 0.000000 -5.605566 -2.557810 -4.817995 -6.539934 -21.081781 -9.150339 -10.217766 33.758759 16.185771 1.473189 -3.429324 5.741763 -0.018289 2.135289 0.981339 0.000000 0.000000 0.000000 -6.561266 -0.636699 -2.532552 23.319455 -22.638260 14.073002 10.361774 31.753761 -15.233126 -1.829062 -0.509056 -9.090555 0.872233 16.579093 -5.981264 0.000000 0.000000 0.000000 -2.578613 16.985178 -0.098911 3.971665 2.157212 -0.051700 0.000000 0.000000 0.000000 -4.555113 -18.840022 -0.912959 4.850676 1.765087 0.163129 3.506106 1.734867 0.034116 0.000000 0.000000 0.000000 1.492600 0.064971 0.211825 -72.173931 -20.436639 27.782647 0.598073 -0.190683 -35.367322 0.000000 0.000000 0.000000 27.651209 -2.919482 -11.823543 -6.990787 -0.083674 1.369797 0.000000 0.000000 0.000000 -1.342644 0.882006 23.398156 0.000000 0.000000 0.000000 3.250231 -2.925430 -5.255183 75.841570 -20.137229 -25.678817 -2.107228 -0.569529 30.245378 0.000000 0.000000 0.000000 -22.462705 3.055934 -15.301443 6.919251 -0.102285 -1.691787 0.000000 0.000000 0.000000 6.401595 2.249244 -51.314145 0.000000 0.000000 0.000000
-0.042387 0.944738 1.454224 0.000000 0.000000 0.000000 -5.848213 -3.487567 -5.700702 -4.241309 -28.311405 -11.707066 -26.292733 46.751452 31.525514 2.370490 -11.614687 5.606036 -0.052071 -4.489189 -1.328439 0.000000 0.000000 0.000000 -7.502315 -1.943907 -2.109237 25.980744 -27.935729 18.344667 22.267215 45.437601 -28.385903 -3.732685 -12.227245 -9.796639 0.499484 12.481388 -4.565226 0.000000 0.000000 0.000000 -3.037730 19.209826 -0.044478 4.128239 2.760364 -0.089899 0.000000 0.000000 0.000000 -4.375518 -19.428170 -0.943689 4.754560 -0.595881 0.395603 3.331625 0.866119 0.074154 0.000000 0.000000 0.000000 1.324042 -0.390664 1.488243 -74.279825 -16.572688 21.769443 2.830732 -0.926559 -36.242609 0.000000 0.000000 0.000000 27.629382 -2.578438 -10.458544 -7.076420 -0.051153 0.827280 0.000000 0.000000 0.000000 -0.753175 0.502158 22.615964 0.000000 0.000000 0.000000 3.550567 -2.808337 -4.894160 79.543231 -16.477876 -19.737360 -4.595853 -1.215962 29.625141 0.000000 0.000000 0.000000 -21.934626 3.185739 -16.332019 7.036254 -0.068523 -1.114518 0.000000 0.000000 0.000000 5.958103 2.166636 -50.061680 0.000000 0.000000 0.000000
-0.047064 0.901979 1.472884 0.000000 0.000000 0.000000 -5.674435 -3.187885 -5.364123 -2.726550 -34.506124 -13.852727 -42.071272 53.570773 47.439594 1.843431 -14.873896 2.744516 -0.119545 -6.399820 -2.138035 0.000000 0.000000 0.000000 -7.080992 -1.470756 -2.223102 27.794640 -34.494225 23.565264 38.207542 54.765474 -45.662039 -4.333189 -16.301441 -9.787306 0.127707 6.161874 -2.372320 0.000000 0.000000 0.000000 -3.886123 19.359209 0.022688 4.173892 3.393808 -0.130773 0.000000 0.000000 0.000000 -2.844551 -18.290578 -0.762683 3.783008 -1.268572 0.383658 2.743533 0.693646 0.065593 0.000000 0.000000 0.000000 2.033090 -0.542938 2.161242 -77.610032 -10.517144 13.058370 7.033030 -2.047332 -32.425453 0.000000 0.000000 0.000000 29.795891 -2.162851 -8.117127 -7.124473 0.004975 -0.079916 0.000000 0.000000 0.000000 2.265105 -1.543536 21.459460 0.000000 0.000000 0.000000 4.063083 -2.303172 -3.660095 82.716885 -10.836678 -12.299167 -6.436140 -1.448416 25.341080 0.000000 0.000000 0.000000 -22.720769 4.011088 -19.773543 7.108719 -0.029787 -0.479535 0.000000 0.000000 0.000000 3.820758 1.346904 -51.174253 0.000000 0.000000 0.000000
-0.047097 0.879001 1.495747 0.000000 0.000000 0.000000 -4.349660 -4.167181 -5.420073 -1.910439 -34.276955 -13.470610 -52.927431 53.372273 55.758150 2.319316 -19.949413 2.825240 -0.122861 -6.366140 -2.208973 0.000000 0.000000 0.000000 -6.635195 -3.384263 -0.795589 24.428719 -34.328785 22.025841 50.543323 55.267658 -55.715410 -5.568058 -20.940709 -11.270655 0.140017 6.513081 -2.460435 0.000000 0.000000 0.000000 -3.651146 18.566345 -0.010257 3.882496 3.545356 -0.137563 0.000000 0.000000 0.000000 -2.853669 -17.420732 -0.712018 4.102965 0.698770 0.223153 2.823738 1.146558 0.047249 0.000000 0.000000 0.000000 1.988360 -0.689607 2.579054 -80.196970 -5.948026 7.061287 9.221512 -2.779358 -33.483353 0.000000 0.000000 0.000000 30.909672 -1.078458 -3.899341 -7.098924 0.037578 -0.605807 0.000000 0.000000 0.000000 4.318829 -2.814683 23.827809 0.000000 0.000000 0.000000 4.170792 -2.275174 -3.564276 83.657451 -6.543369 -7.309009 -7.296136 -1.688260 26.024661 0.000000 0.000000 0.000000 -22.634226 4.195448 -20.743366 7.096887 -0.039069 -0.630027 0.000000 0.000000 0.000000 4.214941 1.424775 -52.660341 0.000000 0.000000 0.000000
-0.046053 0.872320 1.516501 0.000000 0.000000 0.000000 -4.162736 -4.147296 -5.302590 -0.654757 -32.361218 -12.270448 -55.159972 52.064355 56.250937 2.319196 -24.850425 1.717682 -0.048624 -3.889157 -1.432036 0.000000 0.000000 0.000000 -6.772506 -4.419509 -0.203563 21.991783 -31.563225 19.272755 52.796215 53.736680 -56.024490 -6.191530 -26.341773 -10.697989 0.275302 9.249999 -3.402115 0.000000 0.000000 0.000000 -3.317221 17.756780 -0.046159 3.830981 3.324638 -0.123510 0.000000 0.000000 0.000000 -2.797619 -17.524165 -0.714921 4.322422 2.572451 0.055466 2.827008 1.769843 0.018830 0.000000 0.000000 0.000000 1.622833 -0.839431 2.891445 -80.907855 -3.506993 4.112371 7.763941 -2.942828 -41.467419 0.000000 0.000000 0.000000 28.753674 -1.045168 -4.075898 -7.084869 0.046594 -0.752638 0.000000 0.000000 0.000000 2.810440 -1.853743 23.188952 0.000000 0.000000 0.000000 3.876653 -2.140412 -3.390392 82.797159 -4.589856 -5.205632 -6.074017 -1.855177 33.941117 0.000000 0.000000 0.000000 -21.677303 3.041961 -15.791287 7.046449 -0.064725 -1.051218 0.000000 0.000000 0.000000 6.105929 2.267801 -49.279565 0.000000 0.000000 0.000000
-0.044659 0.876213 1.531630 0.000000 0.000000 0.000000 -4.145166 -3.622226 -4.881682 -0.753822 -31.794660 -12.077508 -54.758842 51.928228 55.773845 2.301167 -25.222838 1.597009 -0.076038 -4.850208 -1.795253 0.000000 0.000000 0.000000 -6.421310 -3.870001 -0.385210 21.327236 -30.567435 18.405884 51.133069 53.501629 -54.417899 -6.419280 -27.597488 -10.775640 0.115672 6.029254 -2.196147 0.000000 0.000000 0.000000 -3.100039 18.072460 -0.055351 3.741466 2.579604 -0.077707 0.000000 0.000000 0.000000 -3.006009 -17.566591 -0.729303 4.844279 2.274115 0.111001 3.011158 1.577095 0.031610 0.000000 0.000000 0.000000 1.430807 -0.999616 3.288899 -81.251741 -2.076738 2.420664 5.195986 -2.566679 -52.552703 0.000000 0.000000 0.000000 26.983756 -2.933219 -12.181942 -7.124843 0.001597 -0.025645 0.000000 0.000000 0.000000 -0.255286 0.186495 17.701098 0.000000 0.000000 0.000000 3.865926 -2.133122 -3.379085 81.304247 -2.902965 -3.380461 -4.719900 -1.937921 44.625726 0.000000 0.000000 0.000000 -21.153544 2.634725 -14.041939 6.997389 -0.081689 -1.336048 0.000000 0.000000 0.000000 7.149601 2.702778 -48.625791 0.000000 0.000000 0.000000
-0.044557 0.888732 1.542337 0.000000 0.000000 0.000000 -4.314530 -3.495955 -4.873508 -1.005869 -30.625255 -11.692033 -51.732360 51.990908 53.368709 2.135615 -22.939860 1.634411 -0.153404 -6.972917 -2.517500 0.000000 0.000000 0.000000 -6.466881 -3.579945 -0.591789 22.022841 -29.352913 17.894400 47.103134 53.904411 -51.597844 -5.933091 -25.928930 -10.226239 0.114461 5.966734 -2.195984 0.000000 0.000000 0.000000 -3.261143 18.245556 -0.042252 3.753830 2.675069 -0.083511 0.000000 0.000000 0.000000 -2.772734 -17.971012 -0.739490 5.116951 1.356474 0.220386 3.078606 1.365049 0.043226 0.000000 0.000000 0.000000 1.532276 -0.865971 2.936992 -81.856206 -0.588993 0.679276 4.263033 -2.617515 -63.085406 0.000000 0.000000 0.000000 25.719737 -3.950814 -17.182763 -7.101189 -0.035915 0.578817 0.000000 0.000000 0.000000 -2.170003 1.662346 15.094397 0.000000 0.000000 0.000000 3.903172 -2.250681 -3.608891 80.660937 -0.330519 -0.389314 -5.504352 -2.774142 53.468919 0.000000 0.000000 0.000000 -21.561516 2.559369 -13.382269 7.029501 -0.071045 -1.156643 0.000000 0.000000 0.000000 6.405473 2.504672 -47.321255 0.000000 0.000000 0.000000
-0.043715 0.906574 1.552136 0.000000 0.000000 0.000000 -4.357069 -3.333077 -4.767900 -2.297948 -28.509690 -11.226260 -45.663148 51.647156 48.323581 2.333161 -21.688975 2.442515 -0.213962 -8.280085 -2.955298 0.000000 0.000000 0.000000 -6.446286 -3.531438 -0.613083 22.773692 -26.998073 16.664387 39.658530 53.582544 -45.675989 -5.620721 -24.256483 -10.075900 0.026471 2.800336 -1.082965 0.000000 0.000000 0.000000 -3.215812 18.295426 -0.044538 3.844638 2.634603 -0.081255 0.000000 0.000000 0.000000 -2.654122 -18.099744 -0.739628 4.836461 1.189309 0.220819 2.967469 1.336340 0.041975 0.000000 0.000000 0.000000 1.595057 -0.845408 2.899138 -82.157555 0.742333 -0.851585 2.497595 -1.792977 -71.343564 0.000000 0.000000 0.000000 27.864158 -4.224914 -16.914976 -7.089732 -0.043553 0.703035 0.000000 0.000000 0.000000 -0.679953 0.515264 15.691013 0.000000 0.000000 0.000000 3.960121 -2.273941 -3.636596 79.714124 2.236271 2.678479 -7.296798 -4.234447 60.209894 0.000000 0.000000 0.000000 -22.460874 3.179089 -15.911974 7.083432 -0.047328 -0.764664 0.000000 0.000000 0.000000 4.744702 1.803861 -48.386583 0.000000 0.000000 0.000000
-0.042259 0.927634 1.561980 0.000000 0.000000 0.000000 -4.307859 -2.789391 -4.311621 -4.161292 -26.087921 -10.738103 -37.548080 50.561358 41.550972 2.277891 -20.534949 2.564120 -0.173496 -7.510690 -2.642786 0.000000 0.000000 0.000000 -6.162338 -3.312986 -0.619701 22.926129 -23.947631 14.788366 30.544585 51.617019 -37.767389 -5.025108 -22.760547 -9.111299 0.077747 4.853243 -1.834466 0.000000 0.000000 0.000000 -2.800591 18.312236 -0.072208 3.732390 2.327113 -0.062444 0.000000 0.000000 0.000000 -2.708559 -18.212075 -0.749482 4.574427 1.798662 0.144506 2.820740 1.567505 0.027949 0.000000 0.000000 0.000000 1.305863 -0.895983 2.944750 -81.925688 1.756527 -2.023250 1.090741 -0.876542 -77.571553 0.000000 0.000000 0.000000 26.601571 -4.250052 -17.840576 -7.073373 -0.052647 0.851800 0.000000 0.000000 0.000000 -1.819779 1.385212 15.445329 0.000000 0.000000 0.000000 3.691476 -2.225550 -3.632464 78.973889 4.826468 5.856056 -9.721841 -6.149724 64.557599 0.000000 0.000000 0.000000 -23.084719 4.141207 -20.078724 7.118851 -0.018276 -0.293807 0.000000 0.000000 0.000000 3.022768 1.075133 -50.848593 0.000000 0.000000 0.000000
-0.041701 0.946609 1.570208 0.000000 0.000000 0.000000 -4.120502 -2.553678 -4.026037 -5.707542 -23.303069 -9.934151 -29.924434 48.481398 34.952317 2.272882 -18.965087 2.943845 -0.180143 -7.711105 -2.672502 0.000000 0.000000 0.000000 -5.836871 -3.112670 -0.596212 23.176340 -20.961375 12.979473 22.662223 48.811365 -30.881989 -4.786150 -21.224131 -9.054385 0.035088 3.176631 -1.265355 0.000000 0.000000 0.000000 -2.758427 18.559239 -0.072436 3.781890 2.061392 -0.046258 0.000000 0.000000 0.000000 -3.019758 -18.377223 -0.779107 4.521301 2.275541 0.094431 2.898177 1.714064 0.022828 0.000000 0.000000 0.000000 1.457954 -0.935566 3.112904 -81.143503 3.792175 -4.428236 0.619071 -0.527649 -80.883262 0.000000 0.000000 0.000000 24.489567 -4.431489 -20.216950 -7.040234 -0.067041 1.089794 0.000000 0.000000 0.000000 -3.693513 2.875468 14.204760 0.000000 0.000000 0.000000 3.921449 -2.263487 -3.628818 77.871219 7.036331 8.703328 -12.107047 -8.167744 67.901273 0.000000 0.000000 0.000000 -22.600017 4.028367 -19.963838 7.124949 0.001826 0.029327 0.000000 0.000000 0.000000 2.803497 1.032199 -49.580766 0.000000 0.000000 0.000000
-0.040876 0.963792 1.576986 0.000000 0.000000 0.000000 -3.995280 -1.765955 -3.335607 -6.866892 -21.584665 -9.446261 -24.140678 46.022008 29.803098 2.033029 -17.096934 2.724677 -0.213519 -8.422619 -2.899121 0.000000 0.000000 0.000000 -5.302099 -2.561481 -0.705194 23.091477 -18.908716 11.674003 16.691517 45.919103 -25.747063 -4.279833 -19.360658 -8.373041 0.036461 3.212862 -1.300024 0.000000 0.000000 0.000000 -2.587147 18.907052 -0.081210 3.716301 1.843261 -0.033310 0.000000 0.000000 0.000000 -2.887286 -18.469241 -0.776015 4.167725 2.426913 0.061957 2.742051 1.810876 0.015298 0.000000 0.000000 0.000000 1.468022 -0.984841 3.259443 -80.745013 4.756465 -5.593034 0.445802 -0.408901 -85.055726 0.000000 0.000000 0.000000 22.562268 -4.603338 -22.784348 -6.986436 -0.084950 1.391560 0.000000 0.000000 0.000000 -5.425359 4.311231 13.070953 0.000000 0.000000 0.000000 3.912647 -2.166255 -3.431134 76.927704 9.054434 11.383917 -14.647237 -10.401629 70.613564 0.000000 0.000000 0.000000 -22.634321 4.072891 -20.149415 7.120527 0.015685 0.252094 0.000000 0.000000 0.000000 2.233100 0.834739 -49.012312 0.000000 0.000000 0.000000
-0.040114 0.975940 1.582111 0.000000 0.000000 0.000000 -4.467306 -1.089695 -3.036199 -7.013860 -20.261436 -8.887971 -19.931230 43.742414 26.061678 1.826102 -15.736542 2.450697 -0.193447 -8.047296 -2.749585 0.000000 0.000000 0.000000 -5.348751 -1.765323 -1.249890 23.697122 -17.728584 11.067172 12.419066 43.369074 -22.150470 -3.753860 -17.725547 -7.485847 0.046785 3.657646 -1.465179 0.000000 0.000000 0.000000 -2.473373 19.380567 -0.085706 3.807025 1.770675 -0.028447 0.000000 0.000000 0.000000 -2.878225 -19.027824 -0.808592 3.985954 2.727428 0.024641 2.625336 2.093064 0.000613 0.000000 0.000000 0.000000 1.352060 -1.050524 3.407792 -80.143485 5.755883 -6.839802 0.691295 -0.675430 -88.669906 0.000000 0.000000 0.000000 22.673880 -4.472702 -22.044144 -6.965991 -0.090698 1.490067 0.000000 0.000000 0.000000 -5.444527 4.240977 14.183320 0.000000 0.000000 0.000000 3.736763 -1.997230 -3.142617 75.897797 10.758714 13.769888 -17.089624 -12.739852 73.224820 0.000000 0.000000 0.000000 -21.215473 3.887117 -20.540241 7.111929 0.026619 0.428350 0.000000 0.000000 0.000000 3.254994 1.226904 -48.702884 0.000000 0.000000 0.000000
-0.039521 0.984244 1.585536 0.000000 0.000000 0.000000 -4.796604 -0.315812 -2.575819 -7.138804 -19.360001 -8.511463 -17.064673 41.672200 23.381228 1.691717 -15.291350 2.144789 -0.147230 -7.043734 -2.391855 0.000000 0.000000 0.000000 -5.338103 -1.378635 -1.500182 23.869273 -16.540177 10.353159 9.927700 41.079850 -19.788903 -3.526607 -16.782091 -7.169103 0.058909 4.127631 -1.634623 0.000000 0.000000 0.000000 -2.409320 20.159831 -0.084871 3.919702 1.669057 -0.021536 0.000000 0.000000 0.000000 -3.041151 -18.780335 -0.805011 3.964005 2.011867 0.090895 2.626043 1.795553 0.013712 0.000000 0.000000 0.000000 1.285442 -1.110945 3.557972 -79.528697 7.374587 -8.857037 2.808663 -2.847062 -90.778302 0.000000 0.000000 0.000000 22.954862 -4.591881 -22.340123 -6.986811 -0.084833 1.389572 0.000000 0.000000 0.000000 -5.133639 4.050749 13.462956 0.000000 0.000000 0.000000 3.696166 -1.943587 -3.045249 74.733899 12.327463 16.098750 -19.239319 -15.033177 75.801034 0.000000 0.000000 0.000000 -20.583815 3.880980 -21.137929 7.103342 0.034120 0.549724 0.000000 0.000000 0.000000 3.579829 1.344290 -48.846413 0.000000 0.000000 0.000000
-0.037693 0.986461 1.588323 0.000000 0.000000 0.000000 -4.556586 0.244822 -1.998595 -7.983206 -18.576903 -8.326219 -15.125804 40.075132 21.556483 1.619149 -16.256610 1.669833 -0.071408 -4.930799 -1.658371 0.000000 0.000000 0.000000 -4.758995 -0.802311 -1.622131 23.043506 -16.262397 10.016017 9.161661 39.907841 -18.858663 -3.472460 -16.675820 -7.046843 0.009905 1.538097 -0.737882 0.000000 0.000000 0.000000 -2.058666 20.903256 -0.111286 3.826156 1.731822 -0.025966 0.000000 0.000000 0.000000 -3.347288 -18.783059 -0.826095 3.969388 1.670699 0.123249 2.639242 1.734775 0.016651 0.000000 0.000000 0.000000 1.229781 -1.225870 3.868439 -79.320899 8.552179 -10.306940 4.455688 -4.662120 -92.596714 0.000000 0.000000 0.000000 23.963451 -4.901507 -22.804211 -7.007989 -0.078309 1.278823 0.000000 0.000000 0.000000 -4.270568 3.429316 12.479471 0.000000 0.000000 0.000000 3.616619 -1.753882 -2.677597 73.230483 13.976472 18.733999 -21.993648 -17.632054 77.188754 0.000000 0.000000 0.000000 -20.049040 3.885951 -21.727560 7.085369 0.046315 0.748081 0.000000 0.000000 0.000000 3.592693 1.352694 -48.746653 0.000000 0.000000 0.000000
-0.036762 0.985590 1.588462 0.000000 0.000000 0.000000 -4.709762 0.871815 -1.559999 -8.254593 -18.290270 -8.248100 -13.640855 39.035233 20.320422 1.556909 -18.401752 0.985122 -0.077602 -5.075425 -1.750784 0.000000 0.000000 0.000000 -4.528238 -0.087148 -2.000406 22.901075 -17.053305 10.478415 9.256817 40.109264 -19.001075 -3.445743 -17.339214 -6.722937 0.000387 0.176704 -0.250653 0.000000 0.000000 0.000000 -2.108686 22.456279 -0.099467 3.780532 1.605045 -0.018524 0.000000 0.000000 0.000000 -2.805243 -19.041726 -0.804260 3.772897 1.038808 0.170489 2.439869 1.508164 0.022232 0.000000 0.000000 0.000000 1.166783 -1.370305 4.259607 -78.194041 10.148217 -12.471976 6.984703 -7.485647 -93.975953 0.000000 0.000000 0.000000 26.433218 -4.846926 -20.431096 -7.056127 -0.060565 0.982315 0.000000 0.000000 0.000000 -2.134354 1.685306 13.412515 0.000000 0.000000 0.000000 3.691151 -1.721467 -2.585030 71.867336 15.799647 21.676278 -24.822079 -20.375470 78.470559 0.000000 0.000000 0.000000 -20.337596 3.985119 -21.954121 7.057869 0.059857 0.970588 0.000000 0.000000 0.000000 2.681948 1.021918 -48.288712 0.000000 0.000000 0.000000
-0.035875 0.979828 1.586114 0.000000 0.000000 0.000000 -4.793786 1.643983 -0.962706 -8.406590 -19.085622 -8.642526 -13.581712 39.001438 20.276313 1.431618 -21.211153 0.067633 -0.107164 -5.862576 -2.092601 0.000000 0.000000 0.000000 -4.031471 1.199776 -2.661165 22.822145 -19.448856 11.948661 10.358400 41.990549 -20.454359 -3.383418 -18.948810 -5.985527 -0.000138 -0.209930 -0.075257 0.000000 0.000000 0.000000 -2.063940 24.287754 -0.096316 3.699810 1.636602 -0.020974 0.000000 0.000000 0.000000 -2.917169 -19.502534 -0.839769 4.065080 0.240062 0.264122 2.533361 1.329316 0.032020 0.000000 0.000000 0.000000 1.197446 -1.466852 4.548641 -77.448985 11.786114 -14.669974 10.064721 -10.948921 -94.845908 0.000000 0.000000 0.000000 27.902760 -4.638442 -18.518550 -7.100532 -0.036524 0.588674 0.000000 0.000000 0.000000 -0.595128 0.467934 13.646042 0.000000 0.000000 0.000000 3.768564 -1.644780 -2.399783 69.924089 17.679484 25.078872 -28.460039 -23.541211 78.818627 0.000000 0.000000 0.000000 -19.494180 3.938467 -22.637386 7.020037 0.074421 1.213238 0.000000 0.000000 0.000000 2.841054 1.086569 -48.147715 0.000000 0.000000 0.000000
-0.034289 0.971048 1.582563 0.000000 0.000000 0.000000 -5.077577 2.808397 -0.123747 -8.560343 -21.502048 -9.791154 -14.545046 40.800572 21.706904 1.716498 -23.947074 0.338003 -0.428900 -11.509825 -4.253816 0.000000 0.000000 0.000000 -3.701285 2.227114 -3.232477 22.931258 -21.903391 13.507102 12.116282 44.109679 -22.411464 -3.814023 -20.161433 -6.787284 0.043734 -3.977031 1.259559 0.000000 0.000000 0.000000 -1.877422 26.703243 -0.112975 3.700688 1.465925 -0.010715 0.000000 0.000000 0.000000 -3.114746 -19.866377 -0.877075 4.218988 -1.062891 0.399642 2.572771 0.867479 0.053040 0.000000 0.000000 0.000000 0.999020 -1.656100 5.011056 -76.741140 13.208731 -16.639212 12.801499 -14.065149 -95.435222 0.000000 0.000000 0.000000 29.863405 -4.378013 -16.314090 -7.123284 -0.009645 0.154952 0.000000 0.000000 0.000000 1.436083 -1.121133 14.043682 0.000000 0.000000 0.000000 3.759758 -1.617227 -2.345417 67.838223 19.302813 28.384421 -32.039197 -26.643063 79.025416 0.000000 0.000000 0.000000 -18.921069 3.860055 -22.865185 6.970721 0.089409 1.467894 0.000000 0.000000 0.000000 2.673856 1.038413 -47.557829 0.000000 0.000000 0.000000
-0.032800 0.959744 1.578645 0.000000 0.000000 0.000000 -4.513797 3.848934 1.010235 -9.555287 -25.120139 -11.743331 -17.923258 43.865598 25.125833 1.490005 -25.351592 -0.477230 -0.309667 -9.744717 -3.631491 0.000000 0.000000 0.000000 -2.528300 3.346751 -3.534465 22.203723 -24.680764 15.037151 14.146647 46.758161 -24.920618 -4.389624 -22.713525 -7.472989 0.145358 -6.956692 2.391062 0.000000 0.000000 0.000000 -1.675964 28.746765 -0.140937 3.366063 1.840331 -0.034816 0.000000 0.000000 0.000000 -2.944324 -20.446706 -0.898778 4.471655 -2.156141 0.527004 2.604252 0.667012 0.062685 0.000000 0.000000 0.000000 1.081507 -1.736555 5.274300 -76.130332 14.411415 -18.341963 15.522976 -17.370020 -96.516575 0.000000 0.000000 0.000000 32.452887 -4.010972 -13.721777 -7.120010 0.016630 -0.267297 0.000000 0.000000 0.000000 4.039843 -3.105538 14.908449 0.000000 0.000000 0.000000 3.789445 -1.450173 -1.988409 66.113623 20.775638 31.461647 -36.109404 -29.985532 78.811447 0.000000 0.000000 0.000000 -18.326842 3.813944 -23.324810 6.920600 0.101989 1.686568 0.000000 0.000000 0.000000 2.598641 1.015340 -47.322515 0.000000 0.000000 0.000000
-0.032094 0.945819 1.573628 0.000000 0.000000 0.000000 -5.283097 5.237739 1.854800 -9.114764 -29.326355 -13.635968 -22.039360 47.216343 29.450469 1.134760 -27.274768 -1.630697 -0.343125 -10.174112 -3.853028 0.000000 0.000000 0.000000 -2.617026 4.469485 -4.380009 23.564542 -27.840265 17.460958 17.293065 50.080644 -28.632519 -4.893319 -24.698605 -8.095996 0.199879 -8.019994 2.850668 0.000000 0.000000 0.000000 -1.748373 31.441380 -0.125216 3.541666 2.160281 -0.052753 0.000000 0.000000 0.000000 -2.782789 -21.533863 -0.949560 4.149336 -3.506702 0.626486 2.413999 0.425804 0.067229 0.000000 0.000000 0.000000 0.987361 -1.903436 5.710817 -75.485006 15.840512 -20.377633 18.534702 -20.871014 -96.920844 0.000000 0.000000 0.000000 34.635320 -3.535496 -11.305632 -7.089511 0.043735 -0.706007 0.000000 0.000000 0.000000 6.460300 -4.901339 15.650670 0.000000 0.000000 0.000000 3.714021 -1.263422 -1.623527 63.636427 22.037477 34.846634 -40.333423 -33.352529 78.404817 0.000000 0.000000 0.000000 -17.941664 3.809975 -23.795611 6.860818 0.114699 1.913273 0.000000 0.000000 0.000000 2.259943 0.887866 -47.107430 0.000000 0.000000 0.000000
-0.031320 0.931685 1.569140 0.000000 0.000000 0.000000 -5.331139 6.318812 2.772738 -10.090564 -32.862376 -15.692057 -25.792034 50.174945 33.695245 1.359635 -29.126185 -1.330874 -0.543474 -12.674969 -4.890442 0.000000 0.000000 0.000000 -1.980125 5.946488 -5.210498 24.222722 -31.630906 20.160175 21.782962 53.299387 -33.424630 -5.330648 -26.633782 -8.526205 0.260622 -9.007920 3.307676 0.000000 0.000000 0.000000 -1.655864 34.661137 -0.141337 3.301001 2.268795 -0.059376 0.000000 0.000000 0.000000 -2.982373 -23.582019 -1.094240 5.096699 -3.992997 0.772891 2.707691 0.557144 0.070640 0.000000 0.000000 0.000000 0.811389 -2.063340 6.089378 -74.589638 17.313360 -22.607890 21.476793 -24.285590 -97.213604 0.000000 0.000000 0.000000 37.048021 -3.079138 -9.172346 -7.055171 0.061076 -0.990725 0.000000 0.000000 0.000000 8.915832 -6.639362 16.701467 0.000000 0.000000 0.000000 3.712377 -1.262437 -1.621990 61.815661 23.072174 37.652013 -44.146486 -36.495657 78.226585 0.000000 0.000000 0.000000 -17.423485 3.727357 -23.977458 6.809747 0.124147 2.086411 0.000000 0.000000 0.000000 2.219797 0.879838 -46.761408 0.000000 0.000000 0.000000
-0.030959 0.917292 1.565185 0.000000 0.000000 0.000000 -5.427700 7.729653 3.973561 -11.558532 -36.669224 -18.186316 -29.880926 52.934276 38.359313 1.762758 -30.766448 -0.619363 -0.807633 -15.278692 -6.015950 0.000000 0.000000 0.000000 -1.408864 7.021616 -5.796430 25.164634 -34.770157 22.630483 26.374004 56.102075 -38.428583 -6.762662 -27.898457 -11.466565 0.757099 -15.125268 5.697941 0.000000 0.000000 0.000000 -1.647808 38.373483 -0.141546 3.110396 2.322982 -0.062553 0.000000 0.000000 0.000000 -2.686169 -24.998055 -1.144706 5.064509 -5.673682 0.942470 2.607892 0.086344 0.088212 0.000000 0.000000 0.000000 0.560661 -2.294550 6.631044 -73.539074 18.871926 -25.077285 24.037665 -27.377175 -97.686064 0.000000 0.000000 0.000000 37.729867 -2.335924 -6.829177 -6.999860 0.080867 -1.322138 0.000000 0.000000 0.000000 10.284854 -7.483483 17.988174 0.000000 0.000000 0.000000 3.741625 -1.287423 -1.664873 59.849608 23.803199 40.221401 -47.606259 -39.479546 78.254499 0.000000 0.000000 0.000000 -17.259484 3.637262 -23.633302 6.767511 0.131186 2.218453 0.000000 0.000000 0.000000 1.966082 0.793605 -46.040557 0.000000 0.000000 0.000000
-0.031049 0.903239 1.562782 0.000000 0.000000 0.000000 -5.455452 9.394888 5.449829 -13.516983 -40.600477 -21.130993 -34.346321 55.231756 43.276341 1.468532 -31.682214 -1.402166 -0.826587 -15.405272 -6.105771 0.000000 0.000000 0.000000 -0.590565 8.556517 -6.669137 26.731796 -38.152743 25.658402 30.583102 58.892000 -43.561746 -7.330724 -28.994588 -12.357142 0.911443 -16.430335 6.306895 0.000000 0.000000 0.000000 -1.962817 41.789653 -0.046300 2.984601 2.424161 -0.068073 0.000000 0.000000 0.000000 -2.447545 -25.776880 -1.159235 5.464204 -7.857755 1.222938 2.715744 -0.568145 0.121195 0.000000 0.000000 0.000000 0.705635 -2.476954 7.208997 -73.210296 20.143110 -26.895434 26.364734 -30.082050 -97.846839 0.000000 0.000000 0.000000 38.209836 -2.354794 -6.791348 -6.923078 0.101389 -1.676034 0.000000 0.000000 0.000000 11.173020 -8.310987 16.790923 0.000000 0.000000 0.000000 4.007374 -1.183987 -1.367346 57.999700 24.164473 42.230303 -51.203368 -42.007672 77.409414 0.000000 0.000000 0.000000 -16.456002 3.586612 -24.434414 6.714144 0.139250 2.373547 0.000000 0.000000 0.000000 2.218532 0.888414 -46.356770 0.000000 0.000000 0.000000
-0.031592 0.892120 1.564738 0.000000 0.000000 0.000000 -5.943569 10.982931 6.717020 -15.060510 -43.615640 -23.561793 -37.477813 57.147740 47.204428 1.428453 -32.786847 -1.622364 -0.946332 -16.381357 -6.567614 0.000000 0.000000 0.000000 -0.318573 9.873098 -7.602546 29.126455 -40.309914 28.380036 33.254165 61.262867 -47.517803 -7.734821 -30.146627 -12.823025 1.160202 -18.306030 7.191500 0.000000 0.000000 0.000000 -2.176222 44.501641 0.033905 2.846439 2.637866 -0.079277 0.000000 0.000000 0.000000 -2.059723 -25.539899 -1.094622 5.851580 -10.502446 1.567266 2.695676 -1.463948 0.160258 0.000000 0.000000 0.000000 0.513753 -2.669537 7.659532 -72.058289 21.096569 -28.721177 27.780474 -31.588340 -97.676288 0.000000 0.000000 0.000000 39.026472 -2.404502 -6.778202 -6.893109 0.108071 -1.794266 0.000000 0.000000 0.000000 11.949388 -8.961999 16.348019 0.000000 0.000000 0.000000 3.795331 -0.952674 -0.950815 56.866415 24.167025 43.146260 -54.831366 -43.995518 75.825483 0.000000 0.000000 0.000000 -15.942031 3.309137 -23.312033 6.641779 0.149027 2.567871 0.000000 0.000000 0.000000 2.112538 0.881897 -44.686778 0.000000 0.000000 0.000000
-0.032450 0.883059 1.571464 0.000000 0.000000 0.000000 -6.036274 12.065477 7.688285 -16.385195 -45.374293 -25.260885 -40.447298 58.397409 50.596595 1.386872 -34.158031 -1.866672 -0.962063 -16.414525 -6.662904 0.000000 0.000000 0.000000 0.123405 10.848547 -8.227837 30.666826 -41.554929 30.109379 35.065864 63.032307 -50.448063 -8.208485 -30.781100 -13.622099 1.331224 -19.468715 7.748477 0.000000 0.000000 0.000000 -2.630116 46.764063 0.207859 3.041962 2.419759 -0.067851 0.000000 0.000000 0.000000 -1.847374 -24.700345 -1.023403 5.915209 -13.241141 1.879942 2.710283 -2.496811 0.207047 0.000000 0.000000 0.000000 0.803459 -2.747591 8.016662 -71.736060 21.984657 -30.074847 29.252333 -32.725896 -96.737610 0.000000 0.000000 0.000000 38.818733 -2.132075 -6.046278 -6.882835 0.110225 -1.832767 0.000000 0.000000 0.000000 12.012204 -8.899635 17.022682 0.000000 0.000000 0.000000 4.007516 -0.768382 -0.505143 56.385883 23.672434 42.707347 -55.769035 -44.764407 75.785562 0.000000 0.000000 0.000000 -15.486816 3.166435 -22.979434 6.622656 0.151395 2.616206 0.000000 0.000000 0.000000 2.408562 1.017565 -44.198989 0.000000 0.000000 0.000000
-0.033669 0.879172 1.585202 0.000000 0.000000 0.000000 -6.497582 12.570449 8.006192 -15.523639 -45.659728 -24.989262 -42.243883 58.786132 52.374803 1.316119 -35.113571 -2.118221 -0.928184 -16.061033 -6.571878 0.000000 0.000000 0.000000 -0.162574 10.974264 -8.423432 31.481332 -40.809780 29.973899 34.684885 63.923737 -50.913505 -8.652089 -30.851900 -14.564922 1.478015 -20.461944 8.175614 0.000000 0.000000 0.000000 -2.771707 47.737402 0.270407 3.024712 2.610390 -0.078177 0.000000 0.000000 0.000000 -1.907545 -24.799387 -1.035986 6.428040 -14.350482 2.103442 2.848942 -2.881615 0.232596 0.000000 0.000000 0.000000 0.570186 -2.869135 8.244313 -71.010006 22.042989 -30.540025 28.309497 -31.983989 -97.305386 0.000000 0.000000 0.000000 38.563115 -2.296467 -6.558163 -6.905673 0.105361 -1.746085 0.000000 0.000000 0.000000 11.584785 -8.619857 16.780306 0.000000 0.000000 0.000000 3.749095 -0.626789 -0.284130 57.376544 23.060885 40.891427 -53.335364 -44.442901 78.250685 0.000000 0.000000 0.000000 -17.662237 3.465364 -22.035859 6.669499 0.145420 2.495314 0.000000 0.000000 0.000000 0.721304 0.308264 -43.719631 0.000000 0.000000 0.000000
-0.035437 0.882043 1.608152 0.000000 0.000000 0.000000 -6.442897 12.384149 7.848899 -14.086662 -43.548773 -23.050587 -40.604512 58.425029 50.744964 1.612966 -36.166958 -1.611637 -1.091934 -17.274471 -7.179287 0.000000 0.000000 0.000000 -0.182424 10.888199 -8.361334 30.892516 -38.841064 28.178019 31.469823 64.186204 -48.571634 -8.149609 -31.754574 -13.117441 1.142335 -17.950301 7.223380 0.000000 0.000000 0.000000 -3.239147 46.957961 0.425702 3.106351 2.661697 -0.081152 0.000000 0.000000 0.000000 -1.516805 -24.976655 -0.995956 6.693935 -14.250460 2.144047 2.921467 -2.765161 0.231572 0.000000 0.000000 0.000000 0.956882 -2.716038 8.001937 -71.592427 20.606497 -28.298031 24.646863 -29.319183 -100.267243 0.000000 0.000000 0.000000 38.305530 -3.392479 -9.747072 -6.965502 0.090806 -1.491948 0.000000 0.000000 0.000000 10.399366 -8.097749 14.246048 0.000000 0.000000 0.000000 4.059653 -0.693496 -0.334783 60.184455 21.177992 35.759388 -43.712697 -41.356586 86.516133 0.000000 0.000000 0.000000 -18.412155 3.606198 -21.983994 6.836301 0.119341 1.997845 0.000000 0.000000 0.000000 1.602752 0.662312 -45.097976 0.000000 0.000000 0.000000
-0.036887 0.892971 1.640889 0.000000 0.000000 0.000000 -6.571460 12.352365 7.775375 -12.614848 -39.992575 -20.397696 -35.040869 57.438341 45.637210 1.141490 -35.986033 -2.569064 -1.050435 -17.005989 -7.017521 0.000000 0.000000 0.000000 -0.333747 10.832152 -8.366933 29.371012 -35.456296 24.950186 25.008141 62.826182 -42.525049 -7.676642 -31.660016 -12.129499 1.088695 -17.546815 7.045517 0.000000 0.000000 0.000000 -3.179700 44.804940 0.367141 3.050483 2.384918 -0.065958 0.000000 0.000000 0.000000 -1.785439 -25.036621 -1.032879 7.063622 -13.822059 2.164876 3.153469 -2.657646 0.240153 0.000000 0.000000 0.000000 1.043535 -2.566438 7.619902 -73.798127 17.326129 -22.942941 18.182791 -23.803191 -105.585216 0.000000 0.000000 0.000000 34.771784 -4.881273 -15.503751 -7.085056 0.046507 -0.751214 0.000000 0.000000 0.000000 6.065158 -4.991960 11.104412 0.000000 0.000000 0.000000 4.177440 -0.888784 -0.705365 64.504459 18.057289 28.268124 -30.395412 -34.072204 96.883964 0.000000 0.000000 0.000000 -20.242639 3.476686 -19.297492 7.043581 0.065677 1.067112 0.000000 0.000000 0.000000 2.623841 1.077747 -45.344865 0.000000 0.000000 0.000000
-0.039189 0.917008 1.684372 0.000000 0.000000 0.000000 -6.047419 10.959246 6.658073 -9.909933 -31.942075 -15.172327 -25.817698 52.739791 35.574904 0.480785 -34.975764 -3.867303 -0.715712 -14.201654 -5.740673 0.000000 0.000000 0.000000 -0.513153 9.496298 -7.373977 25.359128 -29.006992 18.843723 17.373024 57.732614 -33.570722 -6.120999 -31.946683 -8.657063 0.612251 -13.198877 5.288275 0.000000 0.000000 0.000000 -3.628797 41.108308 0.434837 3.112360 1.814696 -0.034627 0.000000 0.000000 0.000000 -1.198622 -25.582974 -0.983415 7.001718 -12.262378 1.965828 3.148259 -2.018538 0.208892 0.000000 0.000000 0.000000 1.526565 -2.321942 7.148872 -77.017995 11.854701 -14.867979 10.494713 -14.643139 -108.886188 0.000000 0.000000 0.000000 28.037535 -6.149788 -24.284550 -7.109865 -0.028531 0.459245 0.000000 0.000000 0.000000 -0.601355 0.528424 7.387115 0.000000 0.000000 0.000000 4.627463 -1.112545 -1.033014 69.318996 12.793653 18.421245 -16.190186 -20.571338 103.823022 0.000000 0.000000 0.000000 -23.441508 3.019551 -14.480113 7.113330 -0.025396 -0.408589 0.000000 0.000000 0.000000 3.067930 1.247637 -45.747704 0.000000 0.000000 0.000000
-0.038975 0.952667 1.742326 0.000000 0.000000 0.000000 -5.134437 8.021098 4.348278 -7.830624 -18.927471 -8.455345 -16.109732 43.091360 23.765750 0.293205 -30.843506 -3.970744 -0.471213 -11.768977 -4.569540 0.000000 0.000000 0.000000 -1.048328 6.931939 -5.592489 20.434632 -18.396885 10.775817 11.133281 47.566946 -23.811367 -4.806221 -29.793384 -6.354733 0.317954 -9.677402 3.754650 0.000000 0.000000 0.000000 -3.311914 35.019509 0.235319 3.176720 1.291464 -0.005272 0.000000 0.000000 0.000000 -1.331039 -26.234043 -1.031395 6.608007 -7.543507 1.346360 3.182598 -0.302856 0.127058 0.000000 0.000000 0.000000 1.829871 -1.740166 5.598802 -80.219973 4.245907 -5.039450 1.968111 -2.623670 -106.254395 0.000000 0.000000 0.000000 23.431540 -6.304388 -29.744755 -6.952565 -0.094178 1.550227 0.000000 0.000000 0.000000 -4.821440 4.274480 6.889576 0.000000 0.000000 0.000000 4.821847 -1.728760 -2.228572 73.124200 5.916329 7.971575 -2.993773 -3.579499 100.189552 0.000000 0.000000 0.000000 -26.090499 1.594696 -6.874770 6.828204 -0.120845 -2.025415 0.000000 0.000000 0.000000 3.127587 1.309433 -44.572983 0.000000 0.000000 0.000000
-0.039857 0.992943 1.805256 0.000000 0.000000 0.000000 -4.337008 5.212195 2.241675 -7.992552 -6.321116 -2.816139 -8.498298 32.100604 14.767879 0.136768 -19.607500 -3.346122 -0.571546 -13.308958 -4.895985 0.000000 0.000000 0.000000 -1.482707 5.173344 -4.442259 18.593077 -8.430515 4.736166 5.552820 36.995449 -15.992087 -3.340996 -20.025016 -5.520270 0.664712 -14.648273 5.168154 0.000000 0.000000 0.000000 -3.174763 26.847727 0.078158 3.307367 0.234485 0.055814 0.000000 0.000000 0.000000 -1.650132 -24.054756 -0.967096 6.037982 -1.417134 0.585154 3.224122 1.596754 0.035229 0.000000 0.000000 0.000000 2.374607 -1.260398 4.412157 -80.506010 -3.750206 4.428827 -7.780140 8.451142 -94.750344 0.000000 0.000000 0.000000 20.723803 -5.690432 -30.412133 -6.866238 -0.113641 1.894130 0.000000 0.000000 0.000000 -7.008484 6.097769 7.967066 0.000000 0.000000 0.000000 4.923777 -1.866491 -2.474737 74.371674 -1.683966 -2.219565 8.654907 8.130355 86.407283 0.000000 0.000000 0.000000 -28.885311 0.349941 -1.358672 6.299387 -0.182525 -3.316020 0.000000 0.000000 0.000000 1.310275 0.546037 -44.755091 0.000000 0.000000 0.000000
-0.036468 1.048928 1.869384 0.000000 0.000000 0.000000 -3.597002 3.624784 1.232718 -10.172470 1.410857 0.660506 -2.720646 23.560395 9.325827 0.281760 0.849740 1.891497 -1.075546 -18.225219 -6.697964 0.000000 0.000000 0.000000 -1.478257 4.025480 -3.593158 17.991001 -2.403879 1.332379 1.362151 29.630191 -11.403480 -1.470262 -1.041826 -6.940556 0.423404 -12.390684 3.898969 0.000000 0.000000 0.000000 -1.878596 18.537147 -0.133632 3.262091 -0.711611 0.108118 0.000000 0.000000 0.000000 -2.957200 -20.288776 -0.890288 5.808986 3.483135 0.026701 3.063405 2.684245 -0.020214 0.000000 0.000000 0.000000 2.212122 -0.639670 2.508327 -78.887279 -11.059265 13.423041 -15.932728 13.592402 -80.835777 0.000000 0.000000 0.000000 14.959889 -3.809756 -28.429159 -6.603398 -0.153701 2.663813 0.000000 0.000000 0.000000 -12.065404 9.488806 13.712433 0.000000 0.000000 0.000000 4.020017 -1.848567 -2.737997 73.353991 -8.096530 -10.856959 16.732574 11.793289 70.158819 0.000000 0.000000 0.000000 -28.806768 -0.053231 0.207268 5.498727 -0.217031 -4.517040 0.000000 0.000000 0.000000 1.195343 0.446448 -49.040905 0.000000 0.000000 0.000000
-0.036436 1.111280 1.923295 0.000000 0.000000 0.000000 -3.186839 2.794365 0.733642 -11.404990 3.458724 1.665145 -0.937571 20.756964 7.821518 -1.146593 19.249857 12.811133 -0.060043 -5.463381 -1.258372 0.000000 0.000000 0.000000 -1.289721 3.987299 -3.487206 18.198990 -1.829878 1.018535 0.160590 27.192760 -10.105159 -0.699547 13.242390 -20.999465 0.267694 8.799350 -3.478188 0.000000 0.000000 0.000000 -1.599305 13.309527 -0.152675 3.215169 -1.219835 0.135185 0.000000 0.000000 0.000000 -3.425177 -17.601087 -0.755475 5.809037 5.059272 -0.147673 3.191678 3.031155 -0.035687 0.000000 0.000000 0.000000 2.481945 -0.091440 0.959266 -76.611456 -16.093445 20.293806 -20.030008 14.078564 -69.924204 0.000000 0.000000 0.000000 8.421831 -2.348686 -31.116254 -5.957779 -0.202691 3.893529 0.000000 0.000000 0.000000 -17.771861 13.081519 17.490495 0.000000 0.000000 0.000000 3.709286 -1.882842 -2.914494 73.092541 -12.254664 -16.481997 17.848556 9.983420 58.167187 0.000000 0.000000 0.000000 -25.326079 0.339219 -1.509691 4.873363 -0.220790 -5.184951 0.000000 0.000000 0.000000 4.257177 1.368599 -54.370628 0.000000 0.000000 0.000000
-0.038083 1.163530 1.963844 0.000000 0.000000 0.000000 -2.336337 1.759955 0.286432 -12.150475 2.793634 1.367296 -3.261743 23.491085 9.426819 -1.661796 21.898841 12.157201 -0.045228 -4.522676 -1.145308 0.000000 0.000000 0.000000 -0.727868 3.841822 -3.145833 17.856902 -4.376704 2.419723 4.149036 31.423632 -13.016613 -1.548093 12.058547 -26.689335 1.372747 23.190331 -6.683098 0.000000 0.000000 0.000000 -2.111434 11.386297 -0.150127 3.111437 -1.349745 0.139035 0.000000 0.000000 0.000000 -2.160961 -17.619909 -0.683827 5.054948 5.952683 -0.260647 2.874400 3.377195 -0.054475 0.000000 0.000000 0.000000 3.214380 0.074460 0.675855 -75.701471 -18.695974 23.920831 -19.555316 11.772520 -61.780969 0.000000 0.000000 0.000000 5.791009 -1.646121 -31.712508 -5.505109 -0.216935 4.509801 0.000000 0.000000 0.000000 -20.029911 14.027803 20.271749 0.000000 0.000000 0.000000 4.308514 -1.961387 -2.872739 74.844975 -13.771452 -17.936875 13.575929 6.061373 47.959333 0.000000 0.000000 0.000000 -24.716003 -0.103600 0.472849 4.749545 -0.219910 -5.298935 0.000000 0.000000 0.000000 4.606107 1.538156 -53.084180 0.000000 0.000000 0.000000
-0.037366 1.203988 1.997861 0.000000 0.000000 0.000000 -2.304461 -0.183231 -1.238668 -12.156015 2.436928 1.192815 -5.755177 26.726248 11.448079 -1.552089 21.364611 9.890478 -0.201859 -8.323359 -2.773660 0.000000 0.000000 0.000000 -1.579486 2.494200 -2.519030 18.638788 -6.479637 3.641742 8.840029 35.624949 -16.600188 -2.201662 10.559403 -28.292222 2.253256 30.418065 -8.274850 0.000000 0.000000 0.000000 -1.928191 11.389618 -0.150989 3.176595 -1.041164 0.124064 0.000000 0.000000 0.000000 -2.137248 -18.119602 -0.708622 4.661725 5.637986 -0.236160 2.739802 3.164302 -0.045662 0.000000 0.000000 0.000000 2.914590 0.036261 0.703161 -76.241138 -19.799932 25.079044 -16.035393 8.539518 -55.851006 0.000000 0.000000 0.000000 10.320590 -2.586406 -28.069352 -5.775266 -0.209835 4.158147 0.000000 0.000000 0.000000 -16.577256 11.336004 21.468703 0.000000 0.000000 0.000000 4.246150 -2.267198 -3.521283 78.067642 -12.918258 -15.898522 6.185411 2.089164 37.295584 0.000000 0.000000 0.000000 -26.633384 0.719210 -3.037847 5.298816 -0.219911 -4.749658 0.000000 0.000000 0.000000 3.417215 1.128185 -53.467976 0.000000 0.000000 0.000000
-0.036991 1.233298 2.031962 0.000000 0.000000 0.000000 -2.761971 -1.816634 -2.745009 -11.578055 1.739101 0.840352 -7.005936 28.025840 12.388178 -1.779929 22.824080 8.693795 -0.307171 -9.740985 -3.603629 0.000000 0.000000 0.000000 -2.848421 1.201529 -2.148038 20.128111 -7.759539 4.496112 10.717533 36.260955 -17.642841 -2.486152 11.228324 -33.091247 1.921072 29.817879 -7.206549 0.000000 0.000000 0.000000 -1.834373 11.259491 -0.151703 3.454630 -0.228612 0.085395 0.000000 0.000000 0.000000 -2.697129 -18.817836 -0.783685 4.406874 5.471054 -0.225115 2.778445 3.112986 -0.043038 0.000000 0.000000 0.000000 2.670196 0.164494 0.243693 -77.990550 -19.913328 24.466953 -10.589809 4.845859 -49.079581 0.000000 0.000000 0.000000 17.073205 -3.331123 -21.926746 -6.269784 -0.184694 3.371279 0.000000 0.000000 0.000000 -11.230380 7.459874 22.905891 0.000000 0.000000 0.000000 4.027158 -2.532879 -4.145647 81.670667 -11.081333 -12.808363 -1.499548 -0.337284 25.351116 0.000000 0.000000 0.000000 -27.095049 2.351508 -9.736939 6.100531 -0.195487 -3.667288 0.000000 0.000000 0.000000 3.378432 1.077333 -54.635163 0.000000 0.000000 0.000000
-0.037061 1.249676 2.064099 0.000000 0.000000 0.000000 -3.158743 -2.135035 -3.196549 -10.978107 -0.474720 -0.226320 -6.988517 28.395824 12.552038 -1.653143 22.155710 6.802944 -0.257526 -8.580103 -3.431940 0.000000 0.000000 0.000000 -3.486197 0.733120 -2.101421 21.165521 -9.672069 5.724959 10.794164 35.581382 -17.324558 -3.818751 8.029164 -33.978316 2.191781 31.661762 -7.718934 0.000000 0.000000 0.000000 -1.944085 11.651801 -0.150123 3.765000 0.040348 0.076213 0.000000 0.000000 0.000000 -2.379067 -19.724603 -0.811669 3.456599 5.946540 -0.289471 2.464138 3.342329 -0.055357 0.000000 0.000000 0.000000 2.741541 0.252758 -0.003378 -79.646069 -19.673127 23.492917 -5.785124 2.217930 -41.924388 0.000000 0.000000 0.000000 22.263274 -3.711314 -18.700394 -6.576830 -0.156798 2.728462 0.000000 0.000000 0.000000 -6.754127 4.498254 22.706806 0.000000 0.000000 0.000000 4.128055 -2.745206 -4.544120 83.886816 -9.136732 -10.162422 -6.617649 -0.841689 14.481209 0.000000 0.000000 0.000000 -27.421975 3.714811 -15.142650 6.661509 -0.146525 -2.517280 0.000000 0.000000 0.000000 2.233237 0.707337 -54.854459 0.000000 0.000000 0.000000
-0.036536 1.256628 2.096684 0.000000 0.000000 0.000000 -3.225952 -2.246855 -3.318729 -10.917110 -2.526982 -1.203216 -5.883264 27.976824 12.038379 -1.043931 17.370604 5.249621 -0.407679 -10.959197 -4.247842 0.000000 0.000000 0.000000 -3.546514 0.821481 -2.189057 21.621819 -12.251852 7.324705 9.786594 34.615703 -16.456212 -2.075538 10.668903 -27.471962 0.886640 18.211021 -5.527888 0.000000 0.000000 0.000000 -1.677119 12.372141 -0.151566 3.683491 0.067918 0.072885 0.000000 0.000000 0.000000 -2.891495 -20.733063 -0.911548 3.695466 6.429278 -0.329643 2.609640 3.559371 -0.064004 0.000000 0.000000 0.000000 2.502650 0.334978 -0.316144 -79.793981 -19.835499 23.624848 -3.368136 1.142326 -37.460537 0.000000 0.000000 0.000000 24.790646 -3.486858 -15.769897 -6.588171 -0.155542 2.701951 0.000000 0.000000 0.000000 -4.685686 2.970807 25.266454 0.000000 0.000000 0.000000 3.944749 -2.980910 -5.097858 84.702784 -8.313775 -9.117022 -7.925072 -0.555527 8.006762 0.000000 0.000000 0.000000 -23.583763 4.577126 -21.674424 6.948329 -0.095291 -1.569517 0.000000 0.000000 0.000000 5.015967 1.479388 -57.152784 0.000000 0.000000 0.000000
-0.035774 1.250942 2.129156 0.000000 0.000000 0.000000 -3.039265 -2.840843 -3.685463 -10.903775 -4.086281 -1.945483 -5.618706 27.660795 11.822046 -0.395363 11.774657 4.980052 -0.597822 -13.671944 -4.983754 0.000000 0.000000 0.000000 -3.526365 0.705223 -2.099787 21.816693 -14.644435 8.798120 8.908847 33.533940 -15.603719 -1.349389 10.716388 -20.817479 0.329317 9.974846 -3.772293 0.000000 0.000000 0.000000 -1.433685 13.286825 -0.156273 3.443391 0.138534 0.063925 0.000000 0.000000 0.000000 -2.681560 -21.199134 -0.920548 3.403948 6.118078 -0.305831 2.456178 3.404479 -0.058051 0.000000 0.000000 0.000000 2.197222 0.295119 -0.277586 -77.453401 -20.743343 25.713078 -5.378706 1.805996 -37.098243 0.000000 0.000000 0.000000 26.007457 -3.759509 -16.176905 -6.486752 -0.166384 2.935468 0.000000 0.000000 0.000000 -3.716852 2.331246 25.818292 0.000000 0.000000 0.000000 3.814912 -3.167291 -5.532261 84.803858 -9.664858 -10.578667 -7.779542 -0.634481 9.310996 0.000000 0.000000 0.000000 -24.209849 5.222520 -24.009907 7.015689 -0.075894 -1.238033 0.000000 0.000000 0.000000 3.671502 1.044416 -58.251025 0.000000 0.000000 0.000000
-0.035358 1.234399 2.161072 0.000000 0.000000 0.000000 -2.994356 -3.126087 -3.883383 -10.557354 -6.323917 -2.988780 -5.226943 27.384284 11.589067 0.273681 8.465943 7.496858 -0.138579 -7.219843 -2.196317 0.000000 0.000000 0.000000 -3.583654 0.588261 -2.044207 22.169240 -16.823715 10.189118 7.604179 32.364667 -14.588718 -1.374996 8.588750 -16.556482 0.106877 5.160309 -2.371396 0.000000 0.000000 0.000000 -1.180231 13.903488 -0.164135 3.328478 0.516656 0.040191 0.000000 0.000000 0.000000 -3.233503 -21.776215 -1.007242 3.516274 6.213856 -0.312624 2.533029 3.512020 -0.062276 0.000000 0.000000 0.000000 1.915306 0.185976 -0.028792 -74.229598 -21.643508 28.354330 -9.502814 3.359181 -38.864020 0.000000 0.000000 0.000000 25.368510 -3.908752 -17.242179 -6.331460 -0.180055 3.254589 0.000000 0.000000 0.000000 -4.307576 2.678912 26.259305 0.000000 0.000000 0.000000 3.594400 -3.044311 -5.366008 84.013814 -12.377479 -13.730855 -6.448934 -0.838803 14.806329 0.000000 0.000000 0.000000 -23.099624 4.760590 -22.995063 6.985820 -0.085081 -1.393832 0.000000 0.000000 0.000000 5.222935 1.512087 -57.727003 0.000000 0.000000 0.000000
-0.035413 1.208350 2.192972 0.000000 0.000000 0.000000 -2.584989 -2.984344 -3.560152 -10.351664 -9.422819 -4.436978 -5.337145 27.402612 11.628290 0.273721 8.238414 7.232996 -0.203046 -8.602490 -2.699151 0.000000 0.000000 0.000000 -3.374883 -0.040399 -1.517714 21.884311 -18.076695 10.894593 6.423873 30.522837 -13.347559 -1.444247 7.717628 -15.624736 0.011832 1.148986 -1.179942 0.000000 0.000000 0.000000 -0.955738 14.610295 -0.174390 3.162654 0.810625 0.021206 0.000000 0.000000 0.000000 -3.313693 -22.392046 -1.054635 3.187983 5.992620 -0.298461 2.379972 3.534058 -0.063902 0.000000 0.000000 0.000000 1.684925 0.006935 0.435078 -70.621704 -21.862905 30.504181 -14.469739 5.455841 -41.145171 0.000000 0.000000 0.000000 22.000477 -4.115242 -20.943368 -6.135152 -0.193499 3.609505 0.000000 0.000000 0.000000 -7.097007 4.562106 24.571621 0.000000 0.000000 0.000000 3.480713 -2.887461 -5.085530 82.311094 -15.271962 -17.440615 -3.486453 -0.678699 22.025329 0.000000 0.000000 0.000000 -21.697253 3.942942 -20.365699 6.890670 -0.108599 -1.803663 0.000000 0.000000 0.000000 7.494535 2.250064 -56.618576 0.000000 0.000000 0.000000
-0.035515 1.171383 2.226139 0.000000 0.000000 0.000000 -2.748813 -2.971289 -3.635286 -9.425516 -12.131581 -5.599666 -5.598117 27.001944 11.525861 0.113042 8.910085 6.596293 -0.146593 -7.250454 -2.313464 0.000000 0.000000 0.000000 -3.835322 -0.879722 -1.151583 22.302239 -18.845991 11.457066 5.049154 28.347328 -11.958332 -1.332638 9.809789 -18.577508 0.412731 11.376887 -4.141704 0.000000 0.000000 0.000000 -1.011159 14.672058 -0.172857 3.370218 1.224665 0.000407 0.000000 0.000000 0.000000 -4.044977 -22.033000 -1.103541 3.369411 5.664387 -0.265860 2.523425 3.413617 -0.058073 0.000000 0.000000 0.000000 1.606083 -0.229660 1.105264 -67.412811 -21.877240 32.315156 -18.910459 7.599043 -43.481618 0.000000 0.000000 0.000000 17.409459 -3.687926 -23.749724 -5.871965 -0.206371 4.022167 0.000000 0.000000 0.000000 -10.864387 7.034395 24.247297 0.000000 0.000000 0.000000 3.444646 -2.542655 -4.382236 79.846803 -17.522797 -20.870527 0.262714 0.066978 28.605450 0.000000 0.000000 0.000000 -21.264657 3.485762 -18.413642 6.761768 -0.132077 -2.235425 0.000000 0.000000 0.000000 8.605319 2.600454 -56.425501 0.000000 0.000000 0.000000
-0.035683 1.123284 2.260689 0.000000 0.000000 0.000000 -1.855030 -3.343327 -3.456082 -9.958980 -14.137119 -6.612354 -5.411923 26.182776 11.115416 -0.060867 9.407876 5.564472 -0.139444 -6.901668 -2.312136 0.000000 0.000000 0.000000 -3.422522 -2.049903 -0.165953 21.510885 -18.892401 11.308347 4.234723 26.786664 -11.054699 -0.398766 13.920081 -19.394640 0.288995 9.247507 -3.572192 0.000000 0.000000 0.000000 -1.079641 13.928825 -0.166998 3.153153 1.840146 -0.035829 0.000000 0.000000 0.000000 -3.792986 -20.820745 -0.995424 3.331889 5.291118 -0.233432 2.430152 3.244034 -0.051402 0.000000 0.000000 0.000000 1.713778 -0.476144 1.860197 -65.524089 -21.593257 33.013137 -20.695022 8.944162 -46.375771 0.000000 0.000000 0.000000 11.989774 -2.697423 -25.273146 -5.719451 -0.211665 4.235354 0.000000 0.000000 0.000000 -15.445184 10.004465 24.319267 0.000000 0.000000 0.000000 3.487576 -2.056489 -3.353149 78.328210 -18.983388 -23.199063 3.062545 0.907835 33.016176 0.000000 0.000000 0.000000 -20.868698 2.989864 -16.131928 6.686150 -0.143181 -2.450767 0.000000 0.000000 0.000000 9.250864 2.914400 -55.091201 0.000000 0.000000 0.000000
