HIERARCHY
ROOT Hips
{
	OFFSET 0.000000 0.000000 0.000000
	CHANNELS 6 Xposition Yposition Zposition Zrotation Xrotation Yrotation
	JOINT LHipJoint
	{
		OFFSET 0.000000 0.000000 0.000000
		CHANNELS 3 Zrotation Xrotation Yrotation
		JOINT LeftUpLeg
		{
			OFFSET 0.076937 -0.101296 0.047373
			CHANNELS 3 Zrotation Xrotation Yrotation
			JOINT LeftLeg
			{
				OFFSET 0.138181 -0.379650 0.000000
				CHANNELS 3 Zrotation Xrotation Yrotation
				JOINT LeftFoot
				{
					OFFSET 0.144621 -0.397343 0.000000
					CHANNELS 3 Zrotation Xrotation Yrotation
					JOINT LeftToeBase
					{
						OFFSET 0.008898 -0.024446 0.131094
						CHANNELS 3 Zrotation Xrotation Yrotation
						JOINT End_Site
						{
							OFFSET 0.000000 -0.000000 0.067149
							CHANNELS 3 Zrotation Xrotation Yrotation
							End Site
							{
								OFFSET 0.000000 -0.000000 0.020145
							}
						}
					}
				}
			}
		}
	}
	JOINT RHipJoint
	{
		OFFSET 0.000000 0.000000 0.000000
		CHANNELS 3 Zrotation Xrotation Yrotation
		JOINT RightUpLeg
		{
			OFFSET -0.073689 -0.101296 0.047373
			CHANNELS 3 Zrotation Xrotation Yrotation
			JOINT RightLeg
			{
				OFFSET -0.143511 -0.394292 0.000000
				CHANNELS 3 Zrotation Xrotation Yrotation
				JOINT RightFoot
				{
					OFFSET -0.144963 -0.398282 0.000000
					CHANNELS 3 Zrotation Xrotation Yrotation
					JOINT RightToeBase
					{
						OFFSET -0.009298 -0.025546 0.133386
						CHANNELS 3 Zrotation Xrotation Yrotation
						JOINT End_Site
						{
							OFFSET -0.000000 -0.000000 0.068344
							CHANNELS 3 Zrotation Xrotation Yrotation
							End Site
							{
								OFFSET -0.000000 -0.000000 0.020503
							}
						}
					}
				}
			}
		}
	}
	JOINT LowerBack
	{
		OFFSET 0.000000 0.000000 0.000000
		CHANNELS 3 Zrotation Xrotation Yrotation
		JOINT Spine
		{
			OFFSET 0.001596 0.114897 -0.010915
			CHANNELS 3 Zrotation Xrotation Yrotation
			JOINT Spine1
			{
				OFFSET 0.003202 0.115645 -0.002413
				CHANNELS 3 Zrotation Xrotation Yrotation
				JOINT Neck
				{
					OFFSET 0.000000 0.000000 0.000000
					CHANNELS 3 Zrotation Xrotation Yrotation
					JOINT Neck1
					{
						OFFSET -0.003058 0.098565 0.009709
						CHANNELS 3 Zrotation Xrotation Yrotation
						JOINT Head
						{
							OFFSET 0.005874 0.099418 -0.006997
							CHANNELS 3 Zrotation Xrotation Yrotation
							JOINT End_Site
							{
								OFFSET 0.002100 0.099931 -0.003523
								CHANNELS 3 Zrotation Xrotation Yrotation
								End Site
								{
									OFFSET 0.000630 0.029979 -0.001057
								}
							}
						}
					}
				}
				JOINT LeftShoulder
				{
					OFFSET 0.000000 0.000000 0.000000
					CHANNELS 3 Zrotation Xrotation Yrotation
					JOINT LeftArm
					{
						OFFSET 0.189788 0.067783 -0.017566
						CHANNELS 3 Zrotation Xrotation Yrotation
						JOINT LeftForeArm
						{
							OFFSET 0.281260 -0.000000 -0.000000
							CHANNELS 3 Zrotation Xrotation Yrotation
							JOINT LeftHand
							{
								OFFSET 0.196626 -0.000000 -0.000000
								CHANNELS 3 Zrotation Xrotation Yrotation
								JOINT LeftFingerBase
								{
									OFFSET 0.000000 0.000000 0.000000
									CHANNELS 3 Zrotation Xrotation Yrotation
									JOINT LeftHandIndex1
									{
										OFFSET 0.040372 -0.000000 -0.000000
										CHANNELS 3 Zrotation Xrotation Yrotation
										JOINT End_Site
										{
											OFFSET 0.032549 -0.000000 -0.000000
											CHANNELS 3 Zrotation Xrotation Yrotation
											End Site
											{
												OFFSET 0.009765 -0.000000 -0.000000
											}
										}
									}
								}
								JOINT LThumb
								{
									OFFSET 0.000000 0.000000 0.000000
									CHANNELS 3 Zrotation Xrotation Yrotation
									JOINT End_Site
									{
										OFFSET 0.033046 -0.000000 0.033046
										CHANNELS 3 Zrotation Xrotation Yrotation
										End Site
										{
											OFFSET 0.009914 -0.000000 0.009914
										}
									}
								}
							}
						}
					}
				}
				JOINT RightShoulder
				{
					OFFSET 0.000000 0.000000 0.000000
					CHANNELS 3 Zrotation Xrotation Yrotation
					JOINT RightArm
					{
						OFFSET -0.177042 0.077557 -0.022840
						CHANNELS 3 Zrotation Xrotation Yrotation
						JOINT RightForeArm
						{
							OFFSET -0.295874 -0.000000 -0.000000
							CHANNELS 3 Zrotation Xrotation Yrotation
							JOINT RightHand
							{
								OFFSET -0.194403 -0.000000 -0.000000
								CHANNELS 3 Zrotation Xrotation Yrotation
								JOINT RightFingerBase
								{
									OFFSET 0.000000 0.000000 0.000000
									CHANNELS 3 Zrotation Xrotation Yrotation
									JOINT RightHandIndex1
									{
										OFFSET -0.035138 -0.000000 -0.000000
										CHANNELS 3 Zrotation Xrotation Yrotation
										JOINT End_Site
										{
											OFFSET -0.028329 -0.000000 -0.000000
											CHANNELS 3 Zrotation Xrotation Yrotation
											End Site
											{
												OFFSET -0.008499 -0.000000 -0.000000
											}
										}
									}
								}
								JOINT RThumb
								{
									OFFSET 0.000000 0.000000 0.000000
									CHANNELS 3 Zrotation Xrotation Yrotation
									JOINT End_Site
									{
										OFFSET -0.028762 -0.000000 0.028762
										CHANNELS 3 Zrotation Xrotation Yrotation
										End Site
										{
											OFFSET -0.008628 -0.000000 0.008628
										}
									}
								}
							}
						}
					}
				}
			}
		}
	}
}
MOTION
Frames: 160
Frame Time: 0.03333333
0.000022 0.946073 0.000001 -0.000000 0.000000 -0.000000 3.411555 10.948513 9.804123 -22.872051 -12.221161 -7.488153 -5.659395 11.689481 4.935022 2.930037 -5.262329 11.061531 -0.449166 -10.954398 -4.681723 -0.000000 0.000000 -0.000000 3.205509 -5.305191 5.498677 18.188871 3.446678 -1.918356 -3.480184 11.080093 -3.665979 1.421085 0.056174 7.441517 0.094219 -6.798864 1.586059 -0.000000 0.000000 -0.000000 3.052340 4.750229 0.097820 -0.263667 -0.243734 0.000685 -0.000000 0.000000 -0.000000 -2.663143 -14.842678 -0.555108 4.214505 13.272511 -0.991781 -4.097230 11.587432 0.027183 -0.000000 0.000000 -0.000000 1.792477 -4.112128 12.429022 -58.625074 0.067516 -0.120250 6.167976 -1.420943 -25.923326 -0.000000 0.000000 -0.000000 6.539736 0.414162 7.239589 -3.667270 -0.007657 0.239184 -0.000000 0.000000 -0.000000 -13.522881 9.398737 20.528927 -0.000000 0.000000 -0.000000 -1.665591 8.477756 19.924796 55.144977 -1.365038 -2.613804 -3.859863 -0.715144 20.985638 -0.000000 0.000000 -0.000000 -12.165296 0.242277 -2.273263 4.824452 -0.093293 -2.214344 -0.000000 0.000000 -0.000000 3.134960 2.297491 -17.533807 -0.000000 0.000000 -0.000000
-0.001187 0.951170 0.005895 0.000000 0.000000 0.000000 3.234814 12.669909 11.121399 -22.996872 -14.165587 -8.707835 -6.430598 13.295861 5.723779 3.548502 -6.798738 12.559048 -0.488853 -11.625205 -4.799386 0.000000 0.000000 0.000000 4.046808 -5.845703 6.361323 17.536857 3.968138 -2.179263 -4.042611 12.548914 -4.086858 1.689580 -0.738209 8.834386 0.089970 -6.651659 1.548123 0.000000 0.000000 0.000000 3.069521 5.193314 0.080637 -0.382976 -0.210540 -0.002866 0.000000 0.000000 0.000000 -2.616146 -14.451318 -0.531684 4.333343 13.076893 -0.977836 -4.410922 11.187179 0.040940 0.000000 0.000000 0.000000 2.144442 -4.815505 14.668547 -64.789196 -0.787547 1.241205 4.371862 -1.114639 -28.594093 0.000000 0.000000 0.000000 8.173786 0.473603 6.621030 -4.369337 -0.021547 0.564825 0.000000 0.000000 0.000000 -15.825071 10.121595 24.991125 0.000000 0.000000 0.000000 -2.413870 9.362097 22.248780 60.645650 -0.130029 -0.222314 -2.908473 -0.616402 23.926895 0.000000 0.000000 0.000000 -13.423770 0.304672 -2.588480 5.623360 -0.115099 -2.343253 0.000000 0.000000 0.000000 5.212939 3.453942 -22.965827 0.000000 0.000000 0.000000
0.001039 0.953450 0.014937 0.000000 0.000000 0.000000 2.953244 14.896446 12.855956 -23.367387 -16.426019 -10.181594 -7.544609 14.499150 6.414109 4.396032 -8.318573 14.784230 -0.507503 -12.083212 -4.792303 0.000000 0.000000 0.000000 5.315548 -6.738785 7.745268 16.721617 4.916201 -2.654988 -4.973070 13.731006 -4.351686 2.119605 -0.939031 10.996147 0.085971 -6.453353 1.524873 0.000000 0.000000 0.000000 3.072670 5.620953 0.063287 -0.580889 -0.190767 -0.007805 0.000000 0.000000 0.000000 -2.458029 -14.169935 -0.511804 4.353383 12.936995 -0.964756 -4.946477 10.807591 0.066123 0.000000 0.000000 0.000000 2.727635 -5.769436 17.830370 -69.373258 -1.817706 2.626170 2.694671 -0.727206 -30.200125 0.000000 0.000000 0.000000 9.234036 0.454707 5.626063 -4.908364 -0.037070 0.864893 0.000000 0.000000 0.000000 -17.632520 10.521816 28.606462 0.000000 0.000000 0.000000 -3.563138 10.504069 25.433544 64.476888 1.339381 2.123593 -2.023015 -0.467557 26.024823 0.000000 0.000000 0.000000 -14.239389 0.339426 -2.716958 6.155477 -0.131807 -2.451007 0.000000 0.000000 0.000000 6.501640 3.948454 -27.493741 0.000000 0.000000 0.000000
-0.003017 0.952732 0.013353 0.000000 0.000000 0.000000 2.769938 16.501448 14.145281 -23.703801 -18.302076 -11.430351 -8.439780 15.751521 7.121369 5.033794 -9.571634 16.232824 -0.503979 -12.336573 -4.660701 0.000000 0.000000 0.000000 6.012925 -7.344324 8.605332 16.434035 5.551470 -2.980454 -5.752824 14.963224 -4.633891 2.439179 -1.215649 12.555122 0.082364 -6.198804 1.521007 0.000000 0.000000 0.000000 3.117142 5.970524 0.050880 -0.718037 -0.127106 -0.012258 0.000000 0.000000 0.000000 -2.471594 -13.966659 -0.501074 4.441760 12.814370 -0.956292 -5.180736 10.539677 0.073512 0.000000 0.000000 0.000000 2.979278 -6.426822 19.922501 -72.878700 -3.007698 4.072901 0.723677 -0.202181 -31.218250 0.000000 0.000000 0.000000 10.075178 0.374028 4.241179 -5.324886 -0.056230 1.209153 0.000000 0.000000 0.000000 -18.675956 10.498556 31.613987 0.000000 0.000000 0.000000 -4.423023 11.212141 27.553005 67.316008 2.953152 4.433871 -1.639961 -0.403852 27.666758 0.000000 0.000000 0.000000 -14.704109 0.374847 -2.904580 6.548516 -0.139457 -2.437314 0.000000 0.000000 0.000000 7.882284 4.449683 -31.161843 0.000000 0.000000 0.000000
-0.001348 0.956692 0.020155 0.000000 0.000000 0.000000 2.609870 17.864070 15.261588 -24.107401 -19.865189 -12.515173 -9.140198 16.818190 7.733281 5.657632 -10.759149 17.569495 -0.489394 -12.509543 -4.462959 0.000000 0.000000 0.000000 6.578133 -7.853154 9.323647 16.244320 6.189981 -3.310517 -6.422505 15.955339 -4.842254 2.773513 -1.705215 14.098610 0.076722 -5.914557 1.485052 0.000000 0.000000 0.000000 3.138924 6.315547 0.037467 -0.777826 -0.075715 -0.014645 0.000000 0.000000 0.000000 -2.371342 -13.827629 -0.491173 4.508205 12.753231 -0.952950 -5.443925 10.328546 0.082906 0.000000 0.000000 0.000000 3.161534 -6.971063 21.640349 -75.650703 -4.206848 5.416881 -0.985726 0.282419 -31.974191 0.000000 0.000000 0.000000 10.561557 0.293984 3.179839 -5.629122 -0.078190 1.590329 0.000000 0.000000 0.000000 -19.374439 10.273207 34.457888 0.000000 0.000000 0.000000 -5.164301 11.770143 29.312232 69.491696 4.518313 6.510494 -1.723988 -0.447640 29.109326 0.000000 0.000000 0.000000 -14.937837 0.372696 -2.842249 6.754731 -0.142347 -2.411720 0.000000 0.000000 0.000000 9.141954 4.882858 -33.857597 0.000000 0.000000 0.000000
-0.000843 0.954659 0.026729 0.000000 0.000000 0.000000 2.507321 18.961686 16.181774 -24.492010 -21.183475 -13.455858 -9.687539 17.712955 8.252606 6.239847 -11.793408 18.786404 -0.463981 -12.520718 -4.227619 0.000000 0.000000 0.000000 6.978487 -8.266627 9.876693 16.213143 6.853127 -3.663358 -7.081235 16.678797 -4.959627 3.139295 -2.332466 15.689118 0.068921 -5.521015 1.429307 0.000000 0.000000 0.000000 3.170200 6.633533 0.025395 -0.739041 -0.048123 -0.014396 0.000000 0.000000 0.000000 -2.166910 -13.810046 -0.485525 4.546066 12.787275 -0.958014 -5.722725 10.214053 0.094987 0.000000 0.000000 0.000000 3.252375 -7.389722 22.919822 -77.783447 -5.400847 6.692664 -2.384830 0.691034 -32.315134 0.000000 0.000000 0.000000 10.792720 0.221961 2.349368 -5.831630 -0.101249 1.987628 0.000000 0.000000 0.000000 -19.748581 9.924340 36.980235 0.000000 0.000000 0.000000 -5.732739 12.166921 30.620494 71.083930 5.890009 8.237756 -2.129059 -0.576092 30.278554 0.000000 0.000000 0.000000 -15.128204 0.339242 -2.554294 6.866731 -0.143138 -2.385481 0.000000 0.000000 0.000000 10.025763 5.161827 -35.603683 0.000000 0.000000 0.000000
-0.000995 0.953542 0.033122 0.000000 0.000000 0.000000 2.520000 19.799907 16.910717 -24.920060 -22.317252 -14.303273 -10.108666 18.502706 8.708476 6.746322 -12.693049 19.784699 -0.435182 -12.460354 -3.984772 0.000000 0.000000 0.000000 7.294663 -8.682920 10.383857 16.202354 7.537542 -4.029022 -7.600690 17.341144 -5.073456 3.434545 -2.963733 16.873052 0.063162 -5.149124 1.404618 0.000000 0.000000 0.000000 3.243988 6.847410 0.019039 -0.725644 -0.012387 -0.014874 0.000000 0.000000 0.000000 -2.018895 -13.812579 -0.482245 4.591853 12.833532 -0.964689 -5.951629 10.116001 0.104358 0.000000 0.000000 0.000000 3.287395 -7.752720 23.987092 -79.412460 -6.430772 7.740534 -3.569960 1.033463 -32.281191 0.000000 0.000000 0.000000 10.861960 0.140043 1.472921 -5.961809 -0.120439 2.312540 0.000000 0.000000 0.000000 -19.875065 9.578992 38.882747 0.000000 0.000000 0.000000 -6.205025 12.497635 31.737092 72.154207 7.069460 9.691944 -2.661420 -0.736956 30.950266 0.000000 0.000000 0.000000 -15.300287 0.339478 -2.526992 6.903850 -0.138843 -2.301456 0.000000 0.000000 0.000000 10.630906 5.309302 -37.021766 0.000000 0.000000 0.000000
-0.000969 0.952945 0.040560 0.000000 0.000000 0.000000 2.635926 20.421493 17.473989 -25.411640 -23.245259 -15.047595 -10.383840 19.131648 9.064974 7.185175 -13.505693 20.582865 -0.403557 -12.306573 -3.741910 0.000000 0.000000 0.000000 7.498717 -9.106278 10.829284 16.288497 8.275241 -4.432280 -8.055158 17.875178 -5.154747 3.687911 -3.651400 17.790595 0.056806 -4.735025 1.373911 0.000000 0.000000 0.000000 3.319991 6.964556 0.016661 -0.706952 0.023234 -0.015248 0.000000 0.000000 0.000000 -1.882172 -13.867915 -0.481816 4.657737 12.932353 -0.977675 -6.144427 10.062394 0.112902 0.000000 0.000000 0.000000 3.281986 -8.047461 24.818539 -80.699197 -7.266405 8.548818 -4.438082 1.270496 -31.935892 0.000000 0.000000 0.000000 10.793142 0.058550 0.619781 -6.023684 -0.136499 2.593850 0.000000 0.000000 0.000000 -19.839332 9.257348 40.316259 0.000000 0.000000 0.000000 -6.554620 12.771899 32.659356 72.864993 8.060699 10.905300 -3.225492 -0.901880 31.235824 0.000000 0.000000 0.000000 -15.542866 0.358485 -2.626294 6.927568 -0.135503 -2.238394 0.000000 0.000000 0.000000 10.963671 5.346753 -38.110154 0.000000 0.000000 0.000000
-0.000611 0.951947 0.047467 0.000000 0.000000 0.000000 2.743731 20.873326 17.888157 -25.841438 -24.091993 -15.732526 -10.612957 19.729102 9.400763 7.555257 -14.188489 21.229611 -0.375883 -12.185280 -3.520416 0.000000 0.000000 0.000000 7.584477 -9.477867 11.162769 16.430975 8.955776 -4.812136 -8.398251 18.318426 -5.224890 3.897428 -4.248125 18.503283 0.053849 -4.449192 1.386141 0.000000 0.000000 0.000000 3.332565 7.047169 0.013509 -0.681985 0.042058 -0.015142 0.000000 0.000000 0.000000 -1.760807 -13.949954 -0.482906 4.743805 13.037707 -0.992365 -6.295131 10.021546 0.119490 0.000000 0.000000 0.000000 3.274001 -8.272356 25.446637 -81.670125 -8.013981 9.267696 -5.137037 1.467199 -31.861333 0.000000 0.000000 0.000000 10.637957 -0.010774 -0.115722 -6.056502 -0.150322 2.840935 0.000000 0.000000 0.000000 -19.789796 9.000604 41.429443 0.000000 0.000000 0.000000 -6.833627 12.977672 33.370497 73.410861 8.852791 11.855777 -3.730214 -1.053505 31.532255 0.000000 0.000000 0.000000 -15.805376 0.390286 -2.811120 6.934198 -0.132558 -2.187657 0.000000 0.000000 0.000000 11.177198 5.343297 -39.008731 0.000000 0.000000 0.000000
-0.000967 0.948771 0.054593 0.000000 0.000000 0.000000 2.890907 21.157424 18.161964 -26.230044 -24.895355 -16.386161 -10.803881 20.307098 9.722196 7.874967 -14.751467 21.789084 -0.352914 -12.068203 -3.337706 0.000000 0.000000 0.000000 7.581372 -9.842578 11.435102 16.624159 9.687756 -5.227790 -8.644507 18.610693 -5.266142 4.073009 -4.802630 19.055637 0.051773 -4.232892 1.400877 0.000000 0.000000 0.000000 3.324367 7.081407 0.011749 -0.647548 0.050205 -0.014615 0.000000 0.000000 0.000000 -1.641529 -14.074962 -0.485892 4.836663 13.180059 -1.011397 -6.417864 9.999076 0.125158 0.000000 0.000000 0.000000 3.254365 -8.441648 25.904430 -82.413922 -8.672017 9.897798 -5.702599 1.631579 -31.909896 0.000000 0.000000 0.000000 10.382873 -0.075729 -0.833488 -6.045245 -0.161963 3.066528 0.000000 0.000000 0.000000 -19.764495 8.819916 42.242905 0.000000 0.000000 0.000000 -7.042658 13.136565 33.922269 73.815597 9.447899 12.557921 -4.192678 -1.194280 31.786726 0.000000 0.000000 0.000000 -16.160546 0.438176 -3.085672 6.924197 -0.130570 -2.157972 0.000000 0.000000 0.000000 11.218784 5.271348 -39.775352 0.000000 0.000000 0.000000
-0.001042 0.945751 0.061950 0.000000 0.000000 0.000000 3.068454 21.331620 18.343856 -26.648288 -25.533782 -16.946799 -10.810678 20.758055 9.943260 8.108675 -15.171168 22.180944 -0.330597 -11.914238 -3.167426 0.000000 0.000000 0.000000 7.503750 -10.145994 11.613694 16.804110 10.362511 -5.614293 -8.808104 18.871086 -5.311801 4.212336 -5.290394 19.459666 0.050005 -4.044375 1.416164 0.000000 0.000000 0.000000 3.331767 7.078157 0.012137 -0.615952 0.026355 -0.013438 0.000000 0.000000 0.000000 -1.562360 -14.218016 -0.490512 4.945661 13.306278 -1.029741 -6.504465 10.007943 0.130023 0.000000 0.000000 0.000000 3.189712 -8.571998 26.206506 -82.941752 -9.239147 10.447326 -6.059642 1.732677 -31.888465 0.000000 0.000000 0.000000 10.130591 -0.125169 -1.412075 -6.030340 -0.170246 3.231255 0.000000 0.000000 0.000000 -19.743959 8.685652 42.848190 0.000000 0.000000 0.000000 -7.162584 13.253528 34.311935 74.097012 9.863775 13.042398 -4.633801 -1.326352 31.930682 0.000000 0.000000 0.000000 -16.428293 0.493942 -3.420741 6.903908 -0.128320 -2.127042 0.000000 0.000000 0.000000 11.240780 5.201767 -40.444814 0.000000 0.000000 0.000000
-0.001224 0.942498 0.069537 0.000000 0.000000 0.000000 3.257905 21.433662 18.463898 -27.123151 -26.061300 -17.457962 -10.653378 21.119862 10.083973 8.271950 -15.486445 22.432723 -0.310220 -11.736678 -3.017557 0.000000 0.000000 0.000000 7.358918 -10.427089 11.732145 17.009391 11.053284 -6.015766 -8.902858 19.046562 -5.344945 4.323612 -5.715901 19.758236 0.047914 -3.865904 1.419630 0.000000 0.000000 0.000000 3.325367 7.030372 0.013994 -0.588179 -0.034553 -0.011492 0.000000 0.000000 0.000000 -1.504966 -14.388561 -0.496803 5.090575 13.432324 -1.050066 -6.567268 10.035548 0.134338 0.000000 0.000000 0.000000 3.121739 -8.667256 26.405531 -83.319995 -9.747215 10.948486 -6.279032 1.800513 -31.972597 0.000000 0.000000 0.000000 9.836363 -0.166829 -1.938558 -6.007092 -0.176791 3.368417 0.000000 0.000000 0.000000 -19.786879 8.619597 43.261751 0.000000 0.000000 0.000000 -7.234379 13.349715 34.617992 74.336664 10.130672 13.336377 -5.040274 -1.448198 32.043393 0.000000 0.000000 0.000000 -16.673491 0.564223 -3.848905 6.895835 -0.127141 -2.109984 0.000000 0.000000 0.000000 11.228279 5.116594 -41.113463 0.000000 0.000000 0.000000
-0.001424 0.941604 0.078035 0.000000 0.000000 0.000000 3.384186 21.479712 18.524445 -27.542102 -26.456801 -17.866929 -10.475090 21.422726 10.190279 8.384636 -15.770110 22.554165 -0.291782 -11.563078 -2.881177 0.000000 0.000000 0.000000 7.140732 -10.637537 11.750614 17.201981 11.596095 -6.337853 -8.977907 19.224977 -5.382224 4.397251 -6.002826 19.948914 0.047102 -3.759479 1.435121 0.000000 0.000000 0.000000 3.261394 6.965130 0.014622 -0.553663 -0.110723 -0.009021 0.000000 0.000000 0.000000 -1.476705 -14.558622 -0.503767 5.241582 13.552816 -1.070430 -6.571270 10.069879 0.135812 0.000000 0.000000 0.000000 3.046964 -8.724462 26.490660 -83.600216 -10.135217 11.328185 -6.356677 1.825854 -32.023116 0.000000 0.000000 0.000000 9.606729 -0.193645 -2.304120 -5.982069 -0.181784 3.477992 0.000000 0.000000 0.000000 -19.800827 8.553027 43.615421 0.000000 0.000000 0.000000 -7.260589 13.407337 34.791709 74.550640 10.348279 13.569500 -5.352350 -1.542704 32.136722 0.000000 0.000000 0.000000 -16.852494 0.621745 -4.195311 6.883723 -0.126760 -2.107370 0.000000 0.000000 0.000000 11.241937 5.057445 -41.666517 0.000000 0.000000 0.000000
-0.001022 0.937776 0.086387 0.000000 0.000000 0.000000 3.477947 21.450665 18.514259 -27.931770 -26.758711 -18.206002 -10.267182 21.735583 10.293533 8.440877 -16.000778 22.547281 -0.275840 -11.380507 -2.767796 0.000000 0.000000 0.000000 6.830958 -10.788761 11.666665 17.404228 12.025478 -6.601295 -9.003434 19.395884 -5.426233 4.439616 -6.196111 20.045667 0.046959 -3.673202 1.464376 0.000000 0.000000 0.000000 3.160483 6.888973 0.014341 -0.505843 -0.212251 -0.005615 0.000000 0.000000 0.000000 -1.486928 -14.759533 -0.513267 5.414335 13.686597 -1.093694 -6.508299 10.122723 0.134383 0.000000 0.000000 0.000000 2.935209 -8.742680 26.430130 -83.802820 -10.421561 11.606716 -6.279873 1.804781 -32.040435 0.000000 0.000000 0.000000 9.434304 -0.210225 -2.547257 -5.969234 -0.185910 3.564550 0.000000 0.000000 0.000000 -19.805104 8.497641 43.894399 0.000000 0.000000 0.000000 -7.221766 13.419952 34.803021 74.752658 10.477827 13.689032 -5.603173 -1.619178 32.213628 0.000000 0.000000 0.000000 -16.989878 0.676569 -4.527463 6.866133 -0.126349 -2.105932 0.000000 0.000000 0.000000 11.256743 5.003085 -42.184248 0.000000 0.000000 0.000000
-0.000416 0.935299 0.095463 0.000000 0.000000 0.000000 3.564560 21.410529 18.493365 -28.317726 -26.927352 -18.454251 -10.007053 21.931097 10.326968 8.472243 -16.209933 22.483553 -0.261540 -11.193468 -2.668477 0.000000 0.000000 0.000000 6.529948 -10.921525 11.574393 17.557382 12.400971 -6.830098 -9.057833 19.569821 -5.465695 4.455117 -6.313513 20.062166 0.048456 -3.658491 1.517147 0.000000 0.000000 0.000000 3.061178 6.773632 0.015588 -0.467928 -0.320172 -0.002207 0.000000 0.000000 0.000000 -1.484535 -14.922093 -0.520633 5.563398 13.778005 -1.111440 -6.455512 10.158315 0.132829 0.000000 0.000000 0.000000 2.843917 -8.751268 26.363463 -83.920874 -10.669986 11.858588 -6.167390 1.774262 -32.072428 0.000000 0.000000 0.000000 9.256859 -0.221825 -2.739497 -5.963519 -0.188934 3.625967 0.000000 0.000000 0.000000 -19.849826 8.471142 44.118417 0.000000 0.000000 0.000000 -7.181555 13.433867 34.817031 74.919365 10.557215 13.751219 -5.807255 -1.681917 32.280484 0.000000 0.000000 0.000000 -17.095587 0.724937 -4.820360 6.854134 -0.126768 -2.116618 0.000000 0.000000 0.000000 11.295682 4.966235 -42.644381 0.000000 0.000000 0.000000
0.000344 0.925775 0.105595 0.000000 0.000000 0.000000 3.625765 21.361769 18.460982 -28.708309 -26.983092 -18.626822 -9.718793 22.064088 10.323025 8.478914 -16.412754 22.353050 -0.251013 -11.011820 -2.603614 0.000000 0.000000 0.000000 6.198908 -11.042950 11.454765 17.709416 12.735439 -7.037380 -9.123155 19.700124 -5.490574 4.446825 -6.361612 20.009361 0.050598 -3.677910 1.575835 0.000000 0.000000 0.000000 2.942653 6.618399 0.017513 -0.428983 -0.444144 0.001682 0.000000 0.000000 0.000000 -1.482424 -15.066917 -0.527194 5.714464 13.847523 -1.127079 -6.389060 10.176419 0.129885 0.000000 0.000000 0.000000 2.766171 -8.744871 26.268956 -83.973545 -10.887670 12.089084 -5.977472 1.724190 -32.154829 0.000000 0.000000 0.000000 9.062884 -0.227041 -2.864135 -5.956840 -0.190901 3.667794 0.000000 0.000000 0.000000 -19.950433 8.475685 44.308167 0.000000 0.000000 0.000000 -7.142481 13.441119 34.813466 75.084025 10.618845 13.790483 -5.992077 -1.738843 32.338829 0.000000 0.000000 0.000000 -17.167896 0.771189 -5.105625 6.850071 -0.127596 -2.131701 0.000000 0.000000 0.000000 11.353817 4.940602 -43.078978 0.000000 0.000000 0.000000
0.001994 0.924181 0.116581 0.000000 0.000000 0.000000 3.653669 21.338028 18.444944 -29.093134 -26.870257 -18.679055 -9.343162 22.013553 10.211015 8.457901 -16.626030 22.135696 -0.240226 -10.814401 -2.537509 0.000000 0.000000 0.000000 5.914347 -11.142258 11.348235 17.807603 12.979465 -7.187532 -9.246513 19.849901 -5.509926 4.424190 -6.303315 19.940235 0.054128 -3.755647 1.650847 0.000000 0.000000 0.000000 2.802136 6.424445 0.019756 -0.400275 -0.586584 0.005837 0.000000 0.000000 0.000000 -1.466060 -15.202689 -0.532833 5.852415 13.900645 -1.140351 -6.327342 10.210300 0.127724 0.000000 0.000000 0.000000 2.747340 -8.735077 26.223301 -83.990842 -11.075434 12.293562 -5.792429 1.672338 -32.184177 0.000000 0.000000 0.000000 8.907382 -0.228255 -2.929895 -5.949332 -0.192644 3.705949 0.000000 0.000000 0.000000 -20.038075 8.474489 44.497089 0.000000 0.000000 0.000000 -7.107892 13.464870 34.857661 75.222599 10.668524 13.820457 -6.114404 -1.775703 32.361306 0.000000 0.000000 0.000000 -17.203040 0.804110 -5.312257 6.843035 -0.128525 -2.149433 0.000000 0.000000 0.000000 11.433471 4.935666 -43.414458 0.000000 0.000000 0.000000
0.003551 0.925719 0.128528 0.000000 0.000000 0.000000 3.634672 21.332354 18.436941 -29.476213 -26.571944 -18.597915 -8.866478 21.790476 9.995491 8.403464 -16.830594 21.829919 -0.232507 -10.608497 -2.503937 0.000000 0.000000 0.000000 5.660785 -11.213970 11.241183 17.846163 13.155457 -7.291362 -9.395191 19.945018 -5.508782 4.382213 -6.113539 19.843317 0.059152 -3.880975 1.745754 0.000000 0.000000 0.000000 2.650303 6.183586 0.022806 -0.372248 -0.755263 0.010686 0.000000 0.000000 0.000000 -1.440692 -15.327152 -0.537589 5.995676 13.926602 -1.150913 -6.254741 10.243208 0.124898 0.000000 0.000000 0.000000 2.775574 -8.713748 26.192022 -83.995674 -11.248613 12.484454 -5.585883 1.611599 -32.164900 0.000000 0.000000 0.000000 8.765302 -0.225271 -2.938647 -5.941728 -0.194222 3.741060 0.000000 0.000000 0.000000 -20.134784 8.478353 44.678961 0.000000 0.000000 0.000000 -7.087240 13.493367 34.923088 75.370998 10.690133 13.811665 -6.195150 -1.798595 32.351089 0.000000 0.000000 0.000000 -17.184725 0.823908 -5.448737 6.824753 -0.129358 -2.169173 0.000000 0.000000 0.000000 11.553432 4.954726 -43.690545 0.000000 0.000000 0.000000
0.005442 0.926956 0.141688 0.000000 0.000000 0.000000 3.613886 21.342020 18.441938 -29.850812 -26.200900 -18.459554 -8.420972 21.533331 9.774022 8.341320 -17.038230 21.502452 -0.224458 -10.390305 -2.468319 0.000000 0.000000 0.000000 5.441826 -11.272085 11.146083 17.894167 13.190596 -7.318174 -9.604649 20.131469 -5.521416 4.336949 -5.912880 19.735846 0.064330 -4.004378 1.840005 0.000000 0.000000 0.000000 2.488875 5.935202 0.025063 -0.353000 -0.915439 0.015154 0.000000 0.000000 0.000000 -1.411580 -15.421163 -0.540771 6.094925 13.946946 -1.158545 -6.188643 10.270202 0.122190 0.000000 0.000000 0.000000 2.829778 -8.682237 26.157990 -84.008846 -11.352792 12.597014 -5.370007 1.548647 -32.153393 0.000000 0.000000 0.000000 8.670828 -0.219448 -2.894027 -5.949715 -0.195166 3.754183 0.000000 0.000000 0.000000 -20.213859 8.476410 44.851112 0.000000 0.000000 0.000000 -7.044166 13.525473 34.984774 75.476545 10.695946 13.793121 -6.265976 -1.817995 32.330863 0.000000 0.000000 0.000000 -17.163772 0.838349 -5.550955 6.821699 -0.129934 -2.179799 0.000000 0.000000 0.000000 11.674663 4.981743 -43.900037 0.000000 0.000000 0.000000
0.007476 0.925611 0.155717 0.000000 0.000000 0.000000 3.561403 21.388194 18.473470 -30.216805 -25.725226 -18.240077 -7.965959 21.191315 9.514471 8.264091 -17.243539 21.136150 -0.218484 -10.168055 -2.455425 0.000000 0.000000 0.000000 5.262019 -11.313790 11.063734 17.932301 13.123162 -7.286240 -9.866588 20.305567 -5.519879 4.287645 -5.644596 19.636608 0.069689 -4.141142 1.927369 0.000000 0.000000 0.000000 2.317465 5.669009 0.026769 -0.337582 -1.090481 0.019928 0.000000 0.000000 0.000000 -1.372816 -15.502777 -0.542979 6.163502 13.962830 -1.164055 -6.123829 10.295003 0.119448 0.000000 0.000000 0.000000 2.925756 -8.642525 26.142182 -84.031586 -11.391959 12.635405 -5.131234 1.477828 -32.114800 0.000000 0.000000 0.000000 8.604019 -0.210471 -2.797305 -5.962074 -0.195752 3.757636 0.000000 0.000000 0.000000 -20.282856 8.470546 45.020411 0.000000 0.000000 0.000000 -7.004663 13.565014 35.068703 75.546370 10.708607 13.792182 -6.334035 -1.834760 32.280522 0.000000 0.000000 0.000000 -17.124947 0.844887 -5.607032 6.830430 -0.130552 -2.187356 0.000000 0.000000 0.000000 11.806406 5.021740 -44.035840 0.000000 0.000000 0.000000
0.010061 0.924840 0.169967 0.000000 0.000000 0.000000 3.536016 21.443465 18.517360 -30.602800 -25.188800 -17.979501 -7.545849 20.835882 9.260246 8.189976 -17.466566 20.769834 -0.210480 -9.943535 -2.419171 0.000000 0.000000 0.000000 5.129111 -11.365291 11.017758 18.004880 12.954146 -7.202565 -10.140373 20.537154 -5.531058 4.244352 -5.400112 19.551480 0.074800 -4.264574 2.008796 0.000000 0.000000 0.000000 2.159821 5.402275 0.028349 -0.331372 -1.236450 0.023734 0.000000 0.000000 0.000000 -1.330108 -15.550807 -0.543481 6.205268 13.959935 -1.165948 -6.067448 10.311787 0.116886 0.000000 0.000000 0.000000 3.010569 -8.599004 26.104577 -84.064704 -11.340913 12.571624 -4.894817 1.409230 -32.105493 0.000000 0.000000 0.000000 8.569656 -0.202265 -2.699107 -5.976463 -0.196064 3.754546 0.000000 0.000000 0.000000 -20.337790 8.469222 45.138514 0.000000 0.000000 0.000000 -6.929103 13.606976 35.137211 75.575475 10.685101 13.754875 -6.402993 -1.850245 32.205795 0.000000 0.000000 0.000000 -17.098847 0.851159 -5.657326 6.834279 -0.131113 -2.195516 0.000000 0.000000 0.000000 11.918243 5.056163 -44.145125 0.000000 0.000000 0.000000
0.013065 0.929096 0.184651 0.000000 0.000000 0.000000 3.506692 21.511954 18.572183 -30.989721 -24.559300 -17.646998 -7.112867 20.411688 8.976093 8.112121 -17.688397 20.397114 -0.203454 -9.701727 -2.396994 0.000000 0.000000 0.000000 5.032710 -11.416172 10.994093 18.091285 12.700242 -7.073111 -10.419876 20.755713 -5.536464 4.207594 -5.130591 19.502555 0.079346 -4.383597 2.072956 0.000000 0.000000 0.000000 2.018024 5.122286 0.030407 -0.328530 -1.371876 0.027183 0.000000 0.000000 0.000000 -1.286508 -15.566908 -0.542503 6.213710 13.936366 -1.163638 -6.008889 10.309163 0.113569 0.000000 0.000000 0.000000 3.095680 -8.547146 26.043701 -84.138185 -11.226935 12.429553 -4.631545 1.331810 -32.070193 0.000000 0.000000 0.000000 8.567254 -0.193221 -2.579184 -5.993400 -0.196209 3.746683 0.000000 0.000000 0.000000 -20.376232 8.467731 45.223542 0.000000 0.000000 0.000000 -6.832524 13.648056 35.190312 75.571302 10.629920 13.685129 -6.481944 -1.866417 32.096739 0.000000 0.000000 0.000000 -17.069263 0.851838 -5.671776 6.827494 -0.131283 -2.200553 0.000000 0.000000 0.000000 12.029560 5.095089 -44.214378 0.000000 0.000000 0.000000
0.017011 0.931129 0.199024 0.000000 0.000000 0.000000 3.512200 21.582554 18.634485 -31.385944 -23.943709 -17.322454 -6.796423 20.075683 8.759653 8.051915 -17.935098 20.061623 -0.197187 -9.487106 -2.375975 0.000000 0.000000 0.000000 4.988646 -11.477071 11.010202 18.232710 12.336761 -6.889519 -10.710165 21.037347 -5.555688 4.174901 -4.928161 19.443484 0.083132 -4.463798 2.132776 0.000000 0.000000 0.000000 1.889469 4.850180 0.032225 -0.338040 -1.476621 0.029461 0.000000 0.000000 0.000000 -1.250593 -15.553348 -0.540514 6.215562 13.904500 -1.160003 -5.951286 10.305155 0.110263 0.000000 0.000000 0.000000 3.172570 -8.488727 25.955925 -84.219380 -11.024860 12.188903 -4.414461 1.269727 -32.079719 0.000000 0.000000 0.000000 8.577187 -0.185203 -2.469322 -6.023860 -0.196058 3.724865 0.000000 0.000000 0.000000 -20.404554 8.470435 45.267847 0.000000 0.000000 0.000000 -6.706054 13.688327 35.222867 75.543205 10.535665 13.571042 -6.550794 -1.879832 31.992596 0.000000 0.000000 0.000000 -17.055995 0.856574 -5.707754 6.828836 -0.131413 -2.202304 0.000000 0.000000 0.000000 12.119417 5.124755 -44.283491 0.000000 0.000000 0.000000
0.021356 0.931642 0.213170 0.000000 0.000000 0.000000 3.522474 21.669468 18.711778 -31.777203 -23.325960 -16.989561 -6.549789 19.762498 8.570089 8.010570 -18.193606 19.775356 -0.192707 -9.290120 -2.371453 0.000000 0.000000 0.000000 4.995285 -11.548597 11.065518 18.411251 11.922858 -6.681565 -10.995703 21.279985 -5.564017 4.151826 -4.751262 19.414847 0.085868 -4.526077 2.172633 0.000000 0.000000 0.000000 1.775830 4.577226 0.034275 -0.358585 -1.562838 0.030884 0.000000 0.000000 0.000000 -1.221286 -15.515035 -0.537711 6.210574 13.856222 -1.154085 -5.890958 10.291937 0.106528 0.000000 0.000000 0.000000 3.254475 -8.423293 25.852881 -84.328112 -10.742756 11.854956 -4.216270 1.213136 -32.091324 0.000000 0.000000 0.000000 8.592638 -0.178063 -2.369861 -6.057760 -0.195400 3.691562 0.000000 0.000000 0.000000 -20.420855 8.477581 45.266611 0.000000 0.000000 0.000000 -6.564617 13.731406 35.253678 75.478146 10.433932 13.456108 -6.633100 -1.894379 31.847089 0.000000 0.000000 0.000000 -17.056153 0.865726 -5.768585 6.838101 -0.131043 -2.193120 0.000000 0.000000 0.000000 12.185633 5.145520 -44.342557 0.000000 0.000000 0.000000
0.025437 0.930288 0.225110 0.000000 0.000000 0.000000 3.553276 21.781607 18.814295 -32.186604 -22.769776 -16.702606 -6.405798 19.545313 8.445181 7.988401 -18.466755 19.536872 -0.186804 -9.114210 -2.343383 0.000000 0.000000 0.000000 5.051882 -11.644145 11.169261 18.664690 11.433785 -6.439447 -11.268047 21.574296 -5.587485 4.142224 -4.647174 19.415015 0.086718 -4.536378 2.189133 0.000000 0.000000 0.000000 1.668657 4.324619 0.035571 -0.394049 -1.621214 0.031075 0.000000 0.000000 0.000000 -1.201096 -15.454241 -0.534301 6.189158 13.810402 -1.147605 -5.831691 10.274701 0.102744 0.000000 0.000000 0.000000 3.326666 -8.367583 25.767113 -84.430240 -10.382737 11.437778 -4.070036 1.173663 -32.159832 0.000000 0.000000 0.000000 8.611100 -0.172857 -2.295646 -6.078893 -0.194803 3.667478 0.000000 0.000000 0.000000 -20.428149 8.486068 45.240821 0.000000 0.000000 0.000000 -6.422485 13.783336 35.307490 75.382460 10.317020 13.328650 -6.679635 -1.902726 31.768271 0.000000 0.000000 0.000000 -17.071965 0.874313 -5.820244 6.847882 -0.131405 -2.196022 0.000000 0.000000 0.000000 12.254036 5.167402 -44.399527 0.000000 0.000000 0.000000
0.028377 0.928468 0.236749 0.000000 0.000000 0.000000 3.584897 21.920060 18.939884 -32.598645 -22.274925 -16.457307 -6.360313 19.398437 8.371564 8.008653 -18.750530 19.413081 -0.180613 -8.944404 -2.308915 0.000000 0.000000 0.000000 5.171804 -11.770010 11.334543 18.967076 10.898259 -6.174464 -11.526242 21.881170 -5.615756 4.152603 -4.589765 19.482987 0.085687 -4.501776 2.179754 0.000000 0.000000 0.000000 1.579121 4.077084 0.037301 -0.448659 -1.654047 0.029943 0.000000 0.000000 0.000000 -1.194780 -15.357341 -0.529870 6.140062 13.752399 -1.138296 -5.771551 10.234464 0.098247 0.000000 0.000000 0.000000 3.404948 -8.319406 25.708231 -84.560659 -9.977674 10.967093 -3.967026 1.146806 -32.236333 0.000000 0.000000 0.000000 8.616611 -0.168379 -2.234757 -6.094365 -0.194185 3.646564 0.000000 0.000000 0.000000 -20.428492 8.495033 45.198745 0.000000 0.000000 0.000000 -6.292452 13.848318 35.402956 75.245692 10.189094 13.196206 -6.705002 -1.908320 31.742259 0.000000 0.000000 0.000000 -17.100544 0.881213 -5.856166 6.855941 -0.131935 -2.202280 0.000000 0.000000 0.000000 12.334451 5.195109 -44.450126 0.000000 0.000000 0.000000
0.030952 0.931068 0.247718 0.000000 0.000000 0.000000 3.607447 22.089681 19.091340 -32.998201 -21.854848 -16.260150 -6.358977 19.316396 8.335338 8.031066 -19.040219 19.293212 -0.177604 -8.819510 -2.302741 0.000000 0.000000 0.000000 5.327960 -11.900068 11.525997 19.318263 10.343285 -5.900754 -11.761766 22.129076 -5.631999 4.168167 -4.572936 19.557205 0.082843 -4.410790 2.150933 0.000000 0.000000 0.000000 1.488208 3.849274 0.038024 -0.509278 -1.669796 0.028170 0.000000 0.000000 0.000000 -1.207244 -15.252075 -0.525767 6.114414 13.719276 -1.133126 -5.696135 10.200954 0.093161 0.000000 0.000000 0.000000 3.472341 -8.277903 25.657201 -84.669087 -9.525425 10.450713 -3.887388 1.127792 -32.345776 0.000000 0.000000 0.000000 8.666938 -0.167107 -2.204956 -6.119280 -0.193408 3.617181 0.000000 0.000000 0.000000 -20.391271 8.497314 45.112589 0.000000 0.000000 0.000000 -6.164755 13.914463 35.502197 75.103628 10.052833 13.053498 -6.710728 -1.908532 31.719821 0.000000 0.000000 0.000000 -17.151679 0.892826 -5.915279 6.875945 -0.132449 -2.204414 0.000000 0.000000 0.000000 12.383118 5.207987 -44.511010 0.000000 0.000000 0.000000
0.033945 0.929290 0.258656 0.000000 0.000000 0.000000 3.623572 22.291520 19.270149 -33.393765 -21.521211 -16.123618 -6.408002 19.297836 8.337017 8.068537 -19.334383 19.213682 -0.175551 -8.729306 -2.299728 0.000000 0.000000 0.000000 5.501726 -12.045721 11.740289 19.750031 9.794625 -5.635668 -11.965978 22.281618 -5.629112 4.198093 -4.606621 19.672986 0.077854 -4.264070 2.091026 0.000000 0.000000 0.000000 1.400451 3.638327 0.038143 -0.579807 -1.677661 0.025849 0.000000 0.000000 0.000000 -1.237585 -15.131221 -0.521589 6.098842 13.690575 -1.128999 -5.609431 10.162670 0.087376 0.000000 0.000000 0.000000 3.528576 -8.240971 25.607898 -84.763999 -9.028598 9.889713 -3.839702 1.118696 -32.476382 0.000000 0.000000 0.000000 8.744666 -0.168548 -2.204119 -6.143073 -0.192327 3.583025 0.000000 0.000000 0.000000 -20.321049 8.491380 44.998362 0.000000 0.000000 0.000000 -6.035010 13.988053 35.619193 74.941314 9.901024 12.894497 -6.689979 -1.902223 31.713569 0.000000 0.000000 0.000000 -17.217841 0.909352 -6.001122 6.902166 -0.132690 -2.200015 0.000000 0.000000 0.000000 12.410208 5.209181 -44.591563 0.000000 0.000000 0.000000
0.037511 0.928378 0.269455 0.000000 0.000000 0.000000 3.621272 22.503800 19.455696 -33.740691 -21.231245 -16.003570 -6.503100 19.292298 8.353626 8.130283 -19.627360 19.202444 -0.174193 -8.667458 -2.298291 0.000000 0.000000 0.000000 5.739098 -12.205245 12.005653 20.171043 9.313685 -5.403711 -12.128663 22.350883 -5.612984 4.240191 -4.636291 19.842711 0.072062 -4.082699 2.021551 0.000000 0.000000 0.000000 1.319261 3.413043 0.038730 -0.664928 -1.654773 0.022326 0.000000 0.000000 0.000000 -1.297800 -15.005869 -0.518160 6.110045 13.689689 -1.129467 -5.500745 10.141861 0.080950 0.000000 0.000000 0.000000 3.595218 -8.215987 25.602705 -84.863034 -8.521752 9.318832 -3.810605 1.113786 -32.575398 0.000000 0.000000 0.000000 8.828943 -0.173590 -2.248291 -6.165921 -0.191389 3.552329 0.000000 0.000000 0.000000 -20.239386 8.489183 44.842070 0.000000 0.000000 0.000000 -5.931674 14.067177 35.765954 74.763831 9.785359 12.785001 -6.626218 -1.883829 31.709931 0.000000 0.000000 0.000000 -17.307689 0.923316 -6.061052 6.921137 -0.133039 -2.199739 0.000000 0.000000 0.000000 12.427908 5.210184 -44.642279 0.000000 0.000000 0.000000
0.041201 0.926575 0.280012 0.000000 0.000000 0.000000 3.611030 22.712124 19.637053 -34.029652 -20.998290 -15.908483 -6.662165 19.311545 8.393997 8.215222 -19.916229 19.256968 -0.173067 -8.623195 -2.295202 0.000000 0.000000 0.000000 6.007082 -12.380861 12.303259 20.631921 8.893110 -5.206913 -12.237040 22.325391 -5.583785 4.297761 -4.690850 20.068229 0.064630 -3.848140 1.923689 0.000000 0.000000 0.000000 1.236525 3.164639 0.039463 -0.776882 -1.602005 0.017272 0.000000 0.000000 0.000000 -1.414925 -14.867399 -0.515863 6.152857 13.710518 -1.134076 -5.341596 10.126682 0.072009 0.000000 0.000000 0.000000 3.668717 -8.191218 25.604871 -84.992859 -7.996733 8.725290 -3.809215 1.115037 -32.621313 0.000000 0.000000 0.000000 8.930688 -0.183344 -2.347439 -6.193260 -0.190629 3.522595 0.000000 0.000000 0.000000 -20.130379 8.483723 44.643960 0.000000 0.000000 0.000000 -5.817274 14.153408 35.923809 74.554738 9.675706 12.689760 -6.500019 -1.848671 31.722837 0.000000 0.000000 0.000000 -17.417952 0.933877 -6.090915 6.944167 -0.133596 -2.201611 0.000000 0.000000 0.000000 12.443406 5.212645 -44.674204 0.000000 0.000000 0.000000
0.044959 0.927313 0.290709 0.000000 0.000000 0.000000 3.590576 22.917888 19.815189 -34.275836 -20.803779 -15.829373 -6.859781 19.376424 8.462465 8.319586 -20.207266 19.361928 -0.173690 -8.616182 -2.305334 0.000000 0.000000 0.000000 6.284344 -12.561721 12.611940 21.070776 8.514161 -5.028339 -12.346170 22.318674 -5.559281 4.353220 -4.725685 20.292182 0.058780 -3.639181 1.850111 0.000000 0.000000 0.000000 1.151393 2.932675 0.039275 -0.881552 -1.544704 0.012481 0.000000 0.000000 0.000000 -1.517886 -14.734221 -0.513078 6.206152 13.742802 -1.140580 -5.206451 10.126787 0.064772 0.000000 0.000000 0.000000 3.736331 -8.183407 25.649659 -85.096109 -7.562582 8.236993 -3.792147 1.112246 -32.682752 0.000000 0.000000 0.000000 9.031141 -0.191666 -2.426554 -6.220635 -0.190336 3.501679 0.000000 0.000000 0.000000 -20.039524 8.477756 44.484296 0.000000 0.000000 0.000000 -5.752166 14.235244 36.099286 74.389741 9.609723 12.640938 -6.356637 -1.809228 31.746416 0.000000 0.000000 0.000000 -17.548671 0.944575 -6.114045 6.989465 -0.134659 -2.204703 0.000000 0.000000 0.000000 12.450324 5.212552 -44.697747 0.000000 0.000000 0.000000
0.050036 0.921939 0.301422 0.000000 0.000000 0.000000 3.570290 23.088564 19.962879 -34.460623 -20.633380 -15.750523 -7.090566 19.486425 8.558113 8.445595 -20.491951 19.527387 -0.175147 -8.622681 -2.322917 0.000000 0.000000 0.000000 6.547214 -12.739355 12.910351 21.520346 8.163302 -4.863927 -12.428588 22.315761 -5.541340 4.409371 -4.746969 20.524393 0.053369 -3.441549 1.776325 0.000000 0.000000 0.000000 1.067371 2.702600 0.038775 -0.999696 -1.465117 0.006916 0.000000 0.000000 0.000000 -1.649977 -14.600962 -0.510923 6.276902 13.792316 -1.150046 -5.057958 10.146609 0.057282 0.000000 0.000000 0.000000 3.770155 -8.180347 25.674543 -85.190281 -7.157201 7.782872 -3.757364 1.102083 -32.684023 0.000000 0.000000 0.000000 9.123669 -0.202114 -2.532735 -6.245172 -0.190160 3.484679 0.000000 0.000000 0.000000 -19.949408 8.472278 44.322563 0.000000 0.000000 0.000000 -5.703380 14.299289 36.237470 74.232862 9.588588 12.648863 -6.158827 -1.754158 31.769328 0.000000 0.000000 0.000000 -17.699965 0.951975 -6.108451 7.032057 -0.134915 -2.195500 0.000000 0.000000 0.000000 12.438187 5.208202 -44.691767 0.000000 0.000000 0.000000
0.055193 0.920391 0.313094 0.000000 0.000000 0.000000 3.554926 23.244490 20.098547 -34.626593 -20.492957 -15.688860 -7.325438 19.597176 8.655562 8.545082 -20.718149 19.655596 -0.176466 -8.641754 -2.335224 0.000000 0.000000 0.000000 6.796117 -12.915126 13.199578 21.912583 7.910515 -4.749734 -12.471438 22.270301 -5.520860 4.457884 -4.767526 20.723690 0.048030 -3.231517 1.702604 0.000000 0.000000 0.000000 1.000057 2.488701 0.038801 -1.100835 -1.392401 0.002200 0.000000 0.000000 0.000000 -1.753233 -14.474838 -0.507962 6.345834 13.828577 -1.157915 -4.948204 10.166529 0.051831 0.000000 0.000000 0.000000 3.824337 -8.192570 25.763549 -85.259209 -6.933551 7.530711 -3.785751 1.110553 -32.687889 0.000000 0.000000 0.000000 9.208160 -0.213946 -2.656263 -6.264046 -0.190018 3.471580 0.000000 0.000000 0.000000 -19.889554 8.478576 44.166095 0.000000 0.000000 0.000000 -5.686119 14.371562 36.416345 74.155918 9.570013 12.641934 -5.933017 -1.689845 31.771291 0.000000 0.000000 0.000000 -17.837312 0.958215 -6.100400 7.055077 -0.135677 -2.200677 0.000000 0.000000 0.000000 12.433437 5.206466 -44.689677 0.000000 0.000000 0.000000
0.060449 0.917659 0.325494 0.000000 0.000000 0.000000 3.546329 23.368446 20.207081 -34.764931 -20.364740 -15.628425 -7.560258 19.705495 8.752546 8.623464 -20.880646 19.765221 -0.178381 -8.671649 -2.352382 0.000000 0.000000 0.000000 7.027023 -13.086656 13.475090 22.294028 7.725017 -4.673168 -12.479305 22.198412 -5.500980 4.499428 -4.781808 20.895560 0.042544 -3.012939 1.617620 0.000000 0.000000 0.000000 0.945884 2.266526 0.039747 -1.202530 -1.320448 -0.002392 0.000000 0.000000 0.000000 -1.860091 -14.340311 -0.504458 6.439952 13.858005 -1.166340 -4.845584 10.184269 0.046681 0.000000 0.000000 0.000000 3.892493 -8.208002 25.875999 -85.347972 -6.893985 7.476158 -3.854522 1.129660 -32.658297 0.000000 0.000000 0.000000 9.287612 -0.229063 -2.819451 -6.279649 -0.190715 3.475631 0.000000 0.000000 0.000000 -19.846912 8.490606 44.017423 0.000000 0.000000 0.000000 -5.678359 14.444226 36.601937 74.167993 9.545697 12.607183 -5.633697 -1.603014 31.744043 0.000000 0.000000 0.000000 -17.970618 0.960769 -6.070597 7.080943 -0.136870 -2.211884 0.000000 0.000000 0.000000 12.442508 5.208516 -44.703560 0.000000 0.000000 0.000000
0.065111 0.917974 0.338412 0.000000 0.000000 0.000000 3.526765 23.480359 20.303685 -34.857952 -20.287023 -15.594154 -7.844371 19.831180 8.868296 8.710506 -21.015406 19.913821 -0.180040 -8.709897 -2.363801 0.000000 0.000000 0.000000 7.280113 -13.258750 13.766666 22.540927 7.615326 -4.629113 -12.477446 22.179663 -5.496608 4.532808 -4.805376 21.027991 0.038626 -2.836542 1.559994 0.000000 0.000000 0.000000 0.918198 2.072027 0.041923 -1.281576 -1.258601 -0.005971 0.000000 0.000000 0.000000 -1.923520 -14.221689 -0.500333 6.471561 13.881866 -1.170851 -4.812547 10.198297 0.045192 0.000000 0.000000 0.000000 3.981034 -8.249310 26.083730 -85.434503 -7.023312 7.604848 -3.928293 1.147148 -32.546886 0.000000 0.000000 0.000000 9.311925 -0.241040 -2.959022 -6.289805 -0.192006 3.493498 0.000000 0.000000 0.000000 -19.869391 8.516723 43.937947 0.000000 0.000000 0.000000 -5.750036 14.522721 36.852713 74.239792 9.539229 12.582406 -5.374192 -1.527082 31.704798 0.000000 0.000000 0.000000 -18.098332 0.961076 -6.029050 7.112290 -0.138182 -2.223222 0.000000 0.000000 0.000000 12.432189 5.206477 -44.685470 0.000000 0.000000 0.000000
0.072319 0.911426 0.357915 0.000000 0.000000 0.000000 3.525618 23.549647 20.364995 -34.909963 -20.225398 -15.560822 -8.182244 19.986693 9.009886 8.798388 -21.135788 20.072453 -0.181344 -8.741170 -2.372364 0.000000 0.000000 0.000000 7.522586 -13.439151 14.058450 22.705460 7.550479 -4.604472 -12.455711 22.248409 -5.518573 4.556526 -4.873344 21.098541 0.035163 -2.682620 1.501690 0.000000 0.000000 0.000000 0.912803 1.884101 0.045616 -1.355183 -1.197395 -0.009285 0.000000 0.000000 0.000000 -1.970987 -14.106064 -0.495816 6.475949 13.895946 -1.172765 -4.819345 10.211972 0.045852 0.000000 0.000000 0.000000 4.078544 -8.305258 26.343558 -85.517704 -7.327217 7.922253 -4.027655 1.168887 -32.355508 0.000000 0.000000 0.000000 9.289093 -0.251439 -3.094237 -6.290666 -0.193984 3.528973 0.000000 0.000000 0.000000 -19.955494 8.559880 43.910669 0.000000 0.000000 0.000000 -5.864699 14.599831 37.128075 74.376863 9.546320 12.560725 -5.091074 -1.444964 31.672109 0.000000 0.000000 0.000000 -18.226257 0.958149 -5.967895 7.141331 -0.139196 -2.230406 0.000000 0.000000 0.000000 12.430799 5.211799 -44.639185 0.000000 0.000000 0.000000
0.077642 0.910654 0.371658 0.000000 0.000000 0.000000 3.478581 23.653005 20.450779 -34.945053 -20.221066 -15.567210 -8.486108 20.098646 9.125473 8.885792 -21.201145 20.262654 -0.182839 -8.772712 -2.383279 0.000000 0.000000 0.000000 7.796892 -13.607212 14.363580 22.707383 7.567397 -4.614982 -12.435296 22.334818 -5.544786 4.573260 -4.913327 21.151748 0.033353 -2.590835 1.474863 0.000000 0.000000 0.000000 0.945887 1.747453 0.051245 -1.403278 -1.156940 -0.011414 0.000000 0.000000 0.000000 -1.959756 -14.013347 -0.490899 6.422653 13.903219 -1.170813 -4.911224 10.226154 0.051156 0.000000 0.000000 0.000000 4.194971 -8.398892 26.732591 -85.541473 -7.794829 8.424090 -4.169421 1.201550 -32.139670 0.000000 0.000000 0.000000 9.244928 -0.259171 -3.204640 -6.286800 -0.196344 3.574074 0.000000 0.000000 0.000000 -20.080012 8.608379 43.938640 0.000000 0.000000 0.000000 -6.067033 14.689107 37.493865 74.545089 9.586402 12.575212 -4.874067 -1.379351 31.586152 0.000000 0.000000 0.000000 -18.304626 0.951011 -5.897768 7.160073 -0.139838 -2.234808 0.000000 0.000000 0.000000 12.422044 5.220509 -44.541985 0.000000 0.000000 0.000000
0.089040 0.910750 0.384103 0.000000 0.000000 0.000000 3.378390 23.807528 20.575757 -34.972241 -20.293207 -15.630810 -8.820265 20.182516 9.235348 8.996467 -21.228678 20.536672 -0.184474 -8.790648 -2.399662 0.000000 0.000000 0.000000 8.152283 -13.797322 14.740642 22.540139 7.676500 -4.666296 -12.426788 22.499161 -5.588373 4.589507 -4.959389 21.199943 0.032705 -2.567872 1.459158 0.000000 0.000000 0.000000 1.028763 1.637132 0.060387 -1.444510 -1.140572 -0.012937 0.000000 0.000000 0.000000 -1.886822 -13.929423 -0.484954 6.297763 13.904324 -1.164333 -5.109651 10.239392 0.062275 0.000000 0.000000 0.000000 4.356733 -8.544763 27.321727 -85.487779 -8.510661 9.205864 -4.369328 1.248361 -31.876862 0.000000 0.000000 0.000000 9.174227 -0.264034 -3.289990 -6.273215 -0.199627 3.641680 0.000000 0.000000 0.000000 -20.267361 8.663126 44.067137 0.000000 0.000000 0.000000 -6.392769 14.807186 38.021622 74.781726 9.651120 12.606155 -4.688641 -1.321576 31.467477 0.000000 0.000000 0.000000 -18.327376 0.935115 -5.792043 7.176581 -0.139849 -2.229833 0.000000 0.000000 0.000000 12.433822 5.245620 -44.384556 0.000000 0.000000 0.000000
0.096702 0.912462 0.394793 0.000000 0.000000 0.000000 3.283322 23.957124 20.697637 -35.015707 -20.336573 -15.676655 -9.072412 20.203071 9.298783 9.093531 -21.228614 20.791590 -0.186146 -8.820860 -2.413078 0.000000 0.000000 0.000000 8.509259 -13.943052 15.088258 22.300638 7.764444 -4.697676 -12.437902 22.690928 -5.634830 4.591052 -4.939683 21.215561 0.032803 -2.571194 1.461636 0.000000 0.000000 0.000000 1.136032 1.562357 0.070838 -1.461902 -1.129995 -0.013631 0.000000 0.000000 0.000000 -1.788402 -13.854124 -0.478943 6.171675 13.897757 -1.156893 -5.328628 10.248146 0.074449 0.000000 0.000000 0.000000 4.533082 -8.684868 27.913534 -85.377631 -9.288428 10.065858 -4.580920 1.298767 -31.643090 0.000000 0.000000 0.000000 9.094400 -0.265323 -3.335168 -6.254702 -0.202461 3.704291 0.000000 0.000000 0.000000 -20.453676 8.708315 44.236656 0.000000 0.000000 0.000000 -6.712734 14.917756 38.533199 75.013488 9.742927 12.672893 -4.568554 -1.281838 31.331409 0.000000 0.000000 0.000000 -18.358888 0.922440 -5.703699 7.194278 -0.139908 -2.225262 0.000000 0.000000 0.000000 12.422842 5.261190 -44.226346 0.000000 0.000000 0.000000
0.107112 0.914811 0.404448 0.000000 0.000000 0.000000 3.164917 24.124688 20.833481 -35.075382 -20.365867 -15.716154 -9.278972 20.152686 9.319310 9.201468 -21.195472 21.095620 -0.188304 -8.842914 -2.434940 0.000000 0.000000 0.000000 8.923408 -14.061299 15.456423 21.932631 7.839614 -4.708942 -12.463163 22.949141 -5.695159 4.579561 -4.841219 21.211747 0.033670 -2.618649 1.473040 0.000000 0.000000 0.000000 1.283389 1.511797 0.084115 -1.466042 -1.131644 -0.013733 0.000000 0.000000 0.000000 -1.650440 -13.783175 -0.472373 6.029191 13.880149 -1.147329 -5.593653 10.256742 0.089173 0.000000 0.000000 0.000000 4.747437 -8.835611 28.581889 -85.178423 -10.158419 11.046073 -4.849734 1.363892 -31.398747 0.000000 0.000000 0.000000 9.036109 -0.263395 -3.332387 -6.228612 -0.205062 3.767586 0.000000 0.000000 0.000000 -20.640794 8.743026 44.454293 0.000000 0.000000 0.000000 -7.071087 15.031214 39.087094 75.278585 9.869623 12.776335 -4.484723 -1.250663 31.150617 0.000000 0.000000 0.000000 -18.367907 0.909954 -5.623814 7.216920 -0.138938 -2.202891 0.000000 0.000000 0.000000 12.422939 5.284033 -44.048274 0.000000 0.000000 0.000000
0.121141 0.914040 0.412351 0.000000 0.000000 0.000000 3.047695 24.326848 21.001518 -35.198071 -20.343859 -15.733408 -9.373599 20.023631 9.278755 9.299566 -21.175799 21.365359 -0.190490 -8.853622 -2.460215 0.000000 0.000000 0.000000 9.348644 -14.152992 15.814779 21.527494 7.888318 -4.700409 -12.527041 23.205563 -5.746582 4.570078 -4.734547 21.220331 0.035340 -2.695650 1.501937 0.000000 0.000000 0.000000 1.451599 1.493642 0.098380 -1.456139 -1.144861 -0.013231 0.000000 0.000000 0.000000 -1.464133 -13.708576 -0.464744 5.872773 13.843614 -1.134923 -5.893323 10.236460 0.104950 0.000000 0.000000 0.000000 4.954295 -8.986870 29.249382 -84.889803 -10.962427 11.979381 -5.147338 1.441324 -31.267475 0.000000 0.000000 0.000000 8.955574 -0.260095 -3.320359 -6.196999 -0.207006 3.822696 0.000000 0.000000 0.000000 -20.841923 8.782436 44.674606 0.000000 0.000000 0.000000 -7.440288 15.141673 39.649876 75.468596 10.013306 12.917725 -4.435206 -1.232133 31.037744 0.000000 0.000000 0.000000 -18.388738 0.901598 -5.565834 7.237434 -0.138167 -2.184448 0.000000 0.000000 0.000000 12.423954 5.306075 -43.879753 0.000000 0.000000 0.000000
0.140864 0.916974 0.420493 0.000000 0.000000 0.000000 2.925162 24.554931 21.193535 -35.392757 -20.222210 -15.692882 -9.340299 19.762473 9.148836 9.390460 -21.148514 21.621055 -0.192965 -8.841120 -2.495700 0.000000 0.000000 0.000000 9.821122 -14.216750 16.187124 21.030192 7.884859 -4.652124 -12.627129 23.523433 -5.805377 4.554849 -4.591682 21.221046 0.038015 -2.826264 1.540915 0.000000 0.000000 0.000000 1.655272 1.495805 0.115042 -1.431083 -1.176385 -0.011980 0.000000 0.000000 0.000000 -1.208147 -13.620976 -0.455315 5.693800 13.777806 -1.118162 -6.252560 10.191752 0.123030 0.000000 0.000000 0.000000 5.177949 -9.141732 29.952171 -84.499757 -11.778712 12.957756 -5.498805 1.535865 -31.190019 0.000000 0.000000 0.000000 8.854962 -0.254254 -3.282841 -6.158263 -0.208789 3.879878 0.000000 0.000000 0.000000 -21.068639 8.825049 44.926859 0.000000 0.000000 0.000000 -7.836090 15.250588 40.237883 75.643887 10.166710 13.073931 -4.397189 -1.218168 30.955657 0.000000 0.000000 0.000000 -18.416789 0.894633 -5.514357 7.263241 -0.137451 -2.165384 0.000000 0.000000 0.000000 12.433770 5.331125 -43.717615 0.000000 0.000000 0.000000
0.163047 0.919102 0.428884 0.000000 0.000000 0.000000 2.825330 24.798474 21.403467 -35.641831 -20.064261 -15.638494 -9.280115 19.556556 9.039549 9.440862 -21.098513 21.785372 -0.196841 -8.864938 -2.538950 0.000000 0.000000 0.000000 10.262939 -14.240089 16.510328 20.611364 7.777266 -4.550299 -12.748879 23.818267 -5.853013 4.533135 -4.421588 21.206378 0.039903 -2.905431 1.573351 0.000000 0.000000 0.000000 1.860057 1.529348 0.130847 -1.401177 -1.204482 -0.010615 0.000000 0.000000 0.000000 -0.969723 -13.531983 -0.446594 5.526764 13.725344 -1.103708 -6.579861 10.141596 0.138913 0.000000 0.000000 0.000000 5.373631 -9.273794 30.562400 -84.079086 -12.442007 13.786660 -5.876114 1.644406 -31.244072 0.000000 0.000000 0.000000 8.787766 -0.248931 -3.238816 -6.126661 -0.209951 3.921606 0.000000 0.000000 0.000000 -21.268896 8.861365 45.151794 0.000000 0.000000 0.000000 -8.170111 15.349239 40.761218 75.748275 10.286276 13.202522 -4.396174 -1.216451 30.920898 0.000000 0.000000 0.000000 -18.454240 0.890859 -5.479813 7.297163 -0.136621 -2.142285 0.000000 0.000000 0.000000 12.441549 5.353182 -43.572316 0.000000 0.000000 0.000000
0.187113 0.917897 0.438475 0.000000 0.000000 0.000000 2.735207 25.080972 21.651336 -35.975041 -19.830789 -15.546927 -9.143558 19.318248 8.899779 9.467107 -21.004540 21.915122 -0.202808 -8.906501 -2.603641 0.000000 0.000000 0.000000 10.740222 -14.225903 16.831877 20.203530 7.583515 -4.400584 -12.912839 24.102760 -5.887938 4.503499 -4.180486 21.190342 0.041150 -2.971156 1.586601 0.000000 0.000000 0.000000 2.089828 1.583966 0.147895 -1.370721 -1.241462 -0.009079 0.000000 0.000000 0.000000 -0.706754 -13.429775 -0.437264 5.368969 13.661685 -1.088661 -6.918352 10.066856 0.154125 0.000000 0.000000 0.000000 5.573490 -9.391390 31.140146 -83.623721 -12.999398 14.517473 -6.319221 1.777803 -31.398145 0.000000 0.000000 0.000000 8.717752 -0.245501 -3.219944 -6.091907 -0.210629 3.956718 0.000000 0.000000 0.000000 -21.465709 8.904215 45.336747 0.000000 0.000000 0.000000 -8.485897 15.447394 41.277139 75.806218 10.375406 13.302757 -4.393969 -1.216411 30.934722 0.000000 0.000000 0.000000 -18.498833 0.890024 -5.461277 7.336884 -0.135914 -2.119634 0.000000 0.000000 0.000000 12.463446 5.377039 -43.460931 0.000000 0.000000 0.000000
0.212103 0.917688 0.446105 0.000000 0.000000 0.000000 2.646067 25.365650 21.902859 -36.313752 -19.568716 -15.432463 -9.025061 19.145585 8.795040 9.484358 -20.930112 22.008928 -0.209175 -8.970081 -2.666246 0.000000 0.000000 0.000000 11.162196 -14.180631 17.092894 19.904577 7.300711 -4.210768 -13.045697 24.302678 -5.907997 4.484673 -3.944247 21.219559 0.041418 -2.977580 1.593506 0.000000 0.000000 0.000000 2.305705 1.666098 0.162670 -1.327917 -1.269999 -0.007263 0.000000 0.000000 0.000000 -0.455727 -13.325114 -0.428554 5.197996 13.611125 -1.074553 -7.221034 9.991066 0.166971 0.000000 0.000000 0.000000 5.720882 -9.484334 31.587662 -83.219088 -13.322817 14.982807 -6.743774 1.914348 -31.663225 0.000000 0.000000 0.000000 8.695029 -0.241851 -3.180418 -6.071625 -0.210995 3.976844 0.000000 0.000000 0.000000 -21.615796 8.937812 45.471636 0.000000 0.000000 0.000000 -8.713895 15.528416 41.682785 75.802373 10.397001 13.331263 -4.418008 -1.226246 31.011162 0.000000 0.000000 0.000000 -18.545653 0.886394 -5.425083 7.365691 -0.135536 -2.105460 0.000000 0.000000 0.000000 12.488404 5.402507 -43.347878 0.000000 0.000000 0.000000
0.233152 0.921266 0.453891 0.000000 0.000000 0.000000 2.569904 25.621926 22.131028 -36.655113 -19.229983 -15.255502 -8.872543 18.985005 8.689582 9.463374 -20.814803 22.029079 -0.217280 -9.066003 -2.740100 0.000000 0.000000 0.000000 11.520388 -14.082874 17.270140 19.695033 6.885090 -3.953903 -13.133139 24.465734 -5.928800 4.462364 -3.685984 21.244470 0.040504 -2.944118 1.576077 0.000000 0.000000 0.000000 2.519944 1.774572 0.176064 -1.272580 -1.295363 -0.005076 0.000000 0.000000 0.000000 -0.212635 -13.207959 -0.420031 5.013348 13.561668 -1.060042 -7.494623 9.907676 0.177568 0.000000 0.000000 0.000000 5.822501 -9.545181 31.888315 -82.863705 -13.473656 15.245889 -7.167027 2.059880 -32.034020 0.000000 0.000000 0.000000 8.709024 -0.237857 -3.122883 -6.062217 -0.210756 3.978512 0.000000 0.000000 0.000000 -21.729609 8.964974 45.565255 0.000000 0.000000 0.000000 -8.846604 15.589157 41.958980 75.762881 10.344942 13.274096 -4.445898 -1.240258 31.160957 0.000000 0.000000 0.000000 -18.615242 0.877384 -5.349617 7.404309 -0.135706 -2.097069 0.000000 0.000000 0.000000 12.519691 5.430816 -43.234780 0.000000 0.000000 0.000000
0.251723 0.922593 0.461915 0.000000 0.000000 0.000000 2.528324 25.868512 22.354699 -36.987215 -18.910444 -15.088804 -8.806511 18.962557 8.665932 9.439094 -20.705510 22.036675 -0.225648 -9.194710 -2.805599 0.000000 0.000000 0.000000 11.805813 -13.989228 17.399621 19.607654 6.466966 -3.706882 -13.209783 24.547803 -5.931696 4.450580 -3.487043 21.288329 0.038865 -2.851177 1.561584 0.000000 0.000000 0.000000 2.712514 1.906050 0.186487 -1.216710 -1.308521 -0.003055 0.000000 0.000000 0.000000 0.008817 -13.108813 -0.412958 4.856534 13.519399 -1.047823 -7.722739 9.824862 0.185473 0.000000 0.000000 0.000000 5.861108 -9.586977 32.057815 -82.577391 -13.436662 15.280020 -7.549730 2.204146 -32.509533 0.000000 0.000000 0.000000 8.715766 -0.234535 -3.076895 -6.062667 -0.210496 3.973330 0.000000 0.000000 0.000000 -21.841251 9.003236 45.604306 0.000000 0.000000 0.000000 -8.905115 15.633226 42.129828 75.669065 10.266053 13.195302 -4.495544 -1.261525 31.335917 0.000000 0.000000 0.000000 -18.675413 0.879324 -5.343870 7.442810 -0.135923 -2.089529 0.000000 0.000000 0.000000 12.541298 5.445118 -43.197372 0.000000 0.000000 0.000000
0.268044 0.924992 0.469750 0.000000 0.000000 0.000000 2.497195 26.120790 22.585492 -37.323914 -18.598071 -14.926636 -8.769742 19.027459 8.688642 9.418464 -20.575733 22.067477 -0.235020 -9.339871 -2.876484 0.000000 0.000000 0.000000 12.046841 -13.872986 17.480501 19.615009 6.013937 -3.447384 -13.284714 24.560206 -5.917595 4.447533 -3.299110 21.367020 0.036292 -2.721126 1.527936 0.000000 0.000000 0.000000 2.901624 2.069516 0.194950 -1.163185 -1.319482 -0.001135 0.000000 0.000000 0.000000 0.227328 -13.009633 -0.406325 4.695235 13.473691 -1.035153 -7.932189 9.730962 0.191568 0.000000 0.000000 0.000000 5.858189 -9.611861 32.127434 -82.348427 -13.240320 15.117447 -7.918532 2.357520 -33.113352 0.000000 0.000000 0.000000 8.710643 -0.230954 -3.031723 -6.066294 -0.209795 3.957733 0.000000 0.000000 0.000000 -21.945075 9.045741 45.609528 0.000000 0.000000 0.000000 -8.901717 15.668034 42.224780 75.524209 10.151752 13.082703 -4.547319 -1.286068 31.569331 0.000000 0.000000 0.000000 -18.738221 0.887077 -5.372551 7.488487 -0.136038 -2.078512 0.000000 0.000000 0.000000 12.566269 5.454553 -43.208700 0.000000 0.000000 0.000000
0.281321 0.923942 0.478677 0.000000 0.000000 0.000000 2.499214 26.334242 22.783864 -37.575852 -18.355954 -14.796889 -8.871965 19.227082 8.801918 9.396792 -20.412218 22.118040 -0.244213 -9.506425 -2.936372 0.000000 0.000000 0.000000 12.193289 -13.785934 17.516928 19.744946 5.698849 -3.275148 -13.291119 24.414981 -5.880123 4.459530 -3.181385 21.480137 0.031918 -2.495863 1.465123 0.000000 0.000000 0.000000 3.056606 2.224859 0.200619 -1.101473 -1.318082 0.000837 0.000000 0.000000 0.000000 0.404274 -12.951833 -0.401881 4.592761 13.447982 -1.027515 -8.074131 9.655177 0.194893 0.000000 0.000000 0.000000 5.795373 -9.612181 32.052399 -82.232738 -12.870990 14.726500 -8.206424 2.492025 -33.734192 0.000000 0.000000 0.000000 8.694386 -0.232768 -3.061262 -6.081613 -0.208905 3.931012 0.000000 0.000000 0.000000 -22.037506 9.109403 45.499819 0.000000 0.000000 0.000000 -8.815721 15.686043 42.205577 75.315116 10.019574 12.961311 -4.609595 -1.314219 31.811272 0.000000 0.000000 0.000000 -18.831888 0.910425 -5.485872 7.518218 -0.137058 -2.085790 0.000000 0.000000 0.000000 12.572145 5.444364 -43.306501 0.000000 0.000000 0.000000
0.291597 0.919045 0.488137 0.000000 0.000000 0.000000 2.500934 26.555195 22.989622 -37.769436 -18.220853 -14.737656 -9.094571 19.549563 8.997844 9.392242 -20.189816 22.253996 -0.253682 -9.725025 -2.981326 0.000000 0.000000 0.000000 12.281114 -13.716274 17.525235 19.978279 5.528182 -3.191950 -13.262980 24.101233 -5.808733 4.493950 -3.105868 21.675056 0.025884 -2.174401 1.363876 0.000000 0.000000 0.000000 3.197620 2.386939 0.204547 -1.039448 -1.314270 0.002773 0.000000 0.000000 0.000000 0.550750 -12.918885 -0.398747 4.534001 13.432894 -1.023122 -8.172223 9.574063 0.195618 0.000000 0.000000 0.000000 5.707902 -9.594032 31.893848 -82.209534 -12.379691 14.171490 -8.443504 2.619819 -34.422671 0.000000 0.000000 0.000000 8.658696 -0.238491 -3.149453 -6.105863 -0.207803 3.894741 0.000000 0.000000 0.000000 -22.120979 9.184470 45.324211 0.000000 0.000000 0.000000 -8.679434 15.703957 42.145614 75.022053 9.898619 12.872738 -4.688486 -1.348892 32.085805 0.000000 0.000000 0.000000 -18.956280 0.952692 -5.701858 7.553306 -0.138455 -2.097237 0.000000 0.000000 0.000000 12.564425 5.413803 -43.515379 0.000000 0.000000 0.000000
0.300769 0.917666 0.498000 0.000000 0.000000 0.000000 2.515870 26.747577 23.170204 -37.836002 -18.242095 -14.772293 -9.484903 19.977783 9.280768 9.422227 -19.969166 22.482730 -0.260802 -9.925654 -3.002741 0.000000 0.000000 0.000000 12.329575 -13.677893 17.529830 20.236404 5.511146 -3.198673 -13.221406 23.808110 -5.745357 4.537005 -3.112908 21.867618 0.020377 -1.851484 1.261037 0.000000 0.000000 0.000000 3.291989 2.556073 0.204370 -0.984307 -1.304113 0.004361 0.000000 0.000000 0.000000 0.667073 -12.929214 -0.397275 4.513478 13.430429 -1.021877 -8.224095 9.511684 0.194944 0.000000 0.000000 0.000000 5.622289 -9.571146 31.724330 -82.264442 -11.831033 13.531870 -8.617003 2.732115 -35.127565 0.000000 0.000000 0.000000 8.643247 -0.246468 -3.260582 -6.134850 -0.207222 3.865493 0.000000 0.000000 0.000000 -22.175513 9.251991 45.129232 0.000000 0.000000 0.000000 -8.540198 15.716440 42.068548 74.678298 9.845659 12.883266 -4.762682 -1.386601 32.448444 0.000000 0.000000 0.000000 -19.118029 1.005275 -5.964272 7.602657 -0.140300 -2.111345 0.000000 0.000000 0.000000 12.562918 5.379373 -43.775271 0.000000 0.000000 0.000000
0.310312 0.917588 0.507747 0.000000 0.000000 0.000000 2.538804 26.919614 23.332636 -37.787793 -18.424907 -14.908521 -10.028265 20.496348 9.644232 9.489012 -19.727477 22.827121 -0.264722 -10.099563 -2.995129 0.000000 0.000000 0.000000 12.333218 -13.659249 17.517979 20.534549 5.656212 -3.302658 -13.164527 23.497704 -5.680892 4.598244 -3.208630 22.096113 0.014689 -1.482098 1.135644 0.000000 0.000000 0.000000 3.355706 2.735623 0.201272 -0.934581 -1.297735 0.005840 0.000000 0.000000 0.000000 0.762730 -12.982035 -0.397169 4.531734 13.444039 -1.024146 -8.237682 9.460229 0.192950 0.000000 0.000000 0.000000 5.545256 -9.533626 31.522942 -82.408320 -11.233288 12.817336 -8.729116 2.830004 -35.867439 0.000000 0.000000 0.000000 8.639555 -0.257081 -3.402357 -6.167822 -0.206923 3.839261 0.000000 0.000000 0.000000 -22.200734 9.310439 44.920290 0.000000 0.000000 0.000000 -8.385993 15.724754 41.968500 74.282771 9.853845 12.985862 -4.862767 -1.435964 32.886448 0.000000 0.000000 0.000000 -19.341688 1.075802 -6.306854 7.658315 -0.141779 -2.118047 0.000000 0.000000 0.000000 12.541396 5.326366 -44.113081 0.000000 0.000000 0.000000
0.320371 0.918185 0.516451 0.000000 0.000000 0.000000 2.566682 27.059904 23.465884 -37.611876 -18.798595 -15.165586 -10.701264 21.098790 10.084566 9.587881 -19.505106 23.248087 -0.268277 -10.269913 -2.984740 0.000000 0.000000 0.000000 12.297045 -13.684039 17.511576 20.815691 5.984686 -3.514388 -13.103591 23.194329 -5.618799 4.672960 -3.388147 22.339231 0.010257 -1.154775 1.017800 0.000000 0.000000 0.000000 3.373674 2.908272 0.195076 -0.902927 -1.282249 0.006552 0.000000 0.000000 0.000000 0.806731 -13.077879 -0.398873 4.591580 13.470693 -1.029781 -8.201360 9.426909 0.189510 0.000000 0.000000 0.000000 5.472894 -9.504013 31.350821 -82.598053 -10.599623 12.055566 -8.805700 2.919517 -36.625711 0.000000 0.000000 0.000000 8.649310 -0.268597 -3.550648 -6.202718 -0.206796 3.815294 0.000000 0.000000 0.000000 -22.209995 9.360500 44.718763 0.000000 0.000000 0.000000 -8.243758 15.740601 41.899411 73.829801 9.938866 13.204676 -4.904945 -1.475477 33.466509 0.000000 0.000000 0.000000 -19.558283 1.143721 -6.628659 7.726796 -0.144829 -2.144362 0.000000 0.000000 0.000000 12.605377 5.306883 -44.473957 0.000000 0.000000 0.000000
0.332822 0.914216 0.525553 0.000000 0.000000 0.000000 2.604402 27.194882 23.594918 -37.332274 -19.374924 -15.556609 -11.543942 21.777871 10.612690 9.729955 -19.306636 23.772681 -0.268938 -10.447167 -2.941071 0.000000 0.000000 0.000000 12.231469 -13.748357 17.514915 21.112858 6.513299 -3.847969 -13.055882 22.906296 -5.557425 4.769549 -3.689271 22.611658 0.006560 -0.839299 0.895676 0.000000 0.000000 0.000000 3.354462 3.078557 0.186383 -0.897138 -1.269037 0.006475 0.000000 0.000000 0.000000 0.811964 -13.214737 -0.402192 4.700627 13.506316 -1.038786 -8.113512 9.400783 0.184024 0.000000 0.000000 0.000000 5.420665 -9.472674 31.197888 -82.864667 -9.906113 11.215597 -8.877787 3.015921 -37.465015 0.000000 0.000000 0.000000 8.688031 -0.282209 -3.713797 -6.245201 -0.207208 3.796863 0.000000 0.000000 0.000000 -22.193944 9.394644 44.539405 0.000000 0.000000 0.000000 -8.099921 15.771106 41.869792 73.302619 10.096245 13.541041 -4.900567 -1.510305 34.239742 0.000000 0.000000 0.000000 -19.801013 1.218795 -6.974654 7.820694 -0.149231 -2.182927 0.000000 0.000000 0.000000 12.770446 5.318596 -44.918269 0.000000 0.000000 0.000000
0.346861 0.912654 0.533375 0.000000 0.000000 0.000000 2.629146 27.278562 23.675012 -36.923052 -20.122898 -16.045092 -12.406829 22.447870 11.155521 9.891701 -19.136664 24.333569 -0.268526 -10.608345 -2.891726 0.000000 0.000000 0.000000 12.123550 -13.843333 17.511882 21.378772 7.170557 -4.259367 -12.987085 22.644813 -5.506928 4.868999 -3.993412 22.888948 0.004266 -0.607966 0.803997 0.000000 0.000000 0.000000 3.290451 3.232514 0.175442 -0.908709 -1.246929 0.005669 0.000000 0.000000 0.000000 0.763275 -13.398218 -0.407698 4.855578 13.570606 -1.053138 -7.982427 9.417816 0.178670 0.000000 0.000000 0.000000 5.384953 -9.449447 31.088269 -83.158866 -9.226725 10.393763 -8.899739 3.095854 -38.298481 0.000000 0.000000 0.000000 8.734049 -0.295029 -3.861851 -6.282345 -0.207529 3.780228 0.000000 0.000000 0.000000 -22.140831 9.407595 44.382345 0.000000 0.000000 0.000000 -8.003971 15.797081 41.865538 72.784749 10.366066 14.032039 -4.834840 -1.531242 35.129406 0.000000 0.000000 0.000000 -20.052498 1.289389 -7.283435 7.945046 -0.155129 -2.233562 0.000000 0.000000 0.000000 12.993316 5.351307 -45.375219 0.000000 0.000000 0.000000
0.363652 0.910504 0.542076 0.000000 0.000000 0.000000 2.642267 27.311574 23.706841 -36.376088 -21.041325 -16.621767 -13.300346 23.092458 11.707703 10.066066 -18.973913 24.926431 -0.264919 -10.755271 -2.813710 0.000000 0.000000 0.000000 11.953981 -13.953303 17.476658 21.628807 7.955530 -4.750072 -12.898867 22.415551 -5.468255 4.975514 -4.328048 23.174266 0.002714 -0.428283 0.726203 0.000000 0.000000 0.000000 3.182284 3.380989 0.161998 -0.942320 -1.223766 0.004152 0.000000 0.000000 0.000000 0.654721 -13.636062 -0.416052 5.077272 13.658742 -1.073580 -7.790051 9.471282 0.172096 0.000000 0.000000 0.000000 5.351747 -9.424102 30.975569 -83.512859 -8.515405 9.534086 -8.881994 3.162932 -39.138856 0.000000 0.000000 0.000000 8.798591 -0.308807 -4.012314 -6.307588 -0.207694 3.768066 0.000000 0.000000 0.000000 -22.034770 9.393876 44.240619 0.000000 0.000000 0.000000 -7.930401 15.814570 41.855625 72.252845 10.734763 14.669296 -4.711123 -1.537864 36.139726 0.000000 0.000000 0.000000 -20.298568 1.354779 -7.557353 8.075937 -0.162244 -2.298001 0.000000 0.000000 0.000000 13.294416 5.410580 -45.859303 0.000000 0.000000 0.000000
0.381648 0.911336 0.548992 0.000000 0.000000 0.000000 2.672062 27.310767 23.708149 -35.765527 -22.112896 -17.288137 -14.157096 23.685669 12.238086 10.257333 -18.883223 25.513600 -0.259019 -10.866803 -2.722680 0.000000 0.000000 0.000000 11.787334 -14.098795 17.470540 21.820514 8.836477 -5.297403 -12.810068 22.216867 -5.437029 5.092049 -4.707380 23.471360 0.002029 -0.343068 0.677779 0.000000 0.000000 0.000000 3.034248 3.502117 0.147367 -1.009381 -1.191701 0.001432 0.000000 0.000000 0.000000 0.522693 -13.898979 -0.426119 5.300517 13.768646 -1.096831 -7.594632 9.547069 0.166216 0.000000 0.000000 0.000000 5.372444 -9.415681 30.975204 -83.861943 -7.893670 8.784755 -8.857379 3.229832 -40.004903 0.000000 0.000000 0.000000 8.881036 -0.318782 -4.103250 -6.334400 -0.208244 3.762018 0.000000 0.000000 0.000000 -21.926787 9.357741 44.192826 0.000000 0.000000 0.000000 -7.910042 15.844429 41.921308 71.750102 11.185435 15.421770 -4.554101 -1.539748 37.344710 0.000000 0.000000 0.000000 -20.526029 1.397413 -7.706527 8.216853 -0.170767 -2.377081 0.000000 0.000000 0.000000 13.688956 5.513993 -46.278908 0.000000 0.000000 0.000000
0.398315 0.914552 0.557678 0.000000 0.000000 0.000000 2.714448 27.272823 23.675595 -35.082771 -23.321664 -18.023619 -14.928643 24.194318 12.713455 10.454796 -18.830746 26.089096 -0.248471 -10.937391 -2.594893 0.000000 0.000000 0.000000 11.615983 -14.259386 17.472283 21.979905 9.818364 -5.906359 -12.732351 22.033177 -5.406994 5.216857 -5.107037 23.784292 0.002057 -0.354512 0.664888 0.000000 0.000000 0.000000 2.840597 3.592563 0.131335 -1.119666 -1.158497 -0.002609 0.000000 0.000000 0.000000 0.353698 -14.204723 -0.439031 5.550686 13.906195 -1.125025 -7.366283 9.655804 0.159900 0.000000 0.000000 0.000000 5.445568 -9.403245 31.024484 -84.287316 -7.289332 8.052518 -8.826293 3.300736 -40.944199 0.000000 0.000000 0.000000 8.981815 -0.328749 -4.183791 -6.363262 -0.209851 3.773822 0.000000 0.000000 0.000000 -21.792897 9.292168 44.225151 0.000000 0.000000 0.000000 -7.911485 15.876689 42.010649 71.287044 11.702984 16.267167 -4.317461 -1.521040 38.799799 0.000000 0.000000 0.000000 -20.761455 1.419411 -7.737056 8.382560 -0.181981 -2.482901 0.000000 0.000000 0.000000 14.224588 5.672340 -46.689479 0.000000 0.000000 0.000000
0.412564 0.913807 0.567409 0.000000 0.000000 0.000000 2.762828 27.191864 23.603369 -34.367735 -24.581734 -18.769370 -15.631692 24.646487 13.149594 10.644479 -18.829742 26.603279 -0.239569 -11.020321 -2.483016 0.000000 0.000000 0.000000 11.411594 -14.451735 17.474425 22.104727 10.825284 -6.530336 -12.618702 21.885169 -5.393045 5.340688 -5.575723 24.046809 0.002868 -0.466331 0.704755 0.000000 0.000000 0.000000 2.617546 3.646560 0.115095 -1.242823 -1.129565 -0.006910 0.000000 0.000000 0.000000 0.161247 -14.501421 -0.453293 5.820725 14.050743 -1.155727 -7.124944 9.779367 0.153111 0.000000 0.000000 0.000000 5.536212 -9.407059 31.142123 -84.641400 -6.767650 7.430376 -8.842743 3.390195 -41.887460 0.000000 0.000000 0.000000 9.096330 -0.332303 -4.175571 -6.387954 -0.211912 3.796099 0.000000 0.000000 0.000000 -21.668862 9.210923 44.347097 0.000000 0.000000 0.000000 -7.969874 15.916188 42.164875 70.855392 12.251782 17.158817 -4.077170 -1.499557 40.372854 0.000000 0.000000 0.000000 -20.945080 1.418357 -7.662244 8.557575 -0.194827 -2.603565 0.000000 0.000000 0.000000 14.846806 5.873836 -47.015094 0.000000 0.000000 0.000000
0.423831 0.909420 0.577070 0.000000 0.000000 0.000000 2.837745 27.050953 23.477429 -33.627735 -25.867968 -19.506573 -16.165470 25.021701 13.504098 10.792788 -18.837688 26.997590 -0.231919 -11.128284 -2.380289 0.000000 0.000000 0.000000 11.170458 -14.661981 17.463570 22.195377 11.873411 -7.178178 -12.459822 21.740080 -5.388730 5.463909 -6.115077 24.260310 0.004694 -0.676402 0.795264 0.000000 0.000000 0.000000 2.366925 3.655168 0.098902 -1.393301 -1.104391 -0.011921 0.000000 0.000000 0.000000 -0.072125 -14.819232 -0.470597 6.127362 14.225729 -1.192733 -6.845727 9.936706 0.145166 0.000000 0.000000 0.000000 5.649053 -9.408771 31.280406 -84.981904 -6.308875 6.885779 -8.908384 3.505476 -42.893036 0.000000 0.000000 0.000000 9.199197 -0.330795 -4.110001 -6.399838 -0.214173 3.829447 0.000000 0.000000 0.000000 -21.556003 9.113887 44.563365 0.000000 0.000000 0.000000 -8.066226 15.950651 42.336006 70.497879 12.806320 18.046369 -3.809096 -1.467898 42.137925 0.000000 0.000000 0.000000 -21.078375 1.382774 -7.422368 8.739103 -0.209645 -2.743124 0.000000 0.000000 0.000000 15.597774 6.135404 -47.259888 0.000000 0.000000 0.000000
0.433470 0.909737 0.585122 0.000000 0.000000 0.000000 2.905327 26.871391 23.315592 -32.908240 -27.063147 -20.161682 -16.529234 25.263206 13.740894 10.922987 -18.890294 27.306875 -0.221443 -11.153312 -2.267671 0.000000 0.000000 0.000000 10.896380 -14.858325 17.418303 22.238590 12.855793 -7.781752 -12.317465 21.605335 -5.383313 5.574267 -6.607997 24.439897 0.007720 -0.957675 0.923651 0.000000 0.000000 0.000000 2.103900 3.646415 0.082526 -1.533860 -1.086819 -0.016458 0.000000 0.000000 0.000000 -0.295145 -15.106553 -0.487823 6.408041 14.380026 -1.226780 -6.585715 10.088180 0.137255 0.000000 0.000000 0.000000 5.753133 -9.419032 31.434196 -85.258276 -5.965832 6.480121 -8.983671 3.610692 -43.723899 0.000000 0.000000 0.000000 9.349806 -0.327349 -4.001480 -6.412480 -0.216069 3.855692 0.000000 0.000000 0.000000 -21.408613 9.001782 44.783550 0.000000 0.000000 0.000000 -8.160314 15.980860 42.494377 70.170184 13.349055 18.916993 -3.589895 -1.442709 43.777604 0.000000 0.000000 0.000000 -21.148935 1.336559 -7.150513 8.888097 -0.222311 -2.859852 0.000000 0.000000 0.000000 16.311011 6.399134 -47.381245 0.000000 0.000000 0.000000
0.441888 0.909350 0.593092 0.000000 0.000000 0.000000 2.964885 26.651253 23.116287 -32.207457 -28.187542 -20.752537 -16.666888 25.384551 13.847853 11.021440 -18.959284 27.516734 -0.209291 -11.106589 -2.152335 0.000000 0.000000 0.000000 10.597804 -15.043444 17.346802 22.245363 13.796669 -8.355773 -12.187002 21.466685 -5.374174 5.674623 -7.067815 24.592174 0.012962 -1.348220 1.101629 0.000000 0.000000 0.000000 1.811428 3.609522 0.065081 -1.676639 -1.084618 -0.020817 0.000000 0.000000 0.000000 -0.523163 -15.385039 -0.506078 6.686921 14.531212 -1.261151 -6.317639 10.255150 0.128747 0.000000 0.000000 0.000000 5.865800 -9.425290 31.587274 -85.546134 -5.695585 6.155622 -9.076822 3.718189 -44.481468 0.000000 0.000000 0.000000 9.556450 -0.320284 -3.830211 -6.423304 -0.217726 3.878677 0.000000 0.000000 0.000000 -21.217517 8.861659 45.050354 0.000000 0.000000 0.000000 -8.255595 16.002736 42.631455 69.939133 13.873703 19.736121 -3.349525 -1.402074 45.417710 0.000000 0.000000 0.000000 -21.161896 1.271477 -6.798884 9.023209 -0.233693 -2.961022 0.000000 0.000000 0.000000 17.066482 6.689970 -47.434718 0.000000 0.000000 0.000000
0.450358 0.908014 0.597765 0.000000 0.000000 0.000000 3.024641 26.403408 22.892347 -31.561872 -29.150053 -21.227938 -16.710889 25.419458 13.879967 11.082196 -19.013205 27.636773 -0.200331 -11.092888 -2.062771 0.000000 0.000000 0.000000 10.284196 -15.208654 17.249456 22.208726 14.645950 -8.867209 -12.057913 21.349720 -5.370020 5.748085 -7.506382 24.647066 0.019756 -1.752370 1.291744 0.000000 0.000000 0.000000 1.535438 3.544945 0.049264 -1.809928 -1.076808 -0.024951 0.000000 0.000000 0.000000 -0.755908 -15.609537 -0.523560 6.956522 14.662962 -1.293337 -6.063608 10.406147 0.119724 0.000000 0.000000 0.000000 5.956388 -9.436647 31.729679 -85.737314 -5.554556 5.983223 -9.269877 3.853976 -45.077075 0.000000 0.000000 0.000000 9.724782 -0.317940 -3.736122 -6.439237 -0.220667 3.921290 0.000000 0.000000 0.000000 -21.071946 8.747705 45.290709 0.000000 0.000000 0.000000 -8.350886 16.018546 42.752409 69.774793 14.316414 20.420284 -3.116294 -1.352754 46.922033 0.000000 0.000000 0.000000 -21.133238 1.200018 -6.426453 9.142631 -0.244592 -3.058429 0.000000 0.000000 0.000000 17.805057 6.987080 -47.414184 0.000000 0.000000 0.000000
0.457978 0.907624 0.602926 0.000000 0.000000 0.000000 3.090823 26.118300 22.635826 -30.985309 -29.933301 -21.585562 -16.581518 25.355664 13.807306 11.083807 -19.047992 27.613444 -0.193777 -11.081457 -1.997369 0.000000 0.000000 0.000000 9.953348 -15.355660 17.126266 22.136569 15.433607 -9.334427 -11.921967 21.206178 -5.360102 5.797207 -7.932917 24.613799 0.029103 -2.214084 1.505967 0.000000 0.000000 0.000000 1.272175 3.446761 0.034805 -1.943920 -1.069359 -0.029083 0.000000 0.000000 0.000000 -1.009878 -15.803205 -0.541591 7.221558 14.799768 -1.326549 -5.805527 10.575581 0.110346 0.000000 0.000000 0.000000 6.028012 -9.448240 31.850464 -85.864226 -5.536337 5.950396 -9.561761 4.026686 -45.595895 0.000000 0.000000 0.000000 9.883510 -0.317933 -3.675789 -6.453080 -0.223857 3.969382 0.000000 0.000000 0.000000 -20.961700 8.649964 45.528606 0.000000 0.000000 0.000000 -8.436424 16.027830 42.847872 69.736709 14.665922 20.927734 -2.829179 -1.271099 48.380087 0.000000 0.000000 0.000000 -21.073608 1.112832 -5.977617 9.277466 -0.255941 -3.153574 0.000000 0.000000 0.000000 18.602457 7.318543 -47.339992 0.000000 0.000000 0.000000
0.469084 0.904970 0.608784 0.000000 0.000000 0.000000 3.152614 25.827047 22.374653 -30.529143 -30.519771 -21.837798 -16.334897 25.228869 13.666568 11.042589 -19.045990 27.504674 -0.187587 -11.063523 -1.936726 0.000000 0.000000 0.000000 9.608000 -15.461833 16.962759 22.035315 16.091321 -9.716135 -11.799726 21.070596 -5.349205 5.818798 -8.267439 24.524381 0.039063 -2.630601 1.701213 0.000000 0.000000 0.000000 1.047229 3.356117 0.022251 -2.040135 -1.067566 -0.032005 0.000000 0.000000 0.000000 -1.222670 -15.948666 -0.556658 7.452132 14.892451 -1.352601 -5.592363 10.705082 0.101726 0.000000 0.000000 0.000000 6.055188 -9.461351 31.922206 -85.900180 -5.671966 6.092306 -9.804283 4.144038 -45.742789 0.000000 0.000000 0.000000 9.978851 -0.323563 -3.704944 -6.456082 -0.226416 4.012853 0.000000 0.000000 0.000000 -20.879327 8.584762 45.671665 0.000000 0.000000 0.000000 -8.514480 16.015464 42.877592 69.764918 14.919365 21.274274 -2.616262 -1.202750 49.372491 0.000000 0.000000 0.000000 -20.984314 1.043407 -5.629645 9.346248 -0.264312 -3.232607 0.000000 0.000000 0.000000 19.158892 7.559218 -47.245402 0.000000 0.000000 0.000000
0.482975 0.905206 0.611968 0.000000 0.000000 0.000000 3.185935 25.549950 22.124969 -30.172225 -30.937798 -22.001724 -15.993865 25.018540 13.454153 10.966421 -18.997452 27.338874 -0.185068 -11.040337 -1.914767 0.000000 0.000000 0.000000 9.280764 -15.537354 16.789695 21.891001 16.661856 -10.035158 -11.694694 20.910560 -5.328282 5.818306 -8.525471 24.392370 0.049644 -3.019562 1.883363 0.000000 0.000000 0.000000 0.853772 3.262098 0.011514 -2.112467 -1.079966 -0.034072 0.000000 0.000000 0.000000 -1.411493 -16.052347 -0.569352 7.670819 14.960698 -1.375109 -5.410450 10.812868 0.093912 0.000000 0.000000 0.000000 6.062153 -9.481249 31.989576 -85.867891 -5.985525 6.432636 -10.026361 4.221969 -45.584475 0.000000 0.000000 0.000000 10.033279 -0.333402 -3.796713 -6.451868 -0.228493 4.052292 0.000000 0.000000 0.000000 -20.828743 8.549251 45.738911 0.000000 0.000000 0.000000 -8.608057 15.994652 42.896726 69.900126 15.073145 21.438247 -2.415322 -1.126608 50.007574 0.000000 0.000000 0.000000 -20.855824 0.982714 -5.336006 9.372342 -0.269848 -3.291052 0.000000 0.000000 0.000000 19.585671 7.747917 -47.156914 0.000000 0.000000 0.000000
0.497128 0.904394 0.615712 0.000000 0.000000 0.000000 3.215850 25.287831 21.889549 -29.914969 -31.212552 -22.098813 -15.646989 24.810019 13.243070 10.878386 -18.936826 27.150174 -0.183264 -11.019338 -1.899735 0.000000 0.000000 0.000000 8.987118 -15.572146 16.610665 21.713500 17.081799 -10.254545 -11.620740 20.819807 -5.319094 5.792101 -8.700468 24.207397 0.059691 -3.352295 2.039625 0.000000 0.000000 0.000000 0.702531 3.194185 0.002789 -2.156891 -1.085295 -0.035369 0.000000 0.000000 0.000000 -1.573492 -16.112656 -0.579187 7.825033 14.999853 -1.389964 -5.274749 10.892009 0.087826 0.000000 0.000000 0.000000 6.053117 -9.498043 32.028303 -85.786691 -6.405187 6.893270 -10.249779 4.278647 -45.225184 0.000000 0.000000 0.000000 10.034875 -0.346118 -3.940782 -6.458916 -0.231866 4.107565 0.000000 0.000000 0.000000 -20.832837 8.542613 45.778109 0.000000 0.000000 0.000000 -8.704551 15.954056 42.863235 70.084123 15.147215 21.470554 -2.243604 -1.054986 50.363257 0.000000 0.000000 0.000000 -20.747953 0.933999 -5.098757 9.388732 -0.273947 -3.335167 0.000000 0.000000 0.000000 19.855133 7.873695 -47.070526 0.000000 0.000000 0.000000
0.510259 0.905350 0.617716 0.000000 0.000000 0.000000 3.252208 25.018468 21.649141 -29.755222 -31.318546 -22.111626 -15.265988 24.587082 13.016802 10.755939 -18.850110 26.888415 -0.183691 -11.003603 -1.906898 0.000000 0.000000 0.000000 8.697632 -15.568257 16.406894 21.522584 17.375346 -10.393275 -11.555025 20.732297 -5.309037 5.737649 -8.815815 23.948059 0.068856 -3.640274 2.166521 0.000000 0.000000 0.000000 0.601761 3.146166 -0.003071 -2.173592 -1.093771 -0.035802 0.000000 0.000000 0.000000 -1.719598 -16.144343 -0.587117 7.941333 15.024249 -1.400558 -5.166688 10.956313 0.082875 0.000000 0.000000 0.000000 6.016517 -9.505965 32.007281 -85.634660 -6.959016 7.508976 -10.462006 4.306134 -44.650655 0.000000 0.000000 0.000000 9.968138 -0.359536 -4.120953 -6.456770 -0.235011 4.164614 0.000000 0.000000 0.000000 -20.897748 8.568619 45.783294 0.000000 0.000000 0.000000 -8.792872 15.887440 42.750124 70.348873 15.125643 21.337727 -2.076768 -0.977646 50.414014 0.000000 0.000000 0.000000 -20.661772 0.896019 -4.912502 9.392334 -0.276281 -3.362263 0.000000 0.000000 0.000000 19.967013 7.934452 -46.993298 0.000000 0.000000 0.000000
0.533201 0.905964 0.621980 0.000000 0.000000 0.000000 3.328475 24.702041 21.371698 -29.675807 -31.264809 -22.040920 -14.838704 24.384739 12.791369 10.597409 -18.760904 26.529496 -0.183090 -10.965138 -1.907370 0.000000 0.000000 0.000000 8.382575 -15.513679 16.149426 21.342827 17.526558 -10.447454 -11.476107 20.702606 -5.316587 5.668116 -8.907393 23.645615 0.076863 -3.884253 2.266417 0.000000 0.000000 0.000000 0.549108 3.132409 -0.006379 -2.160336 -1.087415 -0.035455 0.000000 0.000000 0.000000 -1.849678 -16.139677 -0.592626 7.984609 15.014746 -1.402028 -5.091226 11.002678 0.079380 0.000000 0.000000 0.000000 5.907988 -9.507262 31.879753 -85.438901 -7.515585 8.137002 -10.581769 4.281443 -43.962219 0.000000 0.000000 0.000000 9.884214 -0.370262 -4.279964 -6.463009 -0.238057 4.214463 0.000000 0.000000 0.000000 -21.002707 8.616910 45.762604 0.000000 0.000000 0.000000 -8.824607 15.793682 42.514063 70.688144 15.007291 21.043069 -1.916694 -0.897978 50.203294 0.000000 0.000000 0.000000 -20.571712 0.857110 -4.720414 9.374642 -0.278774 -3.399012 0.000000 0.000000 0.000000 19.967786 7.954747 -46.894599 0.000000 0.000000 0.000000
0.543637 0.910805 0.626417 0.000000 0.000000 0.000000 3.407652 24.368257 21.080703 -29.662697 -31.072645 -21.896791 -14.404793 24.182635 12.566702 10.420779 -18.665415 26.124093 -0.184737 -10.921178 -1.932320 0.000000 0.000000 0.000000 8.084699 -15.418543 15.875549 21.150689 17.561063 -10.428488 -11.385280 20.677623 -5.327645 5.585359 -8.953549 23.316548 0.083330 -4.090838 2.332900 0.000000 0.000000 0.000000 0.557510 3.146681 -0.006078 -2.120312 -1.078900 -0.034319 0.000000 0.000000 0.000000 -1.967941 -16.092735 -0.595473 7.955466 14.983706 -1.396041 -5.053933 11.035347 0.077858 0.000000 0.000000 0.000000 5.754635 -9.510137 31.703807 -85.175741 -8.170616 8.886492 -10.648155 4.210987 -43.058974 0.000000 0.000000 0.000000 9.759420 -0.377878 -4.423991 -6.473024 -0.241053 4.260844 0.000000 0.000000 0.000000 -21.171355 8.694266 45.731012 0.000000 0.000000 0.000000 -8.854998 15.675846 42.208814 71.102321 14.784147 20.578942 -1.766106 -0.817898 49.695756 0.000000 0.000000 0.000000 -20.442261 0.815845 -4.522426 9.338280 -0.278706 -3.411465 0.000000 0.000000 0.000000 19.853107 7.937287 -46.750598 0.000000 0.000000 0.000000
0.556061 0.912613 0.631534 0.000000 0.000000 0.000000 3.527785 24.018997 20.782705 -29.685137 -30.838797 -21.736727 -14.066262 24.056247 12.409608 10.256097 -18.590423 25.733025 -0.184853 -10.857581 -1.944919 0.000000 0.000000 0.000000 7.812588 -15.313314 15.613201 20.990186 17.472041 -10.342111 -11.317799 20.814583 -5.376840 5.486392 -9.005682 22.925329 0.088125 -4.239545 2.380520 0.000000 0.000000 0.000000 0.582867 3.186511 -0.005119 -2.078866 -1.051710 -0.033324 0.000000 0.000000 0.000000 -2.050424 -16.039885 -0.596371 7.903419 14.927658 -1.385309 -5.048394 11.050319 0.077867 0.000000 0.000000 0.000000 5.571984 -9.508730 31.481898 -84.858661 -8.774517 9.595762 -10.629971 4.118915 -42.266594 0.000000 0.000000 0.000000 9.628035 -0.378482 -4.491747 -6.482610 -0.242878 4.286728 0.000000 0.000000 0.000000 -21.312512 8.760920 45.696336 0.000000 0.000000 0.000000 -8.828546 15.556300 41.852339 71.475718 14.536635 20.101982 -1.716234 -0.783927 49.096590 0.000000 0.000000 0.000000 -20.346046 0.788342 -4.391207 9.288516 -0.277412 -3.413902 0.000000 0.000000 0.000000 19.646283 7.887318 -46.579671 0.000000 0.000000 0.000000
0.561283 0.918838 0.635145 0.000000 0.000000 0.000000 3.662142 23.666436 20.485975 -29.725980 -30.558537 -21.550312 -13.821867 23.974565 12.301975 10.113458 -18.543524 25.378890 -0.186134 -10.772925 -1.973873 0.000000 0.000000 0.000000 7.596857 -15.201238 15.385347 20.821485 17.286065 -10.196693 -11.253536 21.030145 -5.446383 5.381137 -9.049439 22.515379 0.090475 -4.335523 2.389857 0.000000 0.000000 0.000000 0.639009 3.253651 -0.002648 -2.032315 -1.015477 -0.032287 0.000000 0.000000 0.000000 -2.093839 -15.973271 -0.594813 7.807449 14.848092 -1.368806 -5.086819 11.047619 0.080175 0.000000 0.000000 0.000000 5.380075 -9.510523 31.260444 -84.467785 -9.363522 10.309371 -10.561845 4.008296 -41.471966 0.000000 0.000000 0.000000 9.490153 -0.371651 -4.475079 -6.485672 -0.243085 4.288341 0.000000 0.000000 0.000000 -21.449867 8.825946 45.662379 0.000000 0.000000 0.000000 -8.784900 15.436419 41.481401 71.809117 14.284019 19.637594 -1.747303 -0.783788 48.316511 0.000000 0.000000 0.000000 -20.258862 0.773191 -4.325801 9.235944 -0.271879 -3.364973 0.000000 0.000000 0.000000 19.341560 7.809702 -46.342178 0.000000 0.000000 0.000000
0.584656 0.918140 0.631668 0.000000 0.000000 0.000000 3.833550 23.321144 20.203085 -29.743150 -30.304291 -21.373351 -13.697764 23.968319 12.265967 10.004853 -18.512962 25.104454 -0.185569 -10.698321 -1.981691 0.000000 0.000000 0.000000 7.423697 -15.107469 15.200269 20.690234 17.026861 -10.016106 -11.213847 21.391294 -5.549926 5.275834 -9.149468 22.082275 0.092003 -4.405691 2.391467 0.000000 0.000000 0.000000 0.702561 3.333800 -0.000014 -1.998411 -0.967656 -0.031769 0.000000 0.000000 0.000000 -2.106812 -15.903857 -0.591781 7.710261 14.758593 -1.351071 -5.132265 11.024470 0.082422 0.000000 0.000000 0.000000 5.164064 -9.515684 31.022820 -84.009342 -9.781239 10.855253 -10.430696 3.910957 -41.017229 0.000000 0.000000 0.000000 9.384455 -0.359821 -4.381742 -6.471236 -0.241913 4.277215 0.000000 0.000000 0.000000 -21.535002 8.868289 45.632352 0.000000 0.000000 0.000000 -8.705319 15.325019 41.106604 72.053443 14.045275 19.227512 -1.867317 -0.825548 47.697780 0.000000 0.000000 0.000000 -20.177295 0.756567 -4.250335 9.173696 -0.266167 -3.316744 0.000000 0.000000 0.000000 19.040797 7.739794 -46.066591 0.000000 0.000000 0.000000
0.602028 0.918903 0.642554 0.000000 0.000000 0.000000 4.035963 22.968497 19.920840 -29.714100 -30.078268 -21.198947 -13.748062 24.047664 12.320773 9.941624 -18.509614 24.933485 -0.186268 -10.638584 -2.000388 0.000000 0.000000 0.000000 7.310578 -15.045918 15.079421 20.589826 16.702385 -9.803795 -11.179006 21.881531 -5.687177 5.171243 -9.312131 21.628646 0.091879 -4.446852 2.366109 0.000000 0.000000 0.000000 0.782966 3.431692 0.003264 -1.977203 -0.903591 -0.031816 0.000000 0.000000 0.000000 -2.088085 -15.825110 -0.586944 7.594853 14.657066 -1.330841 -5.200901 10.981602 0.085584 0.000000 0.000000 0.000000 4.921824 -9.531965 30.789578 -83.456172 -10.088289 11.304182 -10.243953 3.817643 -40.791996 0.000000 0.000000 0.000000 9.295279 -0.342194 -4.207414 -6.449801 -0.239500 4.248681 0.000000 0.000000 0.000000 -21.592461 8.901889 45.589535 0.000000 0.000000 0.000000 -8.609813 15.218593 40.734620 72.211358 13.822382 18.871252 -2.103702 -0.917756 47.135377 0.000000 0.000000 0.000000 -20.082755 0.744101 -4.200433 9.092531 -0.257282 -3.234821 0.000000 0.000000 0.000000 18.688338 7.659684 -45.724044 0.000000 0.000000 0.000000
0.619285 0.920222 0.653925 0.000000 0.000000 0.000000 4.267933 22.648353 19.674198 -29.710981 -29.878645 -21.053757 -13.853849 24.177199 12.416773 9.918168 -18.561382 24.830310 -0.186140 -10.554477 -2.015029 0.000000 0.000000 0.000000 7.233669 -14.998656 14.993492 20.516867 16.292186 -9.546944 -11.181985 22.517767 -5.855891 5.073788 -9.515530 21.189446 0.091384 -4.461038 2.345891 0.000000 0.000000 0.000000 0.849104 3.526396 0.005554 -1.973444 -0.834226 -0.032434 0.000000 0.000000 0.000000 -2.049442 -15.737511 -0.580876 7.499227 14.529976 -1.308698 -5.263876 10.921181 0.087907 0.000000 0.000000 0.000000 4.688663 -9.547788 30.568151 -82.874906 -10.214835 11.562545 -10.030055 3.743779 -40.854178 0.000000 0.000000 0.000000 9.270476 -0.320957 -3.957097 -6.445654 -0.236294 4.194556 0.000000 0.000000 0.000000 -21.593075 8.911292 45.548190 0.000000 0.000000 0.000000 -8.466215 15.137738 40.399013 72.215019 13.658420 18.648017 -2.391429 -1.035344 46.814470 0.000000 0.000000 0.000000 -20.000877 0.725341 -4.111716 9.026104 -0.248633 -3.149214 0.000000 0.000000 0.000000 18.431752 7.629914 -45.316014 0.000000 0.000000 0.000000
0.640405 0.917993 0.665671 0.000000 0.000000 0.000000 4.522453 22.336958 19.441431 -29.687538 -29.688078 -20.907441 -14.045478 24.349428 12.558648 9.936989 -18.658632 24.809223 -0.187536 -10.464747 -2.047633 0.000000 0.000000 0.000000 7.205455 -14.967294 14.951929 20.465473 15.793938 -9.243003 -11.191479 23.267848 -6.053887 4.976909 -9.773249 20.737112 0.089638 -4.441490 2.311205 0.000000 0.000000 0.000000 0.904106 3.617409 0.007108 -1.980714 -0.763201 -0.033377 0.000000 0.000000 0.000000 -1.972365 -15.635210 -0.572607 7.412711 14.369082 -1.282974 -5.326759 10.827405 0.089296 0.000000 0.000000 0.000000 4.466659 -9.560916 30.354161 -82.236410 -10.180630 11.653237 -9.773163 3.681770 -41.206299 0.000000 0.000000 0.000000 9.280060 -0.293216 -3.611571 -6.440743 -0.231285 4.108850 0.000000 0.000000 0.000000 -21.554774 8.901046 45.521584 0.000000 0.000000 0.000000 -8.288228 15.075366 40.091265 72.090893 13.566715 18.565300 -2.753592 -1.188098 46.671187 0.000000 0.000000 0.000000 -19.928541 0.703171 -4.000898 8.985458 -0.238180 -3.030575 0.000000 0.000000 0.000000 18.228232 7.635409 -44.829781 0.000000 0.000000 0.000000
0.656400 0.916606 0.679367 0.000000 0.000000 0.000000 4.822596 22.029261 19.221756 -29.680806 -29.486583 -20.759748 -14.281782 24.558987 12.733285 9.980810 -18.801431 24.822593 -0.186685 -10.364405 -2.058183 0.000000 0.000000 0.000000 7.195274 -14.961113 14.940622 20.468198 15.234819 -8.913677 -11.235669 24.127738 -6.273756 4.890074 -10.070949 20.313460 0.088886 -4.418357 2.303843 0.000000 0.000000 0.000000 0.952417 3.664839 0.009125 -2.013932 -0.681393 -0.035117 0.000000 0.000000 0.000000 -1.909288 -15.525802 -0.564670 7.364431 14.203979 -1.259113 -5.358477 10.730104 0.088652 0.000000 0.000000 0.000000 4.247512 -9.563734 30.116492 -81.602427 -9.943020 11.508750 -9.495670 3.631355 -41.781130 0.000000 0.000000 0.000000 9.346500 -0.268643 -3.285459 -6.436483 -0.225930 4.016454 0.000000 0.000000 0.000000 -21.469188 8.885416 45.428817 0.000000 0.000000 0.000000 -8.040328 15.032119 39.787452 71.882055 13.511313 18.559872 -3.083152 -1.332281 46.731762 0.000000 0.000000 0.000000 -19.860578 0.676572 -3.863098 8.954835 -0.229452 -2.929599 0.000000 0.000000 0.000000 18.094497 7.666843 -44.356122 0.000000 0.000000 0.000000
0.669226 0.917965 0.692598 0.000000 0.000000 0.000000 5.179875 21.683998 18.982466 -29.666350 -29.279335 -20.605116 -14.599705 24.857052 12.978898 10.034004 -18.964138 24.846597 -0.187899 -10.258503 -2.093070 0.000000 0.000000 0.000000 7.186347 -14.971876 14.942323 20.548362 14.559278 -8.529194 -11.274275 25.130011 -6.533033 4.800941 -10.441321 19.864016 0.087528 -4.365477 2.296155 0.000000 0.000000 0.000000 1.002486 3.677596 0.012000 -2.067936 -0.585516 -0.037488 0.000000 0.000000 0.000000 -1.863696 -15.402826 -0.556847 7.363823 14.027627 -1.236561 -5.338879 10.625259 0.084779 0.000000 0.000000 0.000000 4.008165 -9.545699 29.800356 -80.957099 -9.502110 11.124489 -9.179474 3.587457 -42.621922 0.000000 0.000000 0.000000 9.472000 -0.243777 -2.941830 -6.428660 -0.219076 3.899457 0.000000 0.000000 0.000000 -21.310802 8.853324 45.269894 0.000000 0.000000 0.000000 -7.702323 14.992122 39.430896 71.609191 13.493271 18.626846 -3.406989 -1.481676 46.997756 0.000000 0.000000 0.000000 -19.779086 0.642513 -3.684176 8.921584 -0.219279 -2.810233 0.000000 0.000000 0.000000 18.045166 7.737662 -43.862530 0.000000 0.000000 0.000000
0.679878 0.919574 0.704421 0.000000 0.000000 0.000000 5.563403 21.340401 18.753140 -29.670616 -28.992956 -20.400696 -14.925954 25.103356 13.201454 10.124630 -19.194864 24.921400 -0.188209 -10.132859 -2.122648 0.000000 0.000000 0.000000 7.196524 -14.971113 14.948643 20.643587 13.766845 -8.077274 -11.320665 26.253252 -6.823102 4.708677 -10.800994 19.416440 0.086850 -4.328312 2.297940 0.000000 0.000000 0.000000 1.039654 3.678160 0.014332 -2.140109 -0.476676 -0.040342 0.000000 0.000000 0.000000 -1.816542 -15.256493 -0.547931 7.336177 13.808424 -1.207148 -5.318212 10.500147 0.080362 0.000000 0.000000 0.000000 3.759531 -9.516054 29.445227 -80.325713 -8.855724 10.484708 -8.760681 3.507136 -43.570356 0.000000 0.000000 0.000000 9.610509 -0.213203 -2.535762 -6.442353 -0.212403 3.772712 0.000000 0.000000 0.000000 -21.132617 8.817525 45.087196 0.000000 0.000000 0.000000 -7.315687 14.953431 39.049082 71.258184 13.462019 18.702433 -3.689578 -1.619866 47.394849 0.000000 0.000000 0.000000 -19.713516 0.600641 -3.455904 8.878988 -0.210898 -2.715874 0.000000 0.000000 0.000000 17.985427 7.806026 -43.356629 0.000000 0.000000 0.000000
0.689098 0.919439 0.713307 0.000000 0.000000 0.000000 5.958419 20.975430 18.512528 -29.652486 -28.617997 -20.124496 -15.265670 25.325259 13.416720 10.252135 -19.478951 25.055121 -0.190062 -10.012953 -2.169342 0.000000 0.000000 0.000000 7.258854 -14.955651 14.979615 20.727236 12.869619 -7.560446 -11.334487 27.449707 -7.141607 4.609906 -11.160290 18.955233 0.086761 -4.310139 2.305265 0.000000 0.000000 0.000000 1.080473 3.649136 0.017587 -2.235699 -0.350222 -0.043766 0.000000 0.000000 0.000000 -1.770065 -15.083696 -0.537887 7.303253 13.546737 -1.172209 -5.275021 10.349042 0.074076 0.000000 0.000000 0.000000 3.500281 -9.467001 29.028830 -79.680718 -8.030937 9.618373 -8.217314 3.382110 -44.685036 0.000000 0.000000 0.000000 9.749110 -0.177085 -2.076217 -6.457987 -0.203609 3.607856 0.000000 0.000000 0.000000 -20.919715 8.773785 44.869794 0.000000 0.000000 0.000000 -6.883100 14.906632 38.620511 70.869487 13.428798 18.788579 -3.944955 -1.753860 47.924744 0.000000 0.000000 0.000000 -19.662466 0.551705 -3.182887 8.839486 -0.201907 -2.611797 0.000000 0.000000 0.000000 17.934605 7.879933 -42.840818 0.000000 0.000000 0.000000
0.697325 0.918034 0.720631 0.000000 0.000000 0.000000 6.348502 20.690353 18.341594 -29.759866 -28.202292 -19.864883 -15.596004 25.511000 13.611588 10.383288 -19.824303 25.151865 -0.188378 -9.854995 -2.184743 0.000000 0.000000 0.000000 7.359582 -14.943962 15.039261 20.838131 11.853216 -6.975837 -11.394129 28.773872 -7.483460 4.510613 -11.479835 18.513016 0.086327 -4.275509 2.312336 0.000000 0.000000 0.000000 1.116149 3.604537 0.020905 -2.335904 -0.237567 -0.046984 0.000000 0.000000 0.000000 -1.705958 -14.895914 -0.526698 7.223411 13.273444 -1.133768 -5.253812 10.180863 0.068669 0.000000 0.000000 0.000000 3.277195 -9.413505 28.643229 -79.043368 -7.048280 8.538610 -7.581968 3.208013 -45.818191 0.000000 0.000000 0.000000 9.870814 -0.135105 -1.564471 -6.471014 -0.194710 3.443302 0.000000 0.000000 0.000000 -20.691761 8.724357 44.644828 0.000000 0.000000 0.000000 -6.427771 14.884270 38.250091 70.439554 13.334080 18.803526 -4.208679 -1.896621 48.501586 0.000000 0.000000 0.000000 -19.590436 0.499559 -2.892983 8.790132 -0.194623 -2.531787 0.000000 0.000000 0.000000 17.870871 7.953968 -42.292251 0.000000 0.000000 0.000000
0.705916 0.914287 0.726417 0.000000 0.000000 0.000000 6.743330 20.468544 18.226437 -29.932145 -27.715285 -19.576292 -15.968619 25.662397 13.801422 10.552209 -20.235544 25.298683 -0.187132 -9.646020 -2.217538 0.000000 0.000000 0.000000 7.574000 -14.929634 15.174046 20.919399 10.663822 -6.283230 -11.466632 30.302019 -7.877468 4.403620 -11.757499 18.063619 0.085311 -4.219992 2.315218 0.000000 0.000000 0.000000 1.176302 3.531580 0.026507 -2.457241 -0.121579 -0.050490 0.000000 0.000000 0.000000 -1.621073 -14.673444 -0.513456 7.087443 12.976147 -1.090247 -5.257933 9.972519 0.063647 0.000000 0.000000 0.000000 3.082536 -9.353892 28.274239 -78.380046 -5.857547 7.181464 -6.771745 2.949332 -47.030030 0.000000 0.000000 0.000000 9.954066 -0.083288 -0.956374 -6.469564 -0.183858 3.252245 0.000000 0.000000 0.000000 -20.424222 8.663744 44.387489 0.000000 0.000000 0.000000 -5.950633 14.877750 37.914524 70.013994 13.184026 18.738517 -4.494415 -2.056203 49.150786 0.000000 0.000000 0.000000 -19.516848 0.434457 -2.525768 8.718135 -0.187621 -2.460965 0.000000 0.000000 0.000000 17.771834 8.023817 -41.678145 0.000000 0.000000 0.000000
0.717356 0.913507 0.729726 0.000000 0.000000 0.000000 7.066392 20.344478 18.180479 -30.205163 -27.266092 -19.348819 -16.339072 25.801099 13.985231 10.724284 -20.632525 25.461329 -0.188157 -9.490545 -2.266368 0.000000 0.000000 0.000000 7.839140 -14.898215 15.331239 20.991075 9.443503 -5.569888 -11.551844 31.677147 -8.226550 4.306383 -11.899783 17.690158 0.083489 -4.147562 2.305369 0.000000 0.000000 0.000000 1.240172 3.467393 0.032209 -2.554952 -0.026350 -0.053144 0.000000 0.000000 0.000000 -1.537819 -14.437367 -0.499984 6.944213 12.686162 -1.048094 -5.260216 9.777045 0.058844 0.000000 0.000000 0.000000 2.921891 -9.293972 27.942611 -77.753782 -4.616287 5.724085 -5.957260 2.663322 -48.145342 0.000000 0.000000 0.000000 10.020805 -0.031187 -0.355724 -6.466953 -0.174219 3.083058 0.000000 0.000000 0.000000 -20.123386 8.574164 44.193891 0.000000 0.000000 0.000000 -5.512650 14.884347 37.645440 69.524705 12.993919 18.636623 -4.825815 -2.238661 49.752184 0.000000 0.000000 0.000000 -19.410057 0.379050 -2.216092 8.639624 -0.180456 -2.388590 0.000000 0.000000 0.000000 17.680798 8.089932 -41.099923 0.000000 0.000000 0.000000
0.728521 0.911590 0.729421 0.000000 0.000000 0.000000 7.320427 20.349729 18.227674 -30.570593 -26.855132 -19.178773 -16.746127 25.927660 14.174501 10.923236 -21.068465 25.662359 -0.188373 -9.352961 -2.302486 0.000000 0.000000 0.000000 8.207476 -14.860956 15.554965 21.045485 8.176952 -4.826306 -11.675287 33.000917 -8.549680 4.226686 -11.946312 17.404123 0.080521 -4.044874 2.279929 0.000000 0.000000 0.000000 1.319522 3.395901 0.039183 -2.658255 0.044846 -0.055641 0.000000 0.000000 0.000000 -1.451799 -14.176124 -0.485662 6.776933 12.380446 -1.003869 -5.277664 9.568135 0.054434 0.000000 0.000000 0.000000 2.825908 -9.241381 27.699397 -77.119368 -3.325341 4.170928 -5.106665 2.341146 -49.235391 0.000000 0.000000 0.000000 10.058485 0.023864 0.271167 -6.459278 -0.164285 2.910800 0.000000 0.000000 0.000000 -19.800646 8.462517 44.056335 0.000000 0.000000 0.000000 -5.102281 14.932766 37.506726 68.957458 12.744051 18.472657 -5.232699 -2.462007 50.370457 0.000000 0.000000 0.000000 -19.248794 0.332639 -1.961415 8.558281 -0.172088 -2.299590 0.000000 0.000000 0.000000 17.609678 8.160799 -40.542940 0.000000 0.000000 0.000000
0.735888 0.912930 0.728123 0.000000 0.000000 0.000000 7.474243 20.478078 18.356568 -31.033932 -26.458046 -19.049601 -17.122928 25.996220 14.323716 11.126378 -21.489740 25.880669 -0.192935 -9.290107 -2.374254 0.000000 0.000000 0.000000 8.657935 -14.817572 15.831358 21.048192 6.972965 -4.114652 -11.837070 34.072559 -8.790556 4.186761 -11.820982 17.298766 0.076773 -3.926990 2.239103 0.000000 0.000000 0.000000 1.400323 3.350392 0.045672 -2.727752 0.100344 -0.057278 0.000000 0.000000 0.000000 -1.346945 -13.924587 -0.471736 6.573144 12.128249 -0.965685 -5.324029 9.392231 0.052163 0.000000 0.000000 0.000000 2.756803 -9.221196 27.573494 -76.484919 -2.099469 2.663703 -4.272532 2.002111 -50.199716 0.000000 0.000000 0.000000 10.041612 0.082777 0.942179 -6.445267 -0.155290 2.757482 0.000000 0.000000 0.000000 -19.517745 8.345097 44.029398 0.000000 0.000000 0.000000 -4.796718 14.991603 37.463100 68.320457 12.529697 18.379149 -5.767425 -2.744723 50.870579 0.000000 0.000000 0.000000 -19.118411 0.288063 -1.710415 8.475925 -0.163398 -2.204782 0.000000 0.000000 0.000000 17.443804 8.204108 -39.889988 0.000000 0.000000 0.000000
0.739141 0.912494 0.727190 0.000000 0.000000 0.000000 7.552582 20.701603 18.548968 -31.589767 -26.093215 -18.972282 -17.585448 26.067427 14.500817 11.369174 -21.940680 26.173792 -0.200976 -9.287427 -2.473895 0.000000 0.000000 0.000000 9.190025 -14.760432 16.155226 21.024725 5.736509 -3.382572 -12.049716 35.048880 -8.986635 4.175659 -11.527657 17.335512 0.073098 -3.821980 2.190559 0.000000 0.000000 0.000000 1.495665 3.324965 0.052648 -2.775357 0.140214 -0.058368 0.000000 0.000000 0.000000 -1.230303 -13.658308 -0.457402 6.319228 11.894440 -0.928881 -5.394545 9.229098 0.051186 0.000000 0.000000 0.000000 2.709474 -9.223719 27.532371 -75.860307 -0.859503 1.102869 -3.437093 1.644285 -51.122035 0.000000 0.000000 0.000000 9.962974 0.147850 1.696126 -6.417584 -0.146874 2.619359 0.000000 0.000000 0.000000 -19.277431 8.218642 44.140252 0.000000 0.000000 0.000000 -4.548889 15.069713 37.505124 67.584179 12.319955 18.322330 -6.473508 -3.113949 51.341244 0.000000 0.000000 0.000000 -18.980656 0.234109 -1.400363 8.390788 -0.153754 -2.095804 0.000000 0.000000 0.000000 17.225949 8.247710 -39.090548 0.000000 0.000000 0.000000
0.735655 0.915060 0.730478 0.000000 0.000000 0.000000 7.549592 20.981717 18.773797 -32.149927 -25.701854 -18.872842 -17.869715 26.058723 14.580252 11.536534 -22.271261 26.358218 -0.213258 -9.360816 -2.604374 0.000000 0.000000 0.000000 9.685397 -14.669766 16.430581 20.986400 4.619203 -2.721141 -12.230198 35.640633 -9.086642 4.179324 -11.143329 17.448665 0.068556 -3.686143 2.130217 0.000000 0.000000 0.000000 1.574529 3.331055 0.057699 -2.784307 0.158615 -0.058606 0.000000 0.000000 0.000000 -1.112102 -13.434663 -0.445407 6.104744 11.706517 -0.899751 -5.454154 9.106016 0.050601 0.000000 0.000000 0.000000 2.674792 -9.218005 27.481552 -75.267805 0.274583 -0.356117 -2.625269 1.276561 -51.857489 0.000000 0.000000 0.000000 9.892553 0.205071 2.369225 -6.401980 -0.139928 2.501629 0.000000 0.000000 0.000000 -19.064274 8.098447 44.282081 0.000000 0.000000 0.000000 -4.307819 15.138626 37.527441 66.814857 12.117112 18.283417 -7.183156 -3.479018 51.639492 0.000000 0.000000 0.000000 -18.871072 0.204138 -1.228325 8.321549 -0.144354 -1.984124 0.000000 0.000000 0.000000 16.976649 8.252815 -38.401589 0.000000 0.000000 0.000000
0.728925 0.916921 0.736162 0.000000 0.000000 0.000000 7.468932 21.308614 19.025049 -32.720745 -25.311448 -18.773498 -18.111318 26.021825 14.630905 11.673799 -22.517290 26.525359 -0.230403 -9.527232 -2.764317 0.000000 0.000000 0.000000 10.164598 -14.544640 16.670151 20.915671 3.569869 -2.099719 -12.377199 35.949256 -9.120088 4.204161 -10.600914 17.682979 0.063968 -3.539935 2.069841 0.000000 0.000000 0.000000 1.656214 3.366260 0.062102 -2.759116 0.151671 -0.058090 0.000000 0.000000 0.000000 -0.992193 -13.223705 -0.434386 5.881839 11.527867 -0.872149 -5.522321 9.008301 0.050956 0.000000 0.000000 0.000000 2.637471 -9.208511 27.417789 -74.705911 1.356746 -1.777514 -1.801143 0.886317 -52.399460 0.000000 0.000000 0.000000 9.799243 0.259266 3.023750 -6.394903 -0.134084 2.399831 0.000000 0.000000 0.000000 -18.905461 7.989223 44.491035 0.000000 0.000000 0.000000 -4.071721 15.202429 37.539572 65.947735 11.905079 18.260684 -7.991887 -3.880367 51.740847 0.000000 0.000000 0.000000 -18.701385 0.190079 -1.154300 8.228963 -0.131588 -1.829112 0.000000 0.000000 0.000000 16.663593 8.219432 -37.733309 0.000000 0.000000 0.000000
0.714896 0.921213 0.779001 0.000000 0.000000 0.000000 7.368572 21.410697 19.092309 -33.153644 -24.697901 -18.454709 -17.961049 25.942438 14.540666 11.598377 -22.594485 26.282671 -0.250128 -9.738356 -2.935536 0.000000 0.000000 0.000000 10.337983 -14.325748 16.626770 20.908236 2.564214 -1.507837 -12.289356 35.884135 -9.132486 4.184398 -10.098502 17.751916 0.058418 -3.361606 1.990610 0.000000 0.000000 0.000000 1.663387 3.408315 0.061377 -2.664384 0.160444 -0.056279 0.000000 0.000000 0.000000 -0.906071 -13.105704 -0.428105 5.740815 11.435975 -0.857430 -5.492427 8.971577 0.048651 0.000000 0.000000 0.000000 2.550093 -9.105646 27.048137 -74.287591 2.318425 -3.060332 -1.097042 0.544489 -52.791617 0.000000 0.000000 0.000000 9.716025 0.305150 3.589164 -6.383245 -0.128229 2.299271 0.000000 0.000000 0.000000 -18.774988 7.891648 44.706290 0.000000 0.000000 0.000000 -3.715373 15.154270 37.197853 65.180534 11.689455 18.194374 -8.739544 -4.248209 51.781084 0.000000 0.000000 0.000000 -18.656482 0.184287 -1.121873 8.139422 -0.121905 -1.713239 0.000000 0.000000 0.000000 16.315106 8.148979 -37.151411 0.000000 0.000000 0.000000
0.698910 0.919472 0.758404 0.000000 0.000000 0.000000 6.924051 22.346874 19.793136 -33.673930 -24.618452 -18.566602 -18.260944 25.574059 14.417034 11.915433 -22.775057 26.940432 -0.270872 -9.957846 -3.108493 0.000000 0.000000 0.000000 11.212490 -14.316612 17.231464 20.727871 2.175163 -1.274421 -13.030058 35.462416 -8.769083 4.354866 -9.354474 18.597663 0.051705 -3.134370 1.889677 0.000000 0.000000 0.000000 1.679927 3.514098 0.059433 -2.646870 0.075027 -0.055547 0.000000 0.000000 0.000000 -0.694913 -13.024896 -0.421484 5.647497 11.377770 -0.848111 -5.683393 8.929244 0.055711 0.000000 0.000000 0.000000 2.847146 -9.293745 27.865207 -73.801392 2.774408 -3.694513 -0.741812 0.371228 -53.169424 0.000000 0.000000 0.000000 9.702117 0.344690 4.059708 -6.378158 -0.125234 2.247369 0.000000 0.000000 0.000000 -18.710738 7.808868 44.994208 0.000000 0.000000 0.000000 -3.905845 15.447606 38.048103 63.937124 11.721816 18.680284 -9.772009 -4.757600 51.835653 0.000000 0.000000 0.000000 -18.677997 0.222247 -1.351353 8.072440 -0.107922 -1.529378 0.000000 0.000000 0.000000 15.899406 8.049233 -36.518776 0.000000 0.000000 0.000000
0.676913 0.920567 0.774084 0.000000 0.000000 0.000000 6.530798 22.929951 20.223785 -34.043312 -24.329099 -18.466907 -18.249775 25.309369 14.261187 11.989040 -22.789838 27.111668 -0.288843 -10.177455 -3.242776 0.000000 0.000000 0.000000 11.634892 -14.215184 17.451890 20.702606 1.760507 -1.030925 -13.403682 34.853958 -8.486210 4.447644 -8.692810 19.160177 0.044400 -2.858686 1.779288 0.000000 0.000000 0.000000 1.631441 3.619598 0.053329 -2.568693 0.011937 -0.053635 0.000000 0.000000 0.000000 -0.546181 -13.018519 -0.418877 5.601698 11.378216 -0.846784 -5.755975 8.927260 0.058774 0.000000 0.000000 0.000000 3.012609 -9.355467 28.205922 -73.529021 3.154557 -4.221389 -0.457509 0.229473 -53.273861 0.000000 0.000000 0.000000 9.752861 0.378393 4.433000 -6.384024 -0.123723 2.218227 0.000000 0.000000 0.000000 -18.645356 7.726487 45.280159 0.000000 0.000000 0.000000 -3.932676 15.570625 38.372210 62.922715 11.720242 19.044456 -10.600766 -5.153448 51.754070 0.000000 0.000000 0.000000 -18.716725 0.257490 -1.562320 8.029066 -0.096851 -1.379941 0.000000 0.000000 0.000000 15.489419 7.919572 -36.049443 0.000000 0.000000 0.000000
0.653578 0.923424 0.789262 0.000000 0.000000 0.000000 6.071369 23.451165 20.603136 -34.286955 -24.022687 -18.310771 -18.168410 25.034684 14.079656 12.004194 -22.659697 27.243147 -0.306081 -10.397320 -3.363176 0.000000 0.000000 0.000000 11.894327 -14.084008 17.534831 20.747680 1.472582 -0.863086 -13.743126 34.033441 -8.165725 4.527470 -7.948343 19.726479 0.036696 -2.537523 1.656752 0.000000 0.000000 0.000000 1.533148 3.733354 0.043964 -2.446918 -0.066141 -0.050615 0.000000 0.000000 0.000000 -0.403124 -13.077776 -0.418723 5.603764 11.438905 -0.853566 -5.807825 8.957117 0.061897 0.000000 0.000000 0.000000 3.176928 -9.390239 28.473359 -73.475442 3.330531 -4.461119 -0.289495 0.144745 -53.129222 0.000000 0.000000 0.000000 9.891456 0.411408 4.751571 -6.412723 -0.124296 2.218498 0.000000 0.000000 0.000000 -18.624773 7.647774 45.647695 0.000000 0.000000 0.000000 -3.956605 15.646786 38.577690 61.968390 11.742921 19.435918 -11.362202 -5.507279 51.606101 0.000000 0.000000 0.000000 -18.802911 0.296924 -1.793147 7.971956 -0.085871 -1.232305 0.000000 0.000000 0.000000 15.020127 7.746073 -35.635514 0.000000 0.000000 0.000000
0.630747 0.923895 0.800743 0.000000 0.000000 0.000000 5.561960 23.956278 20.971897 -34.455900 -23.807366 -18.199341 -18.019622 24.807901 13.907134 11.989024 -22.496815 27.323906 -0.322164 -10.619868 -3.465243 0.000000 0.000000 0.000000 12.028387 -13.954860 17.530453 20.835757 1.367277 -0.802775 -13.986491 33.082493 -7.849148 4.610707 -7.315411 20.290030 0.030486 -2.257379 1.547262 0.000000 0.000000 0.000000 1.406703 3.895215 0.031796 -2.311707 -0.163103 -0.046989 0.000000 0.000000 0.000000 -0.289388 -13.174706 -0.420225 5.640589 11.503637 -0.861883 -5.839462 8.997318 0.064481 0.000000 0.000000 0.000000 3.351561 -9.429625 28.766572 -73.525717 3.273739 -4.381074 -0.302773 0.151089 -53.039770 0.000000 0.000000 0.000000 10.040508 0.444880 5.061115 -6.428044 -0.124678 2.220010 0.000000 0.000000 0.000000 -18.629193 7.572031 46.055715 0.000000 0.000000 0.000000 -4.087703 15.708853 38.818406 61.109147 11.817358 19.887432 -12.027759 -5.816281 51.487517 0.000000 0.000000 0.000000 -18.831306 0.336706 -2.030227 7.959601 -0.077585 -1.115130 0.000000 0.000000 0.000000 14.744167 7.653588 -35.322628 0.000000 0.000000 0.000000
0.608485 0.930465 0.809362 0.000000 0.000000 0.000000 4.976815 24.439189 21.322459 -34.562521 -23.626589 -18.093818 -17.727806 24.558234 13.682417 11.925104 -22.253879 27.342357 -0.334637 -10.833159 -3.528089 0.000000 0.000000 0.000000 12.017497 -13.803784 17.406502 20.973585 1.418153 -0.834943 -14.139193 31.973271 -7.526504 4.691148 -6.699912 20.858688 0.025181 -1.996118 1.445371 0.000000 0.000000 0.000000 1.247826 4.087929 0.017277 -2.153947 -0.283815 -0.042402 0.000000 0.000000 0.000000 -0.201112 -13.331922 -0.424041 5.715269 11.604592 -0.875495 -5.844475 9.062957 0.066688 0.000000 0.000000 0.000000 3.556032 -9.458471 29.064725 -73.746217 2.948224 -3.929832 -0.495373 0.246043 -52.825349 0.000000 0.000000 0.000000 10.256194 0.479870 5.343376 -6.464367 -0.127369 2.255139 0.000000 0.000000 0.000000 -18.652399 7.489189 46.542596 0.000000 0.000000 0.000000 -4.283522 15.747892 39.045697 60.329237 11.924330 20.374122 -12.602475 -6.071160 51.305213 0.000000 0.000000 0.000000 -18.809923 0.379218 -2.289145 7.966386 -0.069572 -0.999106 0.000000 0.000000 0.000000 14.564296 7.595023 -35.102367 0.000000 0.000000 0.000000
0.586740 0.930022 0.816611 0.000000 0.000000 0.000000 4.376725 24.883383 21.647424 -34.578193 -23.606664 -18.083424 -17.567930 24.434108 13.567316 11.855751 -21.948882 27.393180 -0.347158 -11.065158 -3.582851 0.000000 0.000000 0.000000 11.926481 -13.684151 17.250253 21.156686 1.628679 -0.962409 -14.266298 30.828494 -7.207346 4.764137 -6.129061 21.400603 0.021506 -1.792880 1.374384 0.000000 0.000000 0.000000 1.069096 4.301793 0.001648 -1.987268 -0.410142 -0.037208 0.000000 0.000000 0.000000 -0.111939 -13.500296 -0.427963 5.782900 11.701559 -0.888566 -5.863947 9.119934 0.069285 0.000000 0.000000 0.000000 3.752946 -9.502247 29.399404 -74.045460 2.368200 -3.139777 -0.843474 0.418082 -52.731551 0.000000 0.000000 0.000000 10.435030 0.509770 5.578154 -6.486436 -0.130652 2.305365 0.000000 0.000000 0.000000 -18.727543 7.424576 47.043996 0.000000 0.000000 0.000000 -4.610175 15.769561 39.319229 59.585801 12.096174 20.968784 -13.118330 -6.320492 51.299387 0.000000 0.000000 0.000000 -18.873686 0.429666 -2.584656 8.036824 -0.063368 -0.902014 0.000000 0.000000 0.000000 14.472664 7.572175 -34.944815 0.000000 0.000000 0.000000
0.563338 0.931605 0.821457 0.000000 0.000000 0.000000 3.736804 25.260589 21.917746 -34.505593 -23.689692 -18.124338 -17.401270 24.389748 13.495958 11.751420 -21.555283 27.422247 -0.358100 -11.304505 -3.617021 0.000000 0.000000 0.000000 11.695007 -13.555262 16.988608 21.392659 1.965742 -1.167075 -14.342578 29.597396 -6.885660 4.821817 -5.543156 21.907180 0.019199 -1.655308 1.328907 0.000000 0.000000 0.000000 0.866798 4.544019 -0.015243 -1.801526 -0.552071 -0.030972 0.000000 0.000000 0.000000 -0.035402 -13.703904 -0.433041 5.859036 11.808043 -0.903124 -5.880055 9.185567 0.072014 0.000000 0.000000 0.000000 3.939537 -9.541387 29.712796 -74.421707 1.491990 -1.964769 -1.330232 0.658718 -52.686772 0.000000 0.000000 0.000000 10.601880 0.536778 5.780390 -6.506470 -0.136036 2.392933 0.000000 0.000000 0.000000 -18.841379 7.366364 47.590249 0.000000 0.000000 0.000000 -5.050888 15.746464 39.560665 58.873025 12.327497 21.667897 -13.569920 -6.561246 51.447520 0.000000 0.000000 0.000000 -18.997339 0.485492 -2.900999 8.154321 -0.057049 -0.800339 0.000000 0.000000 0.000000 14.458447 7.586317 -34.810167 0.000000 0.000000 0.000000
0.537305 0.932335 0.823384 0.000000 0.000000 0.000000 3.135609 25.565548 22.134290 -34.338882 -23.916661 -18.245834 -17.345885 24.451518 13.515493 11.601012 -21.102655 27.378542 -0.369094 -11.561557 -3.644611 0.000000 0.000000 0.000000 11.361999 -13.444281 16.670908 21.675378 2.448576 -1.461971 -14.308084 28.380210 -6.600120 4.875494 -5.112490 22.340556 0.017696 -1.555273 1.303668 0.000000 0.000000 0.000000 0.655790 4.808078 -0.032176 -1.613972 -0.695036 -0.024214 0.000000 0.000000 0.000000 0.021064 -13.937302 -0.439278 5.935293 11.923087 -0.918811 -5.876608 9.268970 0.074409 0.000000 0.000000 0.000000 4.109858 -9.572356 29.987834 -74.861363 0.522540 -0.682693 -1.934085 0.955847 -52.594979 0.000000 0.000000 0.000000 10.756218 0.562165 5.966084 -6.515625 -0.141251 2.481136 0.000000 0.000000 0.000000 -18.965510 7.305273 48.168118 0.000000 0.000000 0.000000 -5.522715 15.699430 39.766455 58.058053 12.603004 22.507323 -14.054813 -6.839140 51.722463 0.000000 0.000000 0.000000 -19.170185 0.556313 -3.293449 8.291220 -0.051049 -0.704304 0.000000 0.000000 0.000000 14.456471 7.601281 -34.710635 0.000000 0.000000 0.000000
0.506508 0.933844 0.821127 0.000000 0.000000 0.000000 2.518788 25.827538 22.315928 -34.101029 -24.309713 -18.471009 -17.345946 24.613957 13.607245 11.393241 -20.553887 27.258642 -0.378660 -11.834746 -3.652158 0.000000 0.000000 0.000000 10.889660 -13.339987 16.263582 22.030086 3.099670 -1.863866 -14.190397 27.102291 -6.321667 4.931372 -4.779781 22.746010 0.017039 -1.501555 1.300185 0.000000 0.000000 0.000000 0.421325 5.110096 -0.050005 -1.408155 -0.860957 -0.016121 0.000000 0.000000 0.000000 0.065462 -14.221061 -0.447197 6.029150 12.053983 -0.937114 -5.860167 9.371718 0.076782 0.000000 0.000000 0.000000 4.278179 -9.595793 30.241520 -75.393838 -0.656065 0.848937 -2.694028 1.326627 -52.427927 0.000000 0.000000 0.000000 10.900218 0.585932 6.135369 -6.521837 -0.148671 2.608953 0.000000 0.000000 0.000000 -19.127575 7.240947 48.833846 0.000000 0.000000 0.000000 -6.078708 15.621453 39.954985 57.134039 12.938272 23.528201 -14.577274 -7.164647 52.161482 0.000000 0.000000 0.000000 -19.413762 0.651731 -3.808664 8.452435 -0.042944 -0.581134 0.000000 0.000000 0.000000 14.494771 7.628552 -34.667402 0.000000 0.000000 0.000000
0.473046 0.932946 0.818516 0.000000 0.000000 0.000000 1.938202 26.039436 22.459351 -33.770320 -24.848368 -18.774663 -17.478055 24.829559 13.766327 11.194729 -20.032967 27.138773 -0.391526 -12.130353 -3.683536 0.000000 0.000000 0.000000 10.438122 -13.241143 15.877531 22.339152 3.770309 -2.281165 -14.041568 26.032023 -6.099652 4.975133 -4.569920 23.043325 0.017762 -1.528893 1.331130 0.000000 0.000000 0.000000 0.185855 5.423495 -0.066826 -1.231432 -1.018437 -0.008441 0.000000 0.000000 0.000000 0.081537 -14.502102 -0.455642 6.119485 12.196642 -0.956875 -5.821716 9.475896 0.078116 0.000000 0.000000 0.000000 4.453046 -9.642529 30.570858 -75.904102 -1.915672 2.456036 -3.544351 1.740770 -52.303968 0.000000 0.000000 0.000000 11.035548 0.608034 6.287952 -6.516876 -0.156873 2.754917 0.000000 0.000000 0.000000 -19.243672 7.152292 49.527366 0.000000 0.000000 0.000000 -6.706778 15.536254 40.180646 56.046219 13.325620 24.758373 -15.193926 -7.589721 52.884159 0.000000 0.000000 0.000000 -19.722788 0.740354 -4.257078 8.664858 -0.033772 -0.445777 0.000000 0.000000 0.000000 14.541385 7.682215 -34.488827 0.000000 0.000000 0.000000
0.441424 0.926561 0.817786 0.000000 0.000000 0.000000 1.362515 26.231095 22.588075 -33.376930 -25.552270 -19.178905 -17.728656 25.102275 13.992510 10.994338 -19.504637 27.016866 -0.405017 -12.443301 -3.713882 0.000000 0.000000 0.000000 9.989819 -13.156347 15.506886 22.630623 4.499834 -2.738474 -13.867931 25.087555 -5.911980 5.018053 -4.465106 23.284425 0.020222 -1.646742 1.407036 0.000000 0.000000 0.000000 -0.053059 5.752333 -0.082724 -1.075052 -1.181906 -0.000800 0.000000 0.000000 0.000000 0.074575 -14.799050 -0.465251 6.209054 12.373333 -0.980812 -5.767000 9.609510 0.079459 0.000000 0.000000 0.000000 4.662872 -9.703163 30.982570 -76.402010 -3.327308 4.227372 -4.515357 2.214077 -52.223656 0.000000 0.000000 0.000000 11.158266 0.629469 6.437271 -6.495608 -0.166054 2.925644 0.000000 0.000000 0.000000 -19.339739 7.043070 50.283938 0.000000 0.000000 0.000000 -7.447057 15.440160 40.465850 54.753105 13.769266 26.249949 -15.999449 -8.180742 53.938709 0.000000 0.000000 0.000000 -20.121339 0.828422 -4.666795 8.917070 -0.021069 -0.270210 0.000000 0.000000 0.000000 14.559114 7.743347 -34.170946 0.000000 0.000000 0.000000
0.414517 0.926486 0.820253 0.000000 0.000000 0.000000 0.813051 26.345660 22.648801 -32.871097 -26.331116 -19.594457 -17.945699 25.338999 14.190190 10.757355 -18.951207 26.813167 -0.424440 -12.793150 -3.784651 0.000000 0.000000 0.000000 9.548388 -13.027674 15.110385 22.845371 5.206612 -3.182330 -13.643243 24.223340 -5.753080 5.038292 -4.420524 23.396075 0.023409 -1.809626 1.482104 0.000000 0.000000 0.000000 -0.286202 6.104133 -0.097272 -0.929185 -1.345880 0.006955 0.000000 0.000000 0.000000 0.065392 -15.110226 -0.475438 6.310844 12.526342 -1.002761 -5.703741 9.719865 0.079570 0.000000 0.000000 0.000000 4.848541 -9.781204 31.420002 -76.825453 -4.701304 5.926901 -5.477490 2.670121 -51.949626 0.000000 0.000000 0.000000 11.287795 0.655776 6.628437 -6.453538 -0.173557 3.077744 0.000000 0.000000 0.000000 -19.357526 6.893833 51.097219 0.000000 0.000000 0.000000 -8.202662 15.317029 40.696929 53.152854 14.220485 28.002639 -16.991097 -8.916567 55.127419 0.000000 0.000000 0.000000 -20.587216 0.896787 -4.934879 9.172643 -0.005945 -0.074112 0.000000 0.000000 0.000000 14.482959 7.799279 -33.575343 0.000000 0.000000 0.000000
0.390904 0.929257 0.825534 0.000000 0.000000 0.000000 0.230149 26.441230 22.690097 -32.251826 -27.255653 -20.070117 -18.207601 25.566334 14.396970 10.487920 -18.391028 26.520805 -0.450117 -13.201598 -3.888296 0.000000 0.000000 0.000000 9.111108 -12.863263 14.692624 23.019861 5.922064 -3.632473 -13.393527 23.416534 -5.610728 5.048428 -4.456893 23.420038 0.028002 -2.041086 1.571857 0.000000 0.000000 0.000000 -0.538571 6.502392 -0.111567 -0.794087 -1.525435 0.015084 0.000000 0.000000 0.000000 0.054923 -15.447587 -0.486575 6.434595 12.674123 -1.025300 -5.619970 9.825243 0.078371 0.000000 0.000000 0.000000 5.041264 -9.890596 31.959318 -77.200888 -6.163499 7.716528 -6.525975 3.153470 -51.544139 0.000000 0.000000 0.000000 11.454957 0.692617 6.897358 -6.394345 -0.181907 3.255658 0.000000 0.000000 0.000000 -19.270944 6.681950 52.048737 0.000000 0.000000 0.000000 -9.051374 15.168429 40.935920 51.113912 14.651874 30.096291 -18.285696 -9.912729 56.634995 0.000000 0.000000 0.000000 -21.131650 0.926513 -4.964164 9.427643 0.016027 0.194371 0.000000 0.000000 0.000000 14.230472 7.822120 -32.581279 0.000000 0.000000 0.000000
0.370090 0.931416 0.831022 0.000000 0.000000 0.000000 -0.269886 26.497987 22.702085 -31.638546 -28.157075 -20.518886 -18.379585 25.714986 14.533275 10.201185 -17.817432 26.183020 -0.478612 -13.625749 -4.004499 0.000000 0.000000 0.000000 8.740603 -12.690338 14.315844 23.116007 6.575167 -4.041188 -13.144251 22.798858 -5.511906 5.032496 -4.499403 23.328196 0.032921 -2.278980 1.654987 0.000000 0.000000 0.000000 -0.765235 6.887795 -0.123110 -0.692487 -1.695698 0.022239 0.000000 0.000000 0.000000 0.028165 -15.770824 -0.497999 6.567366 12.824231 -1.048847 -5.542326 9.910853 0.076787 0.000000 0.000000 0.000000 5.249667 -10.011632 32.555337 -77.464398 -7.574958 9.436602 -7.533828 3.605820 -51.103551 0.000000 0.000000 0.000000 11.658553 0.729743 7.138705 -6.323111 -0.189316 3.426411 0.000000 0.000000 0.000000 -19.092718 6.445282 52.978748 0.000000 0.000000 0.000000 -9.894577 15.034614 41.221657 48.835453 15.065041 32.477435 -19.939243 -11.132917 58.011580 0.000000 0.000000 0.000000 -21.738791 0.923571 -4.807151 9.679032 0.041699 0.492509 0.000000 0.000000 0.000000 13.819661 7.789354 -31.347784 0.000000 0.000000 0.000000
0.347853 0.933235 0.841921 0.000000 0.000000 0.000000 -0.693866 26.499972 22.667325 -31.026700 -29.019857 -20.928414 -18.419849 25.805672 14.597639 9.851106 -17.219053 25.676532 -0.511075 -14.065664 -4.140967 0.000000 0.000000 0.000000 8.387737 -12.472089 13.919277 23.186245 7.093162 -4.366032 -12.883453 22.363940 -5.458575 4.975901 -4.575250 23.043804 0.038201 -2.536024 1.725713 0.000000 0.000000 0.000000 -0.981226 7.293384 -0.132896 -0.610547 -1.872146 0.029103 0.000000 0.000000 0.000000 0.013259 -16.116654 -0.509811 6.700648 12.990192 -1.074710 -5.470222 9.998122 0.075422 0.000000 0.000000 0.000000 5.482550 -10.129851 33.178381 -77.627756 -8.959608 11.125641 -8.533041 4.037992 -50.585120 0.000000 0.000000 0.000000 11.898002 0.772129 7.399561 -6.231950 -0.194559 3.572812 0.000000 0.000000 0.000000 -18.796901 6.170741 53.924304 0.000000 0.000000 0.000000 -10.742367 14.885686 41.477162 46.166821 15.399073 35.200092 -22.000008 -12.629259 59.305152 0.000000 0.000000 0.000000 -22.509481 0.875525 -4.397585 9.860291 0.073428 0.851224 0.000000 0.000000 0.000000 13.084422 7.615569 -29.741994 0.000000 0.000000 0.000000
0.319651 0.932229 0.854575 0.000000 0.000000 0.000000 -1.010083 26.448854 22.589183 -30.387297 -29.779159 -21.241173 -18.444103 25.846250 14.628320 9.529138 -16.644850 25.215580 -0.544159 -14.499908 -4.275515 0.000000 0.000000 0.000000 8.123429 -12.264290 13.590842 23.162974 7.508731 -4.620168 -12.631436 22.058283 -5.434084 4.914376 -4.648647 22.740907 0.044070 -2.800700 1.802650 0.000000 0.000000 0.000000 -1.159712 7.657121 -0.139934 -0.573142 -2.023953 0.033936 0.000000 0.000000 0.000000 -0.034394 -16.403681 -0.521335 6.856645 13.114997 -1.096987 -5.364415 10.051387 0.071265 0.000000 0.000000 0.000000 5.661373 -10.254934 33.760219 -77.661638 -10.122640 12.558460 -9.314445 4.369293 -50.185621 0.000000 0.000000 0.000000 12.223154 0.822156 7.667091 -6.148337 -0.198484 3.694475 0.000000 0.000000 0.000000 -18.381721 5.883085 54.762379 0.000000 0.000000 0.000000 -11.489289 14.755116 41.712162 43.447132 15.624814 38.003829 -24.323280 -14.250389 60.231098 0.000000 0.000000 0.000000 -23.118594 0.757976 -3.704699 9.916682 0.104305 1.202233 0.000000 0.000000 0.000000 12.086146 7.268910 -28.072643 0.000000 0.000000 0.000000
0.290077 0.931516 0.869359 0.000000 0.000000 0.000000 -1.198880 26.347889 22.472296 -29.754209 -30.403465 -21.449298 -18.381429 25.844890 14.608964 9.174841 -16.079951 24.638933 -0.574908 -14.928374 -4.385943 0.000000 0.000000 0.000000 7.916759 -12.039080 13.288526 23.095322 7.762244 -4.770137 -12.400433 21.911966 -5.444484 4.836978 -4.777222 22.343689 0.050303 -3.080298 1.870725 0.000000 0.000000 0.000000 -1.310744 8.042206 -0.145199 -0.587289 -2.156083 0.036371 0.000000 0.000000 0.000000 -0.079411 -16.673303 -0.532410 7.000323 13.209444 -1.115282 -5.254282 10.098222 0.066616 0.000000 0.000000 0.000000 5.777948 -10.389807 34.295988 -77.670737 -11.103052 13.768648 -9.885227 4.610796 -49.926472 0.000000 0.000000 0.000000 12.643286 0.882628 7.954510 -6.072996 -0.201573 3.798540 0.000000 0.000000 0.000000 -17.842572 5.572358 55.550690 0.000000 0.000000 0.000000 -12.149204 14.625028 41.881071 40.535656 15.741398 41.047566 -26.977762 -15.997950 60.725209 0.000000 0.000000 0.000000 -23.656122 0.597332 -2.851725 9.805626 0.133190 1.552599 0.000000 0.000000 0.000000 10.795997 6.706000 -26.400081 0.000000 0.000000 0.000000
0.262671 0.932619 0.883750 0.000000 0.000000 0.000000 -1.308006 26.150637 22.266583 -29.101635 -30.906984 -21.555792 -18.312021 25.913144 14.627852 8.841935 -15.546293 24.083056 -0.613018 -15.371647 -4.540108 0.000000 0.000000 0.000000 7.679406 -11.800140 12.957108 23.026130 7.808679 -4.792240 -12.124612 21.920115 -5.503097 4.740692 -4.908708 21.867925 0.056980 -3.365762 1.939208 0.000000 0.000000 0.000000 -1.443625 8.377946 -0.148981 -0.595938 -2.268139 0.038546 0.000000 0.000000 0.000000 -0.214034 -16.863002 -0.545551 7.227487 13.266324 -1.133063 -5.044296 10.122476 0.055986 0.000000 0.000000 0.000000 5.806888 -10.493122 34.631040 -77.620606 -11.845403 14.698818 -10.438890 4.857118 -49.809091 0.000000 0.000000 0.000000 13.128271 0.949634 8.238651 -6.025529 -0.203712 3.869087 0.000000 0.000000 0.000000 -17.268725 5.275992 56.242195 0.000000 0.000000 0.000000 -12.632455 14.497445 41.906762 37.848945 15.675819 43.751292 -29.604303 -17.677053 60.948705 0.000000 0.000000 0.000000 -23.865021 0.399347 -1.889561 9.514140 0.152864 1.836752 0.000000 0.000000 0.000000 9.414246 6.029434 -24.793445 0.000000 0.000000 0.000000
0.239618 0.932237 0.897220 0.000000 0.000000 0.000000 -1.305939 25.834069 21.953282 -28.439431 -31.224841 -21.521120 -18.194820 26.043012 14.667974 8.480064 -14.999346 23.433856 -0.657122 -15.829247 -4.724135 0.000000 0.000000 0.000000 7.427881 -11.532332 12.596467 22.955212 7.605965 -4.661129 -11.790625 22.120589 -5.623804 4.609453 -5.113029 21.214489 0.064862 -3.671257 2.023652 0.000000 0.000000 0.000000 -1.538330 8.679773 -0.151234 -0.621045 -2.364846 0.039677 0.000000 0.000000 0.000000 -0.416555 -17.000302 -0.560805 7.512311 13.295695 -1.150301 -4.749914 10.148710 0.040773 0.000000 0.000000 0.000000 5.741384 -10.569209 34.767273 -77.540135 -12.371909 15.371293 -10.878983 5.070556 -49.875888 0.000000 0.000000 0.000000 13.685943 1.030552 8.571893 -6.000990 -0.205026 3.909962 0.000000 0.000000 0.000000 -16.639064 4.982185 56.863763 0.000000 0.000000 0.000000 -12.943064 14.367963 41.773190 35.367238 15.509879 46.258114 -32.239067 -19.269499 60.859946 0.000000 0.000000 0.000000 -23.893016 0.185696 -0.877641 9.155034 0.167602 2.093139 0.000000 0.000000 0.000000 7.997217 5.266814 -23.312187 0.000000 0.000000 0.000000
0.221268 0.931880 0.910007 0.000000 0.000000 0.000000 -1.171598 25.350739 21.491060 -27.799822 -31.290721 -21.315782 -17.941286 26.194221 14.679307 8.089008 -14.488516 22.646510 -0.698040 -16.247405 -4.887277 0.000000 0.000000 0.000000 7.068093 -11.191987 12.114609 22.968375 7.162507 -4.390041 -11.402669 22.374229 -5.771276 4.453711 -5.211959 20.511659 0.072654 -3.936306 2.114005 0.000000 0.000000 0.000000 -1.610157 8.912951 -0.152607 -0.621271 -2.438390 0.041304 0.000000 0.000000 0.000000 -0.675407 -17.065745 -0.576773 7.837169 13.281538 -1.163884 -4.374587 10.120788 0.020115 0.000000 0.000000 0.000000 5.567255 -10.548662 34.488300 -77.470787 -12.677717 15.768864 -11.201457 5.235927 -49.996213 0.000000 0.000000 0.000000 14.223788 1.103259 8.825311 -5.978060 -0.203947 3.904344 0.000000 0.000000 0.000000 -16.085586 4.754637 57.253548 0.000000 0.000000 0.000000 -12.954759 14.214697 41.298611 33.566229 15.325732 48.084351 -34.241367 -20.453409 60.713153 0.000000 0.000000 0.000000 -23.749026 0.016819 -0.079990 8.775666 0.171781 2.238424 0.000000 0.000000 0.000000 6.752462 4.529519 -22.326749 0.000000 0.000000 0.000000
0.210607 0.923697 0.921009 0.000000 0.000000 0.000000 -0.936559 24.713259 20.895213 -27.136169 -31.150957 -20.959457 -17.624171 26.425706 14.716718 7.653921 -13.964318 21.708127 -0.740546 -16.633707 -5.062602 0.000000 0.000000 0.000000 6.623716 -10.775180 11.525948 23.044922 6.428231 -3.945271 -10.938319 22.747492 -5.969254 4.269399 -5.267145 19.709893 0.080364 -4.169377 2.207486 0.000000 0.000000 0.000000 -1.654073 9.107368 -0.153278 -0.604588 -2.499601 0.043378 0.000000 0.000000 0.000000 -1.007556 -17.055639 -0.593780 8.239263 13.231303 -1.176170 -3.889712 10.058260 -0.006641 0.000000 0.000000 0.000000 5.278882 -10.437279 33.810667 -77.468699 -12.804454 15.926374 -11.496183 5.400735 -50.211343 0.000000 0.000000 0.000000 14.805802 1.172635 9.006931 -5.959519 -0.203311 3.904306 0.000000 0.000000 0.000000 -15.571085 4.567035 57.481427 0.000000 0.000000 0.000000 -12.694252 14.035326 40.509112 32.481810 15.230482 49.307641 -35.583326 -21.327421 60.805998 0.000000 0.000000 0.000000 -23.474545 -0.149759 0.720788 8.424822 0.168116 2.282229 0.000000 0.000000 0.000000 5.803409 3.946578 -21.589591 0.000000 0.000000 0.000000
0.206433 0.924484 0.930667 0.000000 0.000000 0.000000 -0.642200 23.900542 20.147976 -26.442518 -30.737110 -20.408619 -17.158649 26.633399 14.694470 7.227250 -13.491053 20.727496 -0.785921 -17.013587 -5.250865 0.000000 0.000000 0.000000 6.100123 -10.246209 10.810058 23.182980 5.472403 -3.367114 -10.441428 23.185819 -6.195818 4.063415 -5.284249 18.832786 0.089151 -4.416485 2.311694 0.000000 0.000000 0.000000 -1.692183 9.266237 -0.153745 -0.589799 -2.525862 0.044601 0.000000 0.000000 0.000000 -1.343108 -16.989837 -0.608406 8.552332 13.109674 -1.174101 -3.406815 9.947655 -0.033178 0.000000 0.000000 0.000000 4.942809 -10.225735 32.799417 -77.603300 -12.734409 15.802064 -11.461782 5.417625 -50.482378 0.000000 0.000000 0.000000 15.317008 1.241493 9.213091 -5.977217 -0.202454 3.876332 0.000000 0.000000 0.000000 -15.110887 4.412864 57.604842 0.000000 0.000000 0.000000 -12.194807 13.809627 39.391837 32.136935 15.329145 50.085230 -36.218572 -21.914770 61.252860 0.000000 0.000000 0.000000 -23.274030 -0.274450 1.332586 8.148198 0.160861 2.258145 0.000000 0.000000 0.000000 5.246381 3.589074 -21.267421 0.000000 0.000000 0.000000
0.208515 0.920816 0.940151 0.000000 0.000000 0.000000 -0.310836 22.919842 19.261806 -25.703794 -30.074394 -19.682834 -16.619020 26.876399 14.667996 6.789853 -13.023774 19.678401 -0.839693 -17.409968 -5.480145 0.000000 0.000000 0.000000 5.498925 -9.587153 9.957818 23.425898 4.214029 -2.604677 -9.932098 23.763409 -6.468701 3.825849 -5.345012 17.807329 0.099278 -4.671177 2.433736 0.000000 0.000000 0.000000 -1.737326 9.414804 -0.154207 -0.554654 -2.541666 0.046469 0.000000 0.000000 0.000000 -1.689547 -16.850979 -0.619683 8.826412 12.912786 -1.159032 -2.887569 9.776470 -0.060876 0.000000 0.000000 0.000000 4.525770 -9.913939 31.423934 -77.872732 -12.469150 15.400932 -11.150638 5.329734 -50.984540 0.000000 0.000000 0.000000 15.834473 1.334558 9.574524 -6.031389 -0.202276 3.838094 0.000000 0.000000 0.000000 -14.734604 4.276049 57.789182 0.000000 0.000000 0.000000 -11.453711 13.525508 37.941177 32.592990 15.672011 50.416636 -36.160049 -22.303018 62.248877 0.000000 0.000000 0.000000 -23.181092 -0.413108 2.013995 8.001355 0.152399 2.178773 0.000000 0.000000 0.000000 5.066942 3.479756 -21.059243 0.000000 0.000000 0.000000
0.211969 0.920837 0.946444 0.000000 0.000000 0.000000 0.060912 21.665897 18.148665 -24.953009 -29.082470 -18.749621 -15.878773 27.128182 14.583218 6.260967 -12.530358 18.315827 -0.899265 -17.819641 -5.731489 0.000000 0.000000 0.000000 4.761174 -8.765989 8.914364 23.710438 2.755408 -1.712306 -9.212633 24.409552 -6.816101 3.536070 -5.419484 16.560391 0.110121 -4.928319 2.558500 0.000000 0.000000 0.000000 -1.718427 9.471931 -0.153909 -0.518896 -2.535562 0.047867 0.000000 0.000000 0.000000 -2.127402 -16.653798 -0.631566 9.103699 12.698561 -1.140665 -2.280203 9.575739 -0.091281 0.000000 0.000000 0.000000 4.033626 -9.462378 29.593467 -78.148545 -12.038209 14.798575 -10.658294 5.163771 -51.599470 0.000000 0.000000 0.000000 16.342332 1.433469 9.958546 -6.091188 -0.200054 3.758656 0.000000 0.000000 0.000000 -14.373713 4.162551 57.845923 0.000000 0.000000 0.000000 -10.477609 13.139107 36.076350 33.675194 16.193343 50.354446 -35.419507 -22.418244 63.646351 0.000000 0.000000 0.000000 -22.978554 -0.568032 2.794111 7.926554 0.137788 1.988585 0.000000 0.000000 0.000000 5.219455 3.584166 -21.065294 0.000000 0.000000 0.000000
0.214678 0.915110 0.951442 0.000000 0.000000 0.000000 0.496233 20.114051 16.806815 -24.225609 -27.763109 -17.633035 -15.047896 27.517340 14.542785 5.629758 -12.048933 16.556529 -0.971547 -18.224590 -6.051761 0.000000 0.000000 0.000000 3.864381 -7.778022 7.670455 24.111670 0.944782 -0.591654 -8.262071 25.356486 -7.318176 3.170857 -5.674172 14.958013 0.120362 -5.152814 2.674408 0.000000 0.000000 0.000000 -1.654662 9.506488 -0.153114 -0.483628 -2.497363 0.048487 0.000000 0.000000 0.000000 -2.630733 -16.417041 -0.642734 9.375906 12.465148 -1.118253 -1.584580 9.372287 -0.123653 0.000000 0.000000 0.000000 3.419824 -8.855483 27.234185 -78.490007 -11.353478 13.875873 -9.960456 4.922655 -52.512225 0.000000 0.000000 0.000000 16.943913 1.560820 10.450353 -6.171712 -0.197776 3.667347 0.000000 0.000000 0.000000 -14.007016 4.056121 57.840266 0.000000 0.000000 0.000000 -9.188371 12.613942 33.707867 35.574401 16.940412 49.800131 -33.907856 -22.235943 65.614471 0.000000 0.000000 0.000000 -22.789331 -0.762316 3.781167 7.936915 0.118869 1.713327 0.000000 0.000000 0.000000 5.781290 3.960014 -21.204079 0.000000 0.000000 0.000000
0.219123 0.913002 0.956628 0.000000 0.000000 0.000000 0.846546 18.372740 15.321612 -23.476232 -26.223145 -16.396223 -14.026290 27.849870 14.408164 4.970486 -11.527033 14.667265 -1.035773 -18.572788 -6.328253 0.000000 0.000000 0.000000 2.907911 -6.621541 6.290338 24.526751 -0.915946 0.578225 -7.148952 26.187162 -7.844966 2.760193 -5.983240 13.183151 0.131024 -5.385212 2.785447 0.000000 0.000000 0.000000 -1.556982 9.484228 -0.151940 -0.427825 -2.437445 0.049433 0.000000 0.000000 0.000000 -3.158720 -16.126341 -0.649550 9.564616 12.171639 -1.082712 -0.881442 9.119586 -0.153204 0.000000 0.000000 0.000000 2.768230 -8.108906 24.502056 -78.835349 -10.496468 12.753492 -8.986495 4.530356 -53.437503 0.000000 0.000000 0.000000 17.354621 1.687063 11.020973 -6.280107 -0.194356 3.541695 0.000000 0.000000 0.000000 -13.767993 3.992215 57.794868 0.000000 0.000000 0.000000 -7.816954 11.925099 30.985587 38.042428 17.713549 48.645850 -31.711876 -21.639284 67.871624 0.000000 0.000000 0.000000 -22.613195 -0.962736 4.812422 7.993528 0.095335 1.364399 0.000000 0.000000 0.000000 6.563713 4.469522 -21.525944 0.000000 0.000000 0.000000
0.225948 0.913754 0.963006 0.000000 0.000000 0.000000 1.099447 16.417285 13.672312 -22.692051 -24.464145 -15.044909 -12.926903 28.212177 14.260327 4.260979 -10.966900 12.555052 -1.100659 -18.839851 -6.627029 0.000000 0.000000 0.000000 1.896474 -5.301681 4.785514 24.981790 -2.945348 1.875980 -5.851156 27.122617 -8.474415 2.275429 -6.438535 11.124574 0.138348 -5.563531 2.846715 0.000000 0.000000 0.000000 -1.433255 9.421277 -0.150344 -0.372842 -2.332395 0.049184 0.000000 0.000000 0.000000 -3.731593 -15.755291 -0.650134 9.688323 11.833843 -1.037391 -0.148000 8.813099 -0.179840 0.000000 0.000000 0.000000 2.069052 -7.210511 21.371176 -79.099466 -9.416632 11.391174 -7.674770 3.964011 -54.581343 0.000000 0.000000 0.000000 17.676447 1.835425 11.763542 -6.416683 -0.190735 3.401660 0.000000 0.000000 0.000000 -13.613621 3.959698 57.697064 0.000000 0.000000 0.000000 -6.334658 11.042678 27.869566 41.124082 18.457333 46.838463 -28.970710 -20.618549 70.297973 0.000000 0.000000 0.000000 -22.430305 -1.177815 5.935051 8.108238 0.068664 0.968766 0.000000 0.000000 0.000000 7.588187 5.119548 -22.029376 0.000000 0.000000 0.000000
0.237845 0.916601 0.970721 0.000000 0.000000 0.000000 1.234414 14.348970 11.941663 -21.942696 -22.584299 -13.667730 -11.675492 28.519238 14.031740 3.510138 -10.391783 10.218132 -1.147844 -18.949899 -6.869707 0.000000 0.000000 0.000000 0.846569 -3.828838 3.177164 25.516870 -4.948513 3.185179 -4.380245 27.933839 -9.136567 1.720641 -7.095208 8.840618 0.140098 -5.669549 2.828752 0.000000 0.000000 0.000000 -1.315059 9.362962 -0.148696 -0.285202 -2.236800 0.050388 0.000000 0.000000 0.000000 -4.259766 -15.448746 -0.649821 9.774446 11.529732 -0.995185 0.560541 8.532176 -0.202214 0.000000 0.000000 0.000000 1.416612 -6.203705 18.054470 -79.180959 -8.205160 9.913874 -6.068145 3.197069 -55.534067 0.000000 0.000000 0.000000 17.741696 1.969011 12.566455 -6.524838 -0.182608 3.202736 0.000000 0.000000 0.000000 -13.611147 3.985217 57.494028 0.000000 0.000000 0.000000 -4.901147 9.990327 24.541911 44.388173 19.005864 44.617716 -26.137949 -19.262815 72.336640 0.000000 0.000000 0.000000 -22.263939 -1.374587 6.977395 8.235399 0.039260 0.545345 0.000000 0.000000 0.000000 8.678690 5.782349 -22.707672 0.000000 0.000000 0.000000
0.253627 0.921041 0.979502 0.000000 0.000000 0.000000 1.205000 12.205710 10.141077 -21.196584 -20.639918 -12.291944 -10.370876 28.803518 13.770943 2.727877 -9.789350 7.681746 -1.183080 -18.900117 -7.099017 0.000000 0.000000 0.000000 -0.181494 -2.232485 1.520138 26.065102 -6.884515 4.479527 -2.738266 28.701651 -9.859555 1.060965 -8.016541 6.259285 0.136676 -5.685006 2.752160 0.000000 0.000000 0.000000 -1.182560 9.295367 -0.146695 -0.174666 -2.135446 0.052202 0.000000 0.000000 0.000000 -4.748317 -15.198606 -0.649469 9.806644 11.278641 -0.958865 1.241209 8.286340 -0.221188 0.000000 0.000000 0.000000 0.828249 -5.108652 14.612713 -79.046183 -6.898390 8.356817 -4.164073 2.228333 -56.290441 0.000000 0.000000 0.000000 17.557568 2.078753 13.400946 -6.620595 -0.174273 3.012336 0.000000 0.000000 0.000000 -13.733159 4.063394 57.171366 0.000000 0.000000 0.000000 -3.555544 8.775571 21.046374 48.021609 19.363430 41.912683 -23.192994 -17.554109 73.915795 0.000000 0.000000 0.000000 -22.231689 -1.590511 8.082145 8.432695 0.005652 0.076666 0.000000 0.000000 0.000000 9.860029 6.465494 -23.566157 0.000000 0.000000 0.000000
0.270222 0.919829 0.987745 0.000000 0.000000 0.000000 1.062189 10.053952 8.328972 -20.544138 -18.668503 -10.960673 -8.960058 29.041947 13.451399 1.960290 -9.176420 5.094385 -1.200980 -18.786593 -7.250379 0.000000 0.000000 0.000000 -1.123488 -0.524139 -0.147911 26.639137 -8.808880 5.797140 -1.006511 29.323561 -10.584661 0.342107 -8.965965 3.608258 0.131254 -5.656074 2.656551 0.000000 0.000000 0.000000 -1.034619 9.227450 -0.144311 -0.058095 -2.040686 0.054232 0.000000 0.000000 0.000000 -5.248576 -14.970320 -0.649065 9.829613 11.030827 -0.922663 1.919361 8.035851 -0.236959 0.000000 0.000000 0.000000 0.358494 -3.934816 11.090423 -78.760021 -5.590166 6.807809 -2.205713 1.195028 -56.892367 0.000000 0.000000 0.000000 17.230107 2.161546 14.195825 -6.729145 -0.164655 2.800150 0.000000 0.000000 0.000000 -13.961549 4.182789 56.786417 0.000000 0.000000 0.000000 -2.349984 7.445532 17.507695 51.553649 19.355182 38.898696 -20.406560 -15.727709 75.003709 0.000000 0.000000 0.000000 -22.197941 -1.796481 9.138936 8.614938 -0.029811 -0.395780 0.000000 0.000000 0.000000 10.966582 7.080555 -24.396727 0.000000 0.000000 0.000000
0.281519 0.923208 0.995210 0.000000 0.000000 0.000000 0.784823 7.967767 6.546065 -19.975089 -16.743055 -9.707807 -7.503612 29.247901 13.100076 1.194690 -8.512584 2.417232 -1.205140 -18.540793 -7.373349 0.000000 0.000000 0.000000 -1.936692 1.237960 -1.772508 27.179810 -10.692994 7.113223 0.805063 29.897541 -11.342512 -0.465183 -10.027133 0.814775 0.119468 -5.500797 2.486438 0.000000 0.000000 0.000000 -0.882803 9.170482 -0.141762 0.054014 -1.936526 0.055637 0.000000 0.000000 0.000000 -5.730831 -14.779435 -0.649198 9.854670 10.832374 -0.893786 2.562996 7.817632 -0.250026 0.000000 0.000000 0.000000 0.009726 -2.747133 7.638958 -78.234014 -4.228773 5.199140 -0.143350 0.078312 -57.295739 0.000000 0.000000 0.000000 16.767702 2.214141 14.940071 -6.841764 -0.154526 2.584616 0.000000 0.000000 0.000000 -14.266009 4.346700 56.259199 0.000000 0.000000 0.000000 -1.326565 6.050673 14.025861 54.952055 19.007911 35.689567 -17.884931 -13.860274 75.367654 0.000000 0.000000 0.000000 -22.180509 -1.972609 10.038765 8.791967 -0.063520 -0.826263 0.000000 0.000000 0.000000 11.983132 7.603457 -25.321892 0.000000 0.000000 0.000000
0.287812 0.924549 1.003637 0.000000 0.000000 0.000000 0.385428 5.974121 4.803935 -19.408992 -14.844706 -8.500877 -6.104833 29.378700 12.730927 0.502727 -7.911926 -0.111954 -1.204958 -18.302316 -7.469712 0.000000 0.000000 0.000000 -2.653144 3.012312 -3.346895 27.753536 -12.461870 8.384835 2.570566 30.249994 -12.022337 -1.292661 -11.031502 -1.887365 0.109363 -5.386863 2.324390 0.000000 0.000000 0.000000 -0.742560 9.128945 -0.139356 0.178125 -1.855896 0.057967 0.000000 0.000000 0.000000 -6.214139 -14.616071 -0.650150 9.882316 10.604191 -0.860465 3.192176 7.550516 -0.257767 0.000000 0.000000 0.000000 -0.178849 -1.534876 4.214101 -77.657116 -2.942577 3.655658 1.922829 -1.058054 -57.641201 0.000000 0.000000 0.000000 16.165286 2.235662 15.646791 -6.946844 -0.144240 2.376055 0.000000 0.000000 0.000000 -14.690928 4.547725 55.759823 0.000000 0.000000 0.000000 -0.514242 4.617516 10.620651 57.985582 18.349056 32.498102 -15.865659 -12.286268 75.365089 0.000000 0.000000 0.000000 -22.123300 -2.122946 10.828114 8.934081 -0.092805 -1.187893 0.000000 0.000000 0.000000 12.908817 8.077934 -26.059000 0.000000 0.000000 0.000000
0.289247 0.921263 1.008942 0.000000 0.000000 0.000000 -0.136428 4.060177 3.079217 -18.864026 -13.003510 -7.358199 -4.727834 29.492679 12.361326 -0.161061 -7.279574 -2.630488 -1.207682 -18.067334 -7.585299 0.000000 0.000000 0.000000 -3.283361 4.810281 -4.890460 28.338407 -14.091086 9.591263 4.337420 30.414641 -12.640549 -2.193733 -12.067976 -4.666725 0.097897 -5.203576 2.154128 0.000000 0.000000 0.000000 -0.594831 9.107424 -0.136909 0.313882 -1.778436 0.060644 0.000000 0.000000 0.000000 -6.725899 -14.497894 -0.654722 9.947390 10.383017 -0.828896 3.830565 7.254771 -0.261252 0.000000 0.000000 0.000000 -0.219322 -0.305172 0.792236 -76.982698 -1.691658 2.127275 4.106710 -2.269683 -57.842386 0.000000 0.000000 0.000000 15.368835 2.206765 16.247352 -7.053691 -0.135712 2.201662 0.000000 0.000000 0.000000 -15.258609 4.812877 55.162700 0.000000 0.000000 0.000000 0.101496 3.144612 7.241540 60.814580 17.406812 29.239273 -14.244991 -10.921112 74.833985 0.000000 0.000000 0.000000 -22.155819 -2.259173 11.501364 9.112093 -0.122617 -1.538665 0.000000 0.000000 0.000000 13.808202 8.522884 -26.785523 0.000000 0.000000 0.000000
0.288833 0.919541 1.011228 0.000000 0.000000 0.000000 -0.781739 2.227533 1.361034 -18.327840 -11.163692 -6.243551 -3.294669 29.499247 11.930151 -0.765507 -6.712640 -5.023997 -1.194878 -17.791611 -7.622999 0.000000 0.000000 0.000000 -3.764638 6.680174 -6.421546 28.889823 -15.764447 10.848499 6.078568 30.491812 -13.223665 -3.103696 -12.988278 -7.354979 0.088566 -5.033859 2.014626 0.000000 0.000000 0.000000 -0.444509 9.080654 -0.134311 0.446017 -1.731096 0.063958 0.000000 0.000000 0.000000 -7.217838 -14.355290 -0.655268 9.963778 10.124566 -0.790569 4.419061 6.912954 -0.257376 0.000000 0.000000 0.000000 -0.111917 0.953055 -2.694566 -76.313769 -0.443894 0.564961 6.144571 -3.396449 -57.831467 0.000000 0.000000 0.000000 14.585502 2.155106 16.722400 -7.165026 -0.125737 2.008104 0.000000 0.000000 0.000000 -15.827881 5.085975 54.563280 0.000000 0.000000 0.000000 0.518125 1.637810 3.859075 63.390791 16.209964 25.973274 -12.895245 -9.757628 74.128509 0.000000 0.000000 0.000000 -22.085215 -2.373734 12.119847 9.208353 -0.148388 -1.842448 0.000000 0.000000 0.000000 14.597631 8.916772 -27.337371 0.000000 0.000000 0.000000
0.285896 0.917547 1.010838 0.000000 0.000000 0.000000 -1.541530 0.475348 -0.357883 -17.809381 -9.299765 -5.142585 -1.793980 29.399842 11.439730 -1.341124 -6.108140 -7.392271 -1.177913 -17.483217 -7.649371 0.000000 0.000000 0.000000 -4.112395 8.616454 -7.953886 29.425834 -17.472805 12.153480 7.834403 30.474924 -13.776738 -4.072839 -13.840313 -10.119738 0.078745 -4.843852 1.861611 0.000000 0.000000 0.000000 -0.278912 9.070429 -0.131593 0.571726 -1.694208 0.067277 0.000000 0.000000 0.000000 -7.707063 -14.222361 -0.655473 9.944382 9.822274 -0.745054 4.967838 6.535029 -0.246746 0.000000 0.000000 0.000000 0.141546 2.233069 -6.266431 -75.560188 0.868806 -1.120848 8.191935 -4.520451 -57.723838 0.000000 0.000000 0.000000 13.742754 2.071691 17.066102 -7.298878 -0.115865 1.816448 0.000000 0.000000 0.000000 -16.463006 5.407847 53.839998 0.000000 0.000000 0.000000 0.733472 0.102534 0.443051 65.687031 14.797023 22.746933 -11.944947 -8.864395 73.068960 0.000000 0.000000 0.000000 -21.997206 -2.447505 12.544525 9.301197 -0.167805 -2.062604 0.000000 0.000000 0.000000 15.299421 9.266294 -27.788478 0.000000 0.000000 0.000000
0.282632 0.919661 1.008037 0.000000 0.000000 0.000000 -2.412561 -1.160656 -2.057396 -17.266451 -7.474419 -4.084875 -0.340853 29.321860 10.978849 -1.859386 -5.622494 -9.609217 -1.156875 -17.210996 -7.633465 0.000000 0.000000 0.000000 -4.306049 10.580553 -9.464476 29.964694 -19.232778 13.522784 9.518900 30.351997 -14.261274 -5.023222 -14.599638 -12.735649 0.068737 -4.635653 1.698108 0.000000 0.000000 0.000000 -0.137488 9.051041 -0.129109 0.700837 -1.685663 0.071593 0.000000 0.000000 0.000000 -8.177037 -14.037420 -0.648498 9.941904 9.518570 -0.699700 5.505011 6.096208 -0.228030 0.000000 0.000000 0.000000 0.597851 3.520102 -9.922230 -74.857877 2.302042 -3.007510 10.062179 -5.527290 -57.474225 0.000000 0.000000 0.000000 12.915859 1.977584 17.339256 -7.411987 -0.105428 1.627563 0.000000 0.000000 0.000000 -17.112073 5.732024 53.189909 0.000000 0.000000 0.000000 0.731382 -1.431588 -2.988361 67.666405 13.183160 19.563039 -11.034162 -8.064318 72.243564 0.000000 0.000000 0.000000 -21.636367 -2.473515 12.891647 9.286034 -0.182605 -2.248161 0.000000 0.000000 0.000000 15.994113 9.609494 -28.214906 0.000000 0.000000 0.000000
0.277963 0.912635 1.001902 0.000000 0.000000 0.000000 -3.407544 -2.728946 -3.790384 -16.734135 -5.658283 -3.056979 1.173292 29.303428 10.528466 -2.355625 -5.173982 -11.801831 -1.140651 -16.980387 -7.630176 0.000000 0.000000 0.000000 -4.364185 12.651576 -11.031790 30.538986 -21.089427 14.999736 11.255041 30.155809 -14.727888 -6.009989 -15.302891 -15.375432 0.057373 -4.358646 1.507571 0.000000 0.000000 0.000000 0.024143 9.031869 -0.126255 0.832899 -1.695615 0.076641 0.000000 0.000000 0.000000 -8.663667 -13.815436 -0.636269 9.968194 9.200971 -0.652632 6.055111 5.587739 -0.200190 0.000000 0.000000 0.000000 1.232184 4.860119 -13.853494 -74.004441 3.914404 -5.192634 11.836170 -6.459050 -57.122346 0.000000 0.000000 0.000000 12.035263 1.861843 17.525584 -7.498601 -0.095722 1.460630 0.000000 0.000000 0.000000 -17.837308 6.103370 52.472486 0.000000 0.000000 0.000000 0.478330 -3.014665 -6.608196 69.439728 11.283214 16.226463 -10.164631 -7.331830 71.537844 0.000000 0.000000 0.000000 -21.073987 -2.471962 13.232549 9.228101 -0.197863 -2.451312 0.000000 0.000000 0.000000 16.730703 9.978216 -28.608281 0.000000 0.000000 0.000000
0.273646 0.911134 0.993403 0.000000 0.000000 0.000000 -4.499198 -4.231629 -5.552428 -16.199923 -3.845962 -2.054100 2.708213 29.271215 10.071523 -2.827262 -4.787922 -13.941714 -1.110904 -16.724938 -7.546583 0.000000 0.000000 0.000000 -4.279548 14.778270 -12.630729 31.135221 -22.971773 16.534458 12.918673 29.873799 -15.125854 -7.021900 -15.975754 -17.995061 0.047624 -4.068118 1.340858 0.000000 0.000000 0.000000 0.191140 9.016590 -0.123319 0.980385 -1.722821 0.082889 0.000000 0.000000 0.000000 -9.122113 -13.563546 -0.618083 9.943926 8.875950 -0.603955 6.554145 5.042261 -0.164071 0.000000 0.000000 0.000000 2.098051 6.175884 -17.909169 -73.108656 5.572320 -7.510799 13.477730 -7.289767 -56.658756 0.000000 0.000000 0.000000 11.133602 1.717153 17.482396 -7.615314 -0.086736 1.303183 0.000000 0.000000 0.000000 -18.578794 6.513435 51.636280 0.000000 0.000000 0.000000 0.047685 -4.585761 -10.298358 70.854149 9.207745 12.916545 -9.127595 -6.496837 70.828370 0.000000 0.000000 0.000000 -20.561057 -2.458770 13.495264 9.210422 -0.216120 -2.682576 0.000000 0.000000 0.000000 17.549903 10.356593 -29.165539 0.000000 0.000000 0.000000
0.265810 0.903909 0.980428 0.000000 0.000000 0.000000 -5.675571 -5.667143 -7.341979 -15.703629 -2.039810 -1.077910 4.320813 29.258070 9.603587 -3.298268 -4.468056 -16.116574 -1.076492 -16.449576 -7.437270 0.000000 0.000000 0.000000 -4.040286 16.985711 -14.294581 31.809740 -24.912309 18.172466 14.547714 29.535706 -15.479038 -8.088416 -16.650811 -20.660909 0.036844 -3.708267 1.138106 0.000000 0.000000 0.000000 0.377818 8.997315 -0.119946 1.126001 -1.759002 0.089477 0.000000 0.000000 0.000000 -9.572359 -13.280214 -0.593957 9.908602 8.543789 -0.554349 7.019105 4.453642 -0.119482 0.000000 0.000000 0.000000 3.193005 7.463156 -22.156388 -72.006857 7.343677 -10.094102 15.023493 -8.034150 -56.077555 0.000000 0.000000 0.000000 10.168181 1.545131 17.237177 -7.704046 -0.076522 1.136450 0.000000 0.000000 0.000000 -19.355286 6.980762 50.638735 0.000000 0.000000 0.000000 -0.587755 -6.136506 -14.096748 71.821880 6.977411 9.624273 -8.086252 -5.664814 69.980644 0.000000 0.000000 0.000000 -20.002201 -2.389868 13.491376 9.175250 -0.230150 -2.867655 0.000000 0.000000 0.000000 18.376249 10.694770 -29.886433 0.000000 0.000000 0.000000
0.257549 0.903952 0.966604 0.000000 0.000000 0.000000 -6.909819 -6.902004 -9.042318 -15.107910 -0.356642 -0.186084 5.759286 29.166351 9.163665 -3.686194 -4.067585 -17.994147 -1.046675 -16.220121 -7.335245 0.000000 0.000000 0.000000 -3.645738 19.083928 -15.889401 32.433309 -26.695731 19.714910 15.848260 29.055116 -15.640445 -9.054449 -17.139031 -23.067699 0.028619 -3.448142 0.950781 0.000000 0.000000 0.000000 0.556008 8.988547 -0.116851 1.286525 -1.832360 0.098148 0.000000 0.000000 0.000000 -9.971604 -12.990865 -0.566012 9.836468 8.204920 -0.503944 7.406285 3.852656 -0.069160 0.000000 0.000000 0.000000 4.484301 8.589866 -26.250584 -70.886821 9.030030 -12.660676 16.316225 -8.633916 -55.540545 0.000000 0.000000 0.000000 9.267385 1.367665 16.754716 -7.755400 -0.068297 1.007573 0.000000 0.000000 0.000000 -20.037307 7.448021 49.549328 0.000000 0.000000 0.000000 -1.391518 -7.539289 -17.742239 72.503309 4.772968 6.505880 -6.998518 -4.829483 69.182027 0.000000 0.000000 0.000000 -19.566930 -2.327275 13.436640 9.186668 -0.247709 -3.082480 0.000000 0.000000 0.000000 19.278012 11.031499 -30.756519 0.000000 0.000000 0.000000
0.255615 0.896955 0.951891 0.000000 0.000000 0.000000 -8.201781 -7.967127 -10.678768 -14.432677 1.214859 0.624808 7.129421 29.066363 8.745870 -4.013011 -3.568868 -19.688511 -1.026960 -16.056230 -7.271695 0.000000 0.000000 0.000000 -3.091389 21.149887 -17.487406 33.064745 -28.362469 21.206322 16.876599 28.444815 -15.631359 -9.957779 -17.456336 -25.353212 0.020776 -3.169773 0.750891 0.000000 0.000000 0.000000 0.755474 8.981636 -0.113414 1.461417 -1.925850 0.108379 0.000000 0.000000 0.000000 -10.356574 -12.680423 -0.533180 9.751483 7.851286 -0.451871 7.731668 3.207088 -0.011239 0.000000 0.000000 0.000000 5.991788 9.585467 -30.349593 -69.692560 10.700457 -15.322290 17.379735 -9.091244 -54.964132 0.000000 0.000000 0.000000 8.379911 1.178031 15.976562 -7.751240 -0.060844 0.898107 0.000000 0.000000 0.000000 -20.618598 7.937800 48.243381 0.000000 0.000000 0.000000 -2.383611 -8.821881 -21.348513 72.982435 2.470846 3.339800 -5.885495 -3.988987 68.230835 0.000000 0.000000 0.000000 -19.309067 -2.261152 13.234354 9.240010 -0.273834 -3.387651 0.000000 0.000000 0.000000 20.284870 11.340470 -31.937533 0.000000 0.000000 0.000000
0.265901 0.894150 0.937962 0.000000 0.000000 0.000000 -9.531975 -8.864951 -12.241174 -13.736257 2.663413 1.349545 8.430235 28.803786 8.303805 -4.291504 -2.993992 -21.258310 -1.010419 -15.895282 -7.228073 0.000000 0.000000 0.000000 -2.383456 23.121004 -19.049729 33.594111 -29.902603 22.592179 17.706508 27.796019 -15.526547 -10.797622 -17.682930 -27.481661 0.016158 -3.000469 0.616930 0.000000 0.000000 0.000000 0.944481 8.984534 -0.110347 1.631878 -2.059423 0.120406 0.000000 0.000000 0.000000 -10.653061 -12.347534 -0.494453 9.612911 7.504803 -0.401678 7.983113 2.568751 0.048723 0.000000 0.000000 0.000000 7.622352 10.407741 -34.307294 -68.556271 12.187625 -17.804113 18.197037 -9.412361 -54.410707 0.000000 0.000000 0.000000 7.700986 1.028013 15.184813 -7.767562 -0.055878 0.823066 0.000000 0.000000 0.000000 -21.062941 8.360049 47.077879 0.000000 0.000000 0.000000 -3.510145 -9.969183 -24.875329 73.205412 0.117920 0.158764 -4.739385 -3.144014 67.102151 0.000000 0.000000 0.000000 -19.147399 -2.194024 12.954282 9.308701 -0.300036 -3.684100 0.000000 0.000000 0.000000 21.235103 11.571405 -33.217091 0.000000 0.000000 0.000000
0.287460 0.893027 0.923269 0.000000 0.000000 0.000000 -10.914636 -9.600143 -13.741275 -12.993304 3.998135 1.993712 9.715218 28.395501 7.833250 -4.525448 -2.272689 -22.770343 -0.996821 -15.740692 -7.201795 0.000000 0.000000 0.000000 -1.526242 25.053475 -20.635688 34.086239 -31.325943 23.897299 18.294067 27.058088 -15.284994 -11.572573 -17.782270 -29.498927 0.012033 -2.881349 0.478468 0.000000 0.000000 0.000000 1.122995 8.995614 -0.107660 1.792573 -2.222367 0.133713 0.000000 0.000000 0.000000 -10.908666 -11.993928 -0.451008 9.442272 7.125932 -0.347981 8.170905 1.913031 0.111904 0.000000 0.000000 0.000000 9.419391 11.066394 -38.222147 -67.440417 13.616949 -20.284190 18.793871 -9.597026 -53.792468 0.000000 0.000000 0.000000 7.141915 0.896053 14.284337 -7.775532 -0.050540 0.743682 0.000000 0.000000 0.000000 -21.429370 8.767545 45.889615 0.000000 0.000000 0.000000 -4.778307 -10.993144 -28.383545 73.135727 -2.289657 -3.086305 -3.714000 -2.394168 65.603670 0.000000 0.000000 0.000000 -19.192169 -2.086258 12.293805 9.399002 -0.326596 -3.971314 0.000000 0.000000 0.000000 22.098670 11.662809 -34.780052 0.000000 0.000000 0.000000
0.315639 0.895040 0.907462 0.000000 0.000000 0.000000 -12.426211 -10.146892 -15.208613 -12.065699 5.250892 2.566126 10.870173 27.838616 7.368777 -4.717648 -1.475813 -24.214460 -0.990849 -15.625129 -7.212234 0.000000 0.000000 0.000000 -0.457837 26.888784 -22.198219 34.374134 -32.698407 25.094769 18.768565 26.256154 -14.963755 -12.289506 -17.739619 -31.456817 0.009583 -2.935663 0.373973 0.000000 0.000000 0.000000 1.270808 9.023944 -0.105949 1.948993 -2.405608 0.148206 0.000000 0.000000 0.000000 -11.057001 -11.577054 -0.397296 9.228807 6.785343 -0.301409 8.303725 1.236384 0.177835 0.000000 0.000000 0.000000 11.351583 11.529243 -41.990802 -66.465061 14.959697 -22.662937 19.122761 -9.659533 -53.278859 0.000000 0.000000 0.000000 6.813497 0.813485 13.601321 -7.778222 -0.047801 0.703125 0.000000 0.000000 0.000000 -21.630458 9.047130 45.007176 0.000000 0.000000 0.000000 -6.207029 -11.868649 -31.865794 72.859557 -4.653404 -6.301967 -2.669651 -1.671547 64.098110 0.000000 0.000000 0.000000 -19.136366 -1.979314 11.702373 9.460185 -0.349860 -4.226327 0.000000 0.000000 0.000000 22.874905 11.707279 -36.253342 0.000000 0.000000 0.000000
0.340263 0.899197 0.893881 0.000000 0.000000 0.000000 -14.037389 -10.511948 -16.630024 -10.991783 6.413372 3.060925 11.959493 27.128337 6.895157 -4.868330 -0.567501 -25.627869 -0.991186 -15.526453 -7.260981 0.000000 0.000000 0.000000 0.800720 28.672918 -23.795464 34.514982 -34.025604 26.202667 19.088846 25.382794 -14.548233 -12.930586 -17.541107 -33.340660 0.008303 -3.152532 0.301737 0.000000 0.000000 0.000000 1.391042 9.078675 -0.105450 2.097185 -2.604242 0.163551 0.000000 0.000000 0.000000 -11.088899 -11.057138 -0.329106 8.977705 6.426472 -0.254161 8.379737 0.488881 0.250258 0.000000 0.000000 0.000000 13.450761 11.802518 -45.710071 -65.665881 16.293481 -25.017019 18.992863 -9.529916 -52.975000 0.000000 0.000000 0.000000 6.696728 0.768958 13.086110 -7.773269 -0.048956 0.720582 0.000000 0.000000 0.000000 -21.754320 9.231258 44.421498 0.000000 0.000000 0.000000 -7.782289 -12.617729 -35.393575 72.280391 -7.120807 -9.739736 -1.593133 -0.965175 62.415803 0.000000 0.000000 0.000000 -18.992083 -1.856686 11.066268 9.539437 -0.374502 -4.485996 0.000000 0.000000 0.000000 23.783435 11.779186 -37.802950 0.000000 0.000000 0.000000
0.358916 0.900836 0.885509 0.000000 0.000000 0.000000 -15.790866 -10.715466 -18.052931 -9.659632 7.590599 3.516184 12.951308 26.293078 6.430836 -4.983268 0.385676 -27.003617 -1.003414 -15.487783 -7.368850 0.000000 0.000000 0.000000 2.299371 30.365913 -25.400763 34.426928 -35.405054 27.250930 19.467563 24.481934 -14.128083 -13.596147 -17.220634 -35.403713 0.006534 -3.392253 0.220663 0.000000 0.000000 0.000000 1.502275 9.137933 -0.105329 2.221182 -2.810985 0.178695 0.000000 0.000000 0.000000 -11.107453 -10.601368 -0.269237 8.679776 6.150022 -0.220643 8.398361 -0.205134 0.316422 0.000000 0.000000 0.000000 15.681748 11.871799 -49.325804 -64.927878 17.580154 -27.322707 19.048529 -9.437388 -52.392548 0.000000 0.000000 0.000000 6.681931 0.741838 12.656168 -7.794584 -0.047469 0.696774 0.000000 0.000000 0.000000 -21.732415 9.339279 43.898797 0.000000 0.000000 0.000000 -9.556035 -13.189655 -38.949855 71.545363 -9.449613 -13.087989 -0.545319 -0.318731 60.611093 0.000000 0.000000 0.000000 -18.936598 -1.738761 10.398028 9.525323 -0.394873 -4.736769 0.000000 0.000000 0.000000 24.342919 11.681123 -39.253685 0.000000 0.000000 0.000000
0.375282 0.895123 0.876645 0.000000 0.000000 0.000000 -17.772737 -10.756564 -19.542650 -8.040768 8.823235 3.938355 13.925839 25.303483 5.950783 -5.068025 1.487765 -28.479589 -1.028808 -15.515177 -7.541350 0.000000 0.000000 0.000000 4.120735 32.069789 -27.137198 34.151490 -36.938802 28.329144 19.920971 23.510252 -13.680093 -14.345653 -16.776534 -37.818037 0.003791 -3.743918 0.115983 0.000000 0.000000 0.000000 1.620018 9.211005 -0.105624 2.317372 -3.044836 0.194271 0.000000 0.000000 0.000000 -11.077145 -10.146333 -0.209887 8.288632 5.909470 -0.195187 8.360790 -0.904408 0.380838 0.000000 0.000000 0.000000 18.149134 11.727564 -53.038893 -64.241884 18.939372 -29.757705 19.148380 -9.338019 -51.671699 0.000000 0.000000 0.000000 6.698181 0.729987 12.425533 -7.832429 -0.043687 0.638156 0.000000 0.000000 0.000000 -21.711378 9.413907 43.526619 0.000000 0.000000 0.000000 -11.618332 -13.590834 -42.733885 70.544834 -11.799986 -16.624340 0.503444 0.283009 58.684563 0.000000 0.000000 0.000000 -18.888684 -1.623718 9.738338 9.429478 -0.404868 -4.906058 0.000000 0.000000 0.000000 24.766226 11.546093 -40.549657 0.000000 0.000000 0.000000
0.392419 0.896041 0.869992 0.000000 0.000000 0.000000 -19.998882 -10.642271 -21.125279 -6.171544 10.162544 4.341023 14.901133 24.186362 5.461142 -5.125179 2.684069 -30.062694 -1.052189 -15.565826 -7.686905 0.000000 0.000000 0.000000 6.329831 33.751163 -29.009237 33.595267 -38.677059 29.418911 20.527082 22.405813 -13.184497 -15.154814 -16.199372 -40.545015 -0.000653 -4.021119 -0.018611 0.000000 0.000000 0.000000 1.705353 9.219956 -0.104645 2.401198 -3.270933 0.209251 0.000000 0.000000 0.000000 -11.032819 -9.639717 -0.144360 7.923568 5.690075 -0.173616 8.295164 -1.661363 0.448772 0.000000 0.000000 0.000000 20.810791 11.352123 -56.835520 -63.166989 20.327360 -32.512735 19.573516 -9.318416 -50.579171 0.000000 0.000000 0.000000 6.768567 0.727536 12.256053 -7.872106 -0.037884 0.550591 0.000000 0.000000 0.000000 -21.512716 9.427395 43.074108 0.000000 0.000000 0.000000 -13.919628 -13.793341 -46.705155 69.436900 -13.952045 -20.029058 1.546222 0.836704 56.836067 0.000000 0.000000 0.000000 -18.658739 -1.493311 9.071406 9.230702 -0.411200 -5.090340 0.000000 0.000000 0.000000 24.982948 11.271432 -41.980605 0.000000 0.000000 0.000000
0.410842 0.899237 0.863542 0.000000 0.000000 0.000000 -22.508035 -10.353480 -22.823823 -4.018243 11.681979 4.735716 15.912028 22.875949 4.943606 -5.151378 4.033743 -31.857037 -1.079833 -15.609690 -7.865878 0.000000 0.000000 0.000000 8.976933 35.432252 -31.093312 32.727222 -40.663122 30.520194 21.337325 21.149337 -12.634848 -16.076428 -15.481019 -43.751106 -0.007279 -4.250664 -0.196153 0.000000 0.000000 0.000000 1.767950 9.163342 -0.102050 2.469001 -3.506168 0.224189 0.000000 0.000000 0.000000 -10.981415 -9.087235 -0.073542 7.580507 5.490773 -0.155522 8.210808 -2.484169 0.520856 0.000000 0.000000 0.000000 23.716740 10.708769 -60.836955 -61.731221 21.746228 -35.633249 20.158798 -9.296818 -49.160223 0.000000 0.000000 0.000000 6.915503 0.741356 12.223141 -7.913911 -0.030760 0.444681 0.000000 0.000000 0.000000 -21.158778 9.371878 42.610056 0.000000 0.000000 0.000000 -16.553777 -13.740866 -50.987670 68.118652 -16.075450 -23.597597 2.579775 1.343321 55.007322 0.000000 0.000000 0.000000 -18.354222 -1.360126 8.404275 8.933098 -0.408720 -5.228723 0.000000 0.000000 0.000000 25.000672 10.902061 -43.423082 0.000000 0.000000 0.000000
0.431086 0.901536 0.856243 0.000000 0.000000 0.000000 -25.131201 -9.851920 -24.474531 -1.695246 13.154714 5.028413 16.890674 21.595585 4.465889 -5.137681 5.379746 -33.665511 -1.110952 -15.678096 -8.056196 0.000000 0.000000 0.000000 11.943777 36.945265 -33.225976 31.532401 -42.741423 31.482888 22.198524 19.775063 -12.004475 -17.056066 -14.676700 -47.249103 -0.016007 -4.462647 -0.410827 0.000000 0.000000 0.000000 1.828955 9.078167 -0.098551 2.529376 -3.727651 0.238323 0.000000 0.000000 0.000000 -10.905565 -8.530150 -0.003362 7.191973 5.343995 -0.146227 8.083016 -3.296636 0.587955 0.000000 0.000000 0.000000 26.782696 9.737659 -64.671015 -59.822555 23.169921 -39.225869 21.002737 -9.352357 -47.621348 0.000000 0.000000 0.000000 6.903483 0.735702 12.151622 -7.960682 -0.016925 0.243232 0.000000 0.000000 0.000000 -20.837914 9.362228 41.991632 0.000000 0.000000 0.000000 -19.328160 -13.387448 -55.256356 66.598977 -18.042100 -27.175085 3.807907 1.915243 53.388912 0.000000 0.000000 0.000000 -18.004499 -1.260714 7.945376 8.591018 -0.410318 -5.458667 0.000000 0.000000 0.000000 24.963910 10.483731 -44.977096 0.000000 0.000000 0.000000
0.452511 0.899939 0.847001 0.000000 0.000000 0.000000 -27.889215 -9.127094 -26.079209 0.810163 14.595928 5.220584 17.873966 20.286861 4.006856 -5.070563 6.811090 -35.554804 -1.150148 -15.777945 -8.286211 0.000000 0.000000 0.000000 15.233778 38.283972 -35.412769 29.884005 -44.931757 32.230497 23.179433 18.257949 -11.287196 -18.114949 -13.738910 -51.167510 -0.027036 -4.648155 -0.666145 0.000000 0.000000 0.000000 1.896355 8.944109 -0.093343 2.601720 -3.928957 0.252338 0.000000 0.000000 0.000000 -10.795778 -7.946019 0.068386 6.787989 5.240625 -0.143520 7.908471 -4.134071 0.652126 0.000000 0.000000 0.000000 29.997595 8.432410 -68.376960 -57.310890 24.525562 -43.379466 22.083797 -9.433696 -45.840326 0.000000 0.000000 0.000000 6.830011 0.724769 12.100496 -8.038341 0.003097 -0.044083 0.000000 0.000000 0.000000 -20.439899 9.352625 41.191276 0.000000 0.000000 0.000000 -22.274868 -12.694307 -59.556415 64.848646 -19.868988 -30.830353 5.028133 2.447235 51.883069 0.000000 0.000000 0.000000 -17.571566 -1.166350 7.535928 8.251449 -0.408670 -5.660982 0.000000 0.000000 0.000000 24.878425 10.046973 -46.545496 0.000000 0.000000 0.000000
0.473286 0.902520 0.830906 0.000000 0.000000 0.000000 -30.638414 -8.191233 -27.516402 3.360664 15.928471 5.304342 18.874438 18.995949 3.573870 -4.935945 8.350648 -37.529435 -1.180962 -15.821155 -8.483978 0.000000 0.000000 0.000000 18.792476 39.439319 -37.642353 28.084836 -47.143932 32.847093 24.023412 16.634160 -10.443560 -19.145697 -12.670856 -55.252396 -0.039374 -4.672204 -0.965147 0.000000 0.000000 0.000000 1.947012 8.771329 -0.087064 2.634094 -4.132407 0.264439 0.000000 0.000000 0.000000 -10.693371 -7.373323 0.137673 6.413867 5.157883 -0.143179 7.694219 -4.936377 0.707496 0.000000 0.000000 0.000000 33.250225 6.828693 -71.792208 -54.163178 25.615853 -47.941144 23.263413 -9.483093 -43.893400 0.000000 0.000000 0.000000 6.612555 0.693471 11.960617 -8.063286 0.023358 -0.331403 0.000000 0.000000 0.000000 -20.008669 9.349791 40.259123 0.000000 0.000000 0.000000 -25.239259 -11.671702 -63.651386 62.834331 -21.512110 -34.551781 6.456734 3.043443 50.438184 0.000000 0.000000 0.000000 -17.152875 -1.096033 7.257895 7.856582 -0.407273 -5.925673 0.000000 0.000000 0.000000 24.608930 9.540808 -48.126000 0.000000 0.000000 0.000000
0.492067 0.899970 0.819422 0.000000 0.000000 0.000000 -33.395379 -7.037340 -28.772108 5.973478 17.172871 5.290549 19.874467 17.616021 3.150146 -4.701360 10.070720 -39.582015 -1.215682 -15.811436 -8.737885 0.000000 0.000000 0.000000 22.566975 40.362963 -39.827354 26.024909 -49.285007 33.193012 24.658724 14.872627 -9.444529 -20.137630 -11.427215 -59.577149 -0.052413 -4.596698 -1.305847 0.000000 0.000000 0.000000 1.940689 8.513996 -0.079126 2.634782 -4.328988 0.274444 0.000000 0.000000 0.000000 -10.591686 -6.787356 0.207483 6.077462 5.081339 -0.143095 7.452184 -5.727663 0.756529 0.000000 0.000000 0.000000 36.580964 4.910701 -74.906021 -50.368861 26.377855 -52.979462 24.467726 -9.430668 -41.655318 0.000000 0.000000 0.000000 6.278237 0.643654 11.695677 -8.044808 0.044352 -0.630719 0.000000 0.000000 0.000000 -19.461267 9.320550 39.150577 0.000000 0.000000 0.000000 -28.262335 -10.281575 -67.549674 60.492560 -23.011634 -38.488068 7.989795 3.640044 48.931181 0.000000 0.000000 0.000000 -16.836640 -1.041218 7.026921 7.443140 -0.403585 -6.198661 0.000000 0.000000 0.000000 24.169213 8.974977 -49.737535 0.000000 0.000000 0.000000
0.505564 0.899631 0.809339 0.000000 0.000000 0.000000 -36.128078 -5.666480 -29.791494 8.649360 18.245684 5.160370 20.874989 16.219980 2.750353 -4.373102 11.893109 -41.705368 -1.260728 -15.815707 -9.057890 0.000000 0.000000 0.000000 26.504365 41.069971 -41.956475 23.605940 -51.376835 33.217418 25.217069 12.986090 -8.328732 -21.022428 -10.008176 -64.022201 -0.065991 -4.510356 -1.675612 0.000000 0.000000 0.000000 1.902275 8.232018 -0.071197 2.609395 -4.531226 0.283160 0.000000 0.000000 0.000000 -10.487728 -6.212687 0.274611 5.788781 5.055606 -0.147802 7.194067 -6.467608 0.796429 0.000000 0.000000 0.000000 39.935152 2.725794 -77.697329 -46.116031 26.651404 -58.187383 25.717336 -9.344832 -39.398787 0.000000 0.000000 0.000000 5.917079 0.591275 11.402906 -7.995157 0.069611 -0.996070 0.000000 0.000000 0.000000 -18.813703 9.250337 37.945985 0.000000 0.000000 0.000000 -31.301590 -8.530550 -71.171687 57.812966 -24.307080 -42.613345 9.682433 4.272911 47.543038 0.000000 0.000000 0.000000 -16.606892 -1.009991 6.912104 6.973310 -0.394547 -6.468684 0.000000 0.000000 0.000000 23.472025 8.344487 -51.303287 0.000000 0.000000 0.000000
0.517991 0.900782 0.802532 0.000000 0.000000 0.000000 -38.836850 -4.095103 -30.560356 11.366531 19.127787 4.924375 21.882567 14.748111 2.364098 -3.913499 13.928849 -44.068563 -1.310869 -15.788185 -9.433128 0.000000 0.000000 0.000000 30.610490 41.557510 -43.997706 20.756290 -53.378061 32.838276 25.681060 10.957544 -7.085228 -21.843690 -8.424630 -68.737290 -0.078645 -4.308236 -2.090600 0.000000 0.000000 0.000000 1.823571 7.898953 -0.062959 2.569013 -4.727663 0.290563 0.000000 0.000000 0.000000 -10.372483 -5.609692 0.343476 5.562366 5.032399 -0.151254 6.918281 -7.181876 0.829171 0.000000 0.000000 0.000000 43.336108 0.281213 -80.148091 -41.346364 26.341760 -63.612050 26.976442 -9.154534 -36.915034 0.000000 0.000000 0.000000 5.587979 0.540322 11.037312 -7.915733 0.097941 -1.415509 0.000000 0.000000 0.000000 -17.963824 9.095206 36.576038 0.000000 0.000000 0.000000 -34.358679 -6.417557 -74.506049 54.732190 -25.349977 -46.970595 11.489027 4.900813 46.089203 0.000000 0.000000 0.000000 -16.387703 -0.989616 6.864629 6.474164 -0.380104 -6.712941 0.000000 0.000000 0.000000 22.517985 7.683569 -52.719284 0.000000 0.000000 0.000000
0.532134 0.899717 0.801836 0.000000 0.000000 0.000000 -41.475548 -2.346919 -31.022400 14.043567 19.734697 4.591255 22.990817 13.290485 1.996120 -3.301411 16.111047 -46.453497 -1.371447 -15.811894 -9.852081 0.000000 0.000000 0.000000 34.785211 41.834260 -45.900365 17.471059 -55.267600 32.032358 25.984727 8.847622 -5.750649 -22.388694 -6.576820 -73.459204 -0.092795 -4.218896 -2.518918 0.000000 0.000000 0.000000 1.775578 7.552192 -0.053892 2.497980 -4.926546 0.295989 0.000000 0.000000 0.000000 -10.263463 -5.037727 0.407569 5.387810 5.055334 -0.158349 6.613262 -7.828026 0.850062 0.000000 0.000000 0.000000 46.774114 -2.379780 -82.180853 -36.434670 25.423597 -68.853068 28.220564 -8.973892 -34.674104 0.000000 0.000000 0.000000 5.165463 0.485586 10.733581 -7.796885 0.122400 -1.796000 0.000000 0.000000 0.000000 -17.121419 8.907221 35.285559 0.000000 0.000000 0.000000 -37.428896 -3.927173 -77.381149 51.410241 -26.133843 -51.482580 13.442241 5.563622 44.814156 0.000000 0.000000 0.000000 -16.258988 -0.990954 6.928924 5.972362 -0.364622 -6.981030 0.000000 0.000000 0.000000 21.436347 7.006646 -54.153459 0.000000 0.000000 0.000000
0.544749 0.889785 0.811025 0.000000 0.000000 0.000000 -44.131548 -0.377603 -31.160145 16.732291 20.062531 4.171483 24.255075 11.754915 1.630985 -2.469275 18.581240 -49.111046 -1.448336 -15.846303 -10.378789 0.000000 0.000000 0.000000 39.113020 41.906061 -47.662051 13.570367 -57.016949 30.665865 26.142789 6.562816 -4.276273 -22.672461 -4.406226 -78.484476 -0.109085 -4.178117 -2.989837 0.000000 0.000000 0.000000 1.738815 7.155112 -0.043287 2.398899 -5.129691 0.299533 0.000000 0.000000 0.000000 -10.158673 -4.439774 0.473844 5.276508 5.081988 -0.164111 6.273374 -8.455565 0.862293 0.000000 0.000000 0.000000 50.395777 -5.325253 -83.807185 -31.307856 23.856711 -74.023252 29.503589 -8.776574 -32.496733 0.000000 0.000000 0.000000 4.682633 0.427748 10.432972 -7.636592 0.144399 -2.163322 0.000000 0.000000 0.000000 -16.193247 8.651875 33.997390 0.000000 0.000000 0.000000 -40.629846 -0.979032 -79.825528 47.652145 -26.634452 -56.385011 15.644113 6.279949 43.536472 0.000000 0.000000 0.000000 -16.242892 -1.010543 7.072634 5.461605 -0.344444 -7.211895 0.000000 0.000000 0.000000 20.124150 6.286264 -55.608892 0.000000 0.000000 0.000000
0.555457 0.889167 0.831744 0.000000 0.000000 0.000000 -46.745090 1.729656 -30.965702 19.382207 20.162776 3.704460 25.447555 10.044901 1.285784 -1.413283 21.217872 -51.943351 -1.528719 -15.830991 -10.962133 0.000000 0.000000 0.000000 43.455721 41.774341 -49.183159 9.098502 -58.537025 28.718058 26.115233 4.194636 -2.730734 -22.638895 -2.051984 -83.566958 -0.129509 -4.231271 -3.504673 0.000000 0.000000 0.000000 1.653439 6.735793 -0.034074 2.275762 -5.324083 0.300686 0.000000 0.000000 0.000000 -10.014258 -3.890637 0.530481 5.214021 5.184878 -0.176604 5.918639 -8.980702 0.861664 0.000000 0.000000 0.000000 54.135173 -8.444669 -84.946031 -26.289977 21.704027 -78.762856 30.707996 -8.535601 -30.408894 0.000000 0.000000 0.000000 4.204865 0.373737 10.153944 -7.436777 0.167419 -2.575663 0.000000 0.000000 0.000000 -15.186852 8.322770 32.751015 0.000000 0.000000 0.000000 -43.855129 2.281755 -81.739428 43.558138 -26.738188 -61.491042 18.072952 7.008163 42.116447 0.000000 0.000000 0.000000 -16.250499 -1.066102 7.456904 4.887931 -0.318380 -7.449004 0.000000 0.000000 0.000000 18.567450 5.564164 -56.887727 0.000000 0.000000 0.000000
0.564339 0.877238 0.860825 0.000000 0.000000 0.000000 -49.355724 3.958154 -30.446252 21.975642 20.039356 3.210246 26.625323 8.164079 0.958829 -0.039348 24.114088 -55.131468 -1.610169 -15.733825 -11.614126 0.000000 0.000000 0.000000 47.829031 41.472339 -50.485611 4.060683 -59.806423 26.200259 25.900635 1.734427 -1.124264 -22.235010 0.540293 -88.891426 -0.154857 -4.339126 -4.085930 0.000000 0.000000 0.000000 1.537125 6.281910 -0.025789 2.127318 -5.509565 0.299261 0.000000 0.000000 0.000000 -9.864263 -3.360434 0.583018 5.232466 5.331107 -0.191601 5.568035 -9.427099 0.852802 0.000000 0.000000 0.000000 58.094942 -11.733960 -85.527721 -21.319111 18.968125 -83.181707 31.951637 -8.284426 -28.392212 0.000000 0.000000 0.000000 3.702696 0.320142 9.879833 -7.189056 0.187847 -2.989630 0.000000 0.000000 0.000000 -14.102601 7.920842 31.527519 0.000000 0.000000 0.000000 -47.185282 5.863651 -83.055247 39.069014 -26.352297 -66.836809 20.695415 7.718698 40.554675 0.000000 0.000000 0.000000 -16.335409 -1.153401 8.023264 4.312478 -0.289022 -7.664867 0.000000 0.000000 0.000000 16.755929 4.846574 -57.935751 0.000000 0.000000 0.000000
0.569187 0.877860 0.887677 0.000000 0.000000 0.000000 -51.930314 6.277054 -29.544021 24.553534 19.651066 2.690981 27.634105 6.057041 0.656785 1.637745 27.074595 -58.719267 -1.674804 -15.518869 -12.245130 0.000000 0.000000 0.000000 52.107718 40.973149 -51.360099 -1.844450 -60.694834 22.893039 25.567871 -0.856009 0.551327 -21.403103 3.329602 -94.487974 -0.184994 -4.481235 -4.725473 0.000000 0.000000 0.000000 1.360721 5.821559 -0.020940 1.972455 -5.673310 0.295926 0.000000 0.000000 0.000000 -9.628169 -2.867383 0.623348 5.270927 5.500519 -0.208658 5.162351 -9.799798 0.829640 0.000000 0.000000 0.000000 62.286907 -15.098618 -85.489624 -16.428990 15.596894 -86.984291 33.169703 -7.964512 -26.312957 0.000000 0.000000 0.000000 3.204937 0.270689 9.653015 -6.913474 0.204779 -3.389123 0.000000 0.000000 0.000000 -12.893064 7.415550 30.328884 0.000000 0.000000 0.000000 -50.629432 9.670039 -83.730046 34.262273 -25.398904 -72.340827 23.597984 8.361948 38.574802 0.000000 0.000000 0.000000 -16.220158 -1.257121 8.804852 3.702841 -0.254867 -7.872206 0.000000 0.000000 0.000000 14.812153 4.159687 -58.780733 0.000000 0.000000 0.000000
0.573930 0.891923 0.907721 0.000000 0.000000 0.000000 -54.597335 8.762612 -28.183386 27.221475 18.991405 2.146057 28.507896 3.566449 0.358988 3.867770 30.337023 -63.006382 -1.723381 -15.137779 -12.915857 0.000000 0.000000 0.000000 56.430897 40.280822 -51.775048 -8.782262 -61.056634 18.710709 25.027812 -3.726291 2.375680 -19.917895 6.485957 -100.743326 -0.223041 -4.640945 -5.499959 0.000000 0.000000 0.000000 1.090233 5.308443 -0.020838 1.801774 -5.821147 0.290321 0.000000 0.000000 0.000000 -9.299012 -2.377883 0.653839 5.366069 5.687075 -0.226486 4.708385 -10.129187 0.795161 0.000000 0.000000 0.000000 67.037165 -18.657674 -84.721341 -11.432185 11.491118 -90.296573 34.444506 -7.587765 -24.150266 0.000000 0.000000 0.000000 2.646855 0.220067 9.503941 -6.578141 0.218786 -3.805685 0.000000 0.000000 0.000000 -11.527806 6.779722 29.189595 0.000000 0.000000 0.000000 -54.509578 13.902948 -83.606648 28.813763 -23.620553 -78.289620 26.954930 8.909137 36.014160 0.000000 0.000000 0.000000 -15.913374 -1.381904 9.863036 3.030325 -0.213293 -8.050521 0.000000 0.000000 0.000000 12.690340 3.481865 -59.425184 0.000000 0.000000 0.000000
0.578564 0.895755 0.928739 0.000000 0.000000 0.000000 -57.147046 11.150057 -26.516834 29.737352 18.150477 1.643543 29.022875 0.995590 0.095666 6.441482 33.356666 -67.810698 -1.750103 -14.645745 -13.556020 0.000000 0.000000 0.000000 60.382491 39.515302 -51.729193 -15.759975 -60.827279 14.369587 24.302264 -6.540737 4.113840 -17.727697 9.705670 -107.190692 -0.271463 -4.827043 -6.433833 0.000000 0.000000 0.000000 0.785891 4.824949 -0.025603 1.624611 -5.954311 0.283189 0.000000 0.000000 0.000000 -8.975582 -1.972708 0.672708 5.461912 5.932943 -0.251023 4.265178 -10.368248 0.754189 0.000000 0.000000 0.000000 72.085303 -21.990525 -83.042803 -6.598649 6.946276 -92.947166 35.736304 -7.173620 -22.006754 0.000000 0.000000 0.000000 2.093495 0.169873 9.276961 -6.147915 0.225955 -4.205665 0.000000 0.000000 0.000000 -10.056454 6.034185 28.153097 0.000000 0.000000 0.000000 -58.492289 18.009731 -82.636897 23.357856 -21.063274 -83.935936 30.228699 9.135286 32.955373 0.000000 0.000000 0.000000 -15.541868 -1.506945 11.009267 2.321905 -0.166463 -8.200205 0.000000 0.000000 0.000000 10.428278 2.818969 -59.820643 0.000000 0.000000 0.000000
0.582620 0.906530 0.949113 0.000000 0.000000 0.000000 -59.579141 13.440877 -24.503501 32.082407 17.112697 1.193108 29.201565 -1.803653 -0.170484 9.611847 36.313481 -73.400743 -1.771622 -14.106209 -14.246259 0.000000 0.000000 0.000000 64.069455 38.680997 -51.183919 -22.696149 -59.909307 10.022968 23.310725 -9.434248 5.824721 -14.439107 13.122900 -114.202619 -0.334223 -5.042729 -7.578964 0.000000 0.000000 0.000000 0.411693 4.336930 -0.036872 1.446229 -6.067593 0.274754 0.000000 0.000000 0.000000 -8.607064 -1.644005 0.677274 5.598347 6.198426 -0.277467 3.814885 -10.520561 0.705760 0.000000 0.000000 0.000000 77.470199 -25.043659 -80.601149 -1.934027 2.103681 -94.813028 37.068543 -6.776473 -20.029643 0.000000 0.000000 0.000000 1.593763 0.125445 9.000374 -5.677345 0.224488 -4.525012 0.000000 0.000000 0.000000 -8.544160 5.213866 27.274119 0.000000 0.000000 0.000000 -62.776942 21.974081 -80.657117 17.881693 -17.684973 -89.355907 33.354267 8.977602 29.368452 0.000000 0.000000 0.000000 -15.017072 -1.621523 12.256394 1.577751 -0.115330 -8.360957 0.000000 0.000000 0.000000 8.029543 2.157795 -59.959966 0.000000 0.000000 0.000000
0.587167 0.906963 0.975541 0.000000 0.000000 0.000000 -61.875877 15.468840 -22.506248 34.224101 16.169578 0.821147 28.959885 -4.296432 -0.415410 12.871060 38.641038 -79.105162 -1.709498 -13.310216 -14.573327 0.000000 0.000000 0.000000 66.990559 37.940032 -50.312104 -28.190774 -58.692112 6.655608 22.183230 -11.808631 7.137141 -10.369456 16.167198 -120.758357 -0.380518 -4.983169 -8.727887 0.000000 0.000000 0.000000 0.043052 3.920323 -0.052019 1.306965 -6.165634 0.268300 0.000000 0.000000 0.000000 -8.313569 -1.336165 0.684156 5.706719 6.539561 -0.313300 3.451478 -10.560117 0.661547 0.000000 0.000000 0.000000 83.080270 -27.429858 -77.082889 2.715765 -3.025978 -96.187672 38.501343 -6.240809 -17.744739 0.000000 0.000000 0.000000 1.286978 0.098388 8.743047 -5.166866 0.219214 -4.855575 0.000000 0.000000 0.000000 -6.775393 4.198553 26.465801 0.000000 0.000000 0.000000 -66.998257 25.446271 -78.286692 12.876267 -13.695110 -93.562006 36.318981 8.545960 25.665228 0.000000 0.000000 0.000000 -14.681185 -1.753206 13.546999 0.862819 -0.063006 -8.352911 0.000000 0.000000 0.000000 5.721726 1.549480 -59.717019 0.000000 0.000000 0.000000
0.586427 0.918355 1.008140 0.000000 0.000000 0.000000 -63.862009 17.247467 -20.337937 35.983390 15.106291 0.532800 28.413616 -6.698260 -0.680346 16.336412 40.554636 -84.992589 -1.673302 -12.650765 -15.009905 0.000000 0.000000 0.000000 69.453117 37.221064 -49.012948 -32.842509 -57.048930 3.893709 20.845772 -13.980170 8.236392 -4.799088 19.144009 -127.479759 -0.434836 -4.857539 -10.224666 0.000000 0.000000 0.000000 -0.372665 3.489923 -0.072740 1.134151 -6.261821 0.259003 0.000000 0.000000 0.000000 -8.010615 -1.174922 0.673821 5.799946 6.982096 -0.361245 3.104060 -10.432466 0.611083 0.000000 0.000000 0.000000 88.878321 -29.221698 -72.908396 7.445579 -8.417395 -97.033787 39.919724 -5.667555 -15.522578 0.000000 0.000000 0.000000 1.039542 0.076617 8.430273 -4.649122 0.208064 -5.122132 0.000000 0.000000 0.000000 -5.026208 3.149485 25.876541 0.000000 0.000000 0.000000 -71.477498 28.509284 -75.030172 8.038044 -9.135223 -97.338430 39.032434 7.714485 21.541026 0.000000 0.000000 0.000000 -14.077839 -1.874143 15.091911 0.086404 -0.006284 -8.319402 0.000000 0.000000 0.000000 3.341348 0.922889 -59.127125 0.000000 0.000000 0.000000
0.580580 0.918191 1.044126 0.000000 0.000000 0.000000 -65.638432 18.783768 -18.196756 37.566300 14.085737 0.300712 27.641595 -8.851870 -0.960257 20.240931 42.302956 -91.076838 -1.614089 -11.833898 -15.480326 0.000000 0.000000 0.000000 71.477297 36.583975 -47.547473 -36.741141 -55.181811 1.703349 19.502991 -16.005218 9.188509 2.467952 21.856855 -134.346939 -0.462775 -4.382216 -12.050757 0.000000 0.000000 0.000000 -0.795975 3.109087 -0.097447 0.969611 -6.346942 0.249649 0.000000 0.000000 0.000000 -7.717897 -1.026652 0.662294 5.888671 7.336598 -0.400132 2.764345 -10.297730 0.562054 0.000000 0.000000 0.000000 94.656359 -30.379482 -68.364761 12.396635 -13.984109 -96.948140 41.282036 -4.912329 -12.992715 0.000000 0.000000 0.000000 0.891448 0.064081 8.223067 -4.081814 0.190188 -5.333183 0.000000 0.000000 0.000000 -3.103146 1.957256 25.525662 0.000000 0.000000 0.000000 -76.078658 31.074868 -71.238925 3.457320 -4.135473 -100.215083 41.051187 6.570124 17.432221 0.000000 0.000000 0.000000 -13.332994 -1.962620 16.674667 -0.586188 0.041742 -8.146215 0.000000 0.000000 0.000000 1.253323 0.358043 -58.114476 0.000000 0.000000 0.000000
0.577511 0.926811 1.073917 0.000000 0.000000 0.000000 -66.993768 19.920562 -16.418803 38.717997 13.295603 0.149421 26.686829 -10.590355 -1.239427 24.204340 43.689017 -96.930446 -1.533123 -10.953398 -15.888593 0.000000 0.000000 0.000000 72.980057 36.068195 -46.096097 -39.515920 -53.372272 0.243305 18.276926 -17.712529 9.928731 10.962288 23.974300 -140.823354 -0.435339 -3.531885 -14.049285 0.000000 0.000000 0.000000 -1.222689 2.733300 -0.125220 0.831615 -6.412719 0.241420 0.000000 0.000000 0.000000 -7.455809 -0.951654 0.645798 5.958478 7.651871 -0.435245 2.499390 -10.080786 0.519581 0.000000 0.000000 0.000000 99.448575 -30.927058 -64.432311 16.753068 -18.595764 -96.063407 42.344623 -4.233609 -10.902519 0.000000 0.000000 0.000000 1.000774 0.070665 8.077769 -3.564423 0.169288 -5.436554 0.000000 0.000000 0.000000 -1.233239 0.778601 25.469004 0.000000 0.000000 0.000000 -80.114736 32.852489 -67.575032 -0.384251 0.474683 -102.020475 42.147833 5.332000 13.780137 0.000000 0.000000 0.000000 -12.604870 -2.009532 18.046207 -1.128782 0.077673 -7.872511 0.000000 0.000000 0.000000 -0.375127 -0.112016 -56.748063 0.000000 0.000000 0.000000
0.573528 0.927763 1.097260 0.000000 0.000000 0.000000 -67.912171 20.694173 -15.063242 39.412581 12.637974 0.065048 25.908452 -11.803649 -1.463979 27.773078 44.751995 -101.740454 -1.450534 -10.088830 -16.322538 0.000000 0.000000 0.000000 73.880511 35.704805 -44.860535 -41.128505 -51.830870 -0.548377 17.362639 -19.059737 10.494621 19.747388 25.402319 -146.083021 -0.320509 -2.286543 -15.956505 0.000000 0.000000 0.000000 -1.596985 2.408608 -0.151878 0.707543 -6.510562 0.235199 0.000000 0.000000 0.000000 -7.288003 -0.920896 0.633432 6.058434 7.917747 -0.465143 2.298532 -9.838549 0.484861 0.000000 0.000000 0.000000 103.038365 -31.094967 -61.404310 20.267258 -22.069141 -94.986530 42.948328 -3.639329 -9.234276 0.000000 0.000000 0.000000 1.147400 0.080673 8.043310 -3.177953 0.151862 -5.470342 0.000000 0.000000 0.000000 0.229797 -0.144528 25.665301 0.000000 0.000000 0.000000 -83.535359 34.003751 -64.199826 -3.512299 4.414285 -102.993955 42.516236 4.226844 10.837259 0.000000 0.000000 0.000000 -11.827167 -2.015243 19.274153 -1.493719 0.098819 -7.569539 0.000000 0.000000 0.000000 -1.270522 -0.397819 -55.228972 0.000000 0.000000 0.000000
0.575874 0.926327 1.111224 0.000000 0.000000 0.000000 -68.538027 21.246389 -13.977351 39.793072 12.063927 0.021864 25.300412 -12.675255 -1.641522 31.402491 45.735317 -106.140376 -1.363147 -9.172278 -16.871571 0.000000 0.000000 0.000000 74.477945 35.414630 -43.729369 -42.275271 -50.366801 -1.069981 16.695447 -20.341785 11.057101 29.814927 26.406318 -150.946820 -0.078516 -0.495966 -17.991539 0.000000 0.000000 0.000000 -1.934656 2.089751 -0.177812 0.596029 -6.639732 0.230784 0.000000 0.000000 0.000000 -7.173549 -0.923234 0.622769 6.153633 8.148306 -0.491479 2.107666 -9.536000 0.449807 0.000000 0.000000 0.000000 105.904509 -31.129181 -59.007857 23.332437 -24.874643 -93.774855 43.284867 -3.129113 -7.875706 0.000000 0.000000 0.000000 1.336131 0.093878 8.037712 -2.865726 0.135766 -5.423686 0.000000 0.000000 0.000000 1.446800 -0.903732 26.020377 0.000000 0.000000 0.000000 -86.619797 34.778930 -60.977946 -6.235070 7.899889 -103.468074 42.373496 3.253349 8.380674 0.000000 0.000000 0.000000 -10.914680 -1.960662 20.309065 -1.726179 0.108771 -7.210665 0.000000 0.000000 0.000000 -1.588742 -0.521334 -53.668197 0.000000 0.000000 0.000000
0.580712 0.929457 1.119813 0.000000 0.000000 0.000000 -68.882623 21.580076 -13.241685 39.874100 11.658860 0.012852 24.801685 -13.228341 -1.772578 34.477926 46.514970 -109.521693 -1.256225 -8.257464 -17.271580 0.000000 0.000000 0.000000 74.674134 35.223878 -42.832154 -42.718739 -49.219753 -1.245503 16.258642 -21.262073 11.460784 38.453665 26.900995 -154.352723 0.230252 1.341251 -19.481167 0.000000 0.000000 0.000000 -2.190618 1.817041 -0.198873 0.524994 -6.756644 0.228959 0.000000 0.000000 0.000000 -7.115260 -0.950214 0.614945 6.293353 8.356232 -0.515738 2.019036 -9.302219 0.430268 0.000000 0.000000 0.000000 107.654519 -31.055455 -57.487543 25.335217 -26.635928 -92.967950 43.341514 -2.855046 -7.177174 0.000000 0.000000 0.000000 1.495586 0.106178 8.121269 -2.683915 0.126900 -5.413075 0.000000 0.000000 0.000000 2.167698 -1.345967 26.329824 0.000000 0.000000 0.000000 -88.797433 35.175701 -58.600089 -8.123236 10.314746 -103.613876 42.098566 2.584326 6.708593 0.000000 0.000000 0.000000 -10.071756 -1.872342 21.010945 -1.867476 0.114141 -6.994585 0.000000 0.000000 0.000000 -1.447484 -0.489247 -52.651300 0.000000 0.000000 0.000000
0.591387 0.925473 1.126783 0.000000 0.000000 0.000000 -68.998154 21.745541 -12.792191 39.744734 11.327016 0.025313 24.454911 -13.478018 -1.848048 37.219898 47.217215 -112.207653 -1.123424 -7.296461 -17.483259 0.000000 0.000000 0.000000 74.571130 35.102477 -42.117200 -42.844312 -48.157161 -1.271270 16.121800 -22.037082 11.851945 45.979245 27.225854 -156.620039 0.577662 3.180665 -20.582348 0.000000 0.000000 0.000000 -2.331919 1.601720 -0.211427 0.514621 -6.893094 0.232526 0.000000 0.000000 0.000000 -7.149580 -0.998200 0.613594 6.508641 8.547880 -0.538975 2.024967 -9.105802 0.423355 0.000000 0.000000 0.000000 108.497007 -30.925225 -56.652789 26.450532 -27.641779 -92.619301 43.296934 -2.783008 -7.004384 0.000000 0.000000 0.000000 1.529969 0.109580 8.192831 -2.588251 0.121583 -5.378077 0.000000 0.000000 0.000000 2.443346 -1.510901 26.541668 0.000000 0.000000 0.000000 -90.304377 35.363572 -56.878500 -9.291875 11.809160 -103.681477 41.802987 2.143575 5.609201 0.000000 0.000000 0.000000 -9.210311 -1.740419 21.357918 -1.911036 0.114697 -6.868726 0.000000 0.000000 0.000000 -0.871471 -0.298928 -52.135063 0.000000 0.000000 0.000000
