HIERARCHY
ROOT Hips
{
	OFFSET 0.000000 0.000000 0.000000
	CHANNELS 6 Xposition Yposition Zposition Zrotation Xrotation Yrotation
	JOINT LHipJoint
	{
		OFFSET 0.000000 0.000000 0.000000
		CHANNELS 3 Zrotation Xrotation Yrotation
		JOINT LeftUpLeg
		{
			OFFSET 0.076937 -0.101296 0.047373
			CHANNELS 3 Zrotation Xrotation Yrotation
			JOINT LeftLeg
			{
				OFFSET 0.138181 -0.379650 0.000000
				CHANNELS 3 Zrotation Xrotation Yrotation
				JOINT LeftFoot
				{
					OFFSET 0.144621 -0.397343 0.000000
					CHANNELS 3 Zrotation Xrotation Yrotation
					JOINT LeftToeBase
					{
						OFFSET 0.008898 -0.024446 0.131094
						CHANNELS 3 Zrotation Xrotation Yrotation
						JOINT End_Site
						{
							OFFSET 0.000000 -0.000000 0.067149
							CHANNELS 3 Zrotation Xrotation Yrotation
							End Site
							{
								OFFSET 0.000000 -0.000000 0.020145
							}
						}
					}
				}
			}
		}
	}
	JOINT RHipJoint
	{
		OFFSET 0.000000 0.000000 0.000000
		CHANNELS 3 Zrotation Xrotation Yrotation
		JOINT RightUpLeg
		{
			OFFSET -0.073689 -0.101296 0.047373
			CHANNELS 3 Zrotation Xrotation Yrotation
			JOINT RightLeg
			{
				OFFSET -0.143511 -0.394292 0.000000
				CHANNELS 3 Zrotation Xrotation Yrotation
				JOINT RightFoot
				{
					OFFSET -0.144963 -0.398282 0.000000
					CHANNELS 3 Zrotation Xrotation Yrotation
					JOINT RightToeBase
					{
						OFFSET -0.009298 -0.025546 0.133386
						CHANNELS 3 Zrotation Xrotation Yrotation
						JOINT End_Site
						{
							OFFSET -0.000000 -0.000000 0.068344
							CHANNELS 3 Zrotation Xrotation Yrotation
							End Site
							{
								OFFSET -0.000000 -0.000000 0.020503
							}
						}
					}
				}
			}
		}
	}
	JOINT LowerBack
	{
		OFFSET 0.000000 0.000000 0.000000
		CHANNELS 3 Zrotation Xrotation Yrotation
		JOINT Spine
		{
			OFFSET 0.001596 0.114897 -0.010915
			CHANNELS 3 Zrotation Xrotation Yrotation
			JOINT Spine1
			{
				OFFSET 0.003202 0.115645 -0.002413
				CHANNELS 3 Zrotation Xrotation Yrotation
				JOINT Neck
				{
					OFFSET 0.000000 0.000000 0.000000
					CHANNELS 3 Zrotation Xrotation Yrotation
					JOINT Neck1
					{
						OFFSET -0.003058 0.098565 0.009709
						CHANNELS 3 Zrotation Xrotation Yrotation
						JOINT Head
						{
							OFFSET 0.005874 0.099418 -0.006997
							CHANNELS 3 Zrotation Xrotation Yrotation
							JOINT End_Site
							{
								OFFSET 0.002100 0.099931 -0.003523
								CHANNELS 3 Zrotation Xrotation Yrotation
								End Site
								{
									OFFSET 0.000630 0.029979 -0.001057
								}
							}
						}
					}
				}
				JOINT LeftShoulder
				{
					OFFSET 0.000000 0.000000 0.000000
					CHANNELS 3 Zrotation Xrotation Yrotation
					JOINT LeftArm
					{
						OFFSET 0.189788 0.067783 -0.017566
						CHANNELS 3 Zrotation Xrotation Yrotation
						JOINT LeftForeArm
						{
							OFFSET 0.281260 -0.000000 -0.000000
							CHANNELS 3 Zrotation Xrotation Yrotation
							JOINT LeftHand
							{
								OFFSET 0.196626 -0.000000 -0.000000
								CHANNELS 3 Zrotation Xrotation Yrotation
								JOINT LeftFingerBase
								{
									OFFSET 0.000000 0.000000 0.000000
									CHANNELS 3 Zrotation Xrotation Yrotation
									JOINT LeftHandIndex1
									{
										OFFSET 0.040372 -0.000000 -0.000000
										CHANNELS 3 Zrotation Xrotation Yrotation
										JOINT End_Site
										{
											OFFSET 0.032549 -0.000000 -0.000000
											CHANNELS 3 Zrotation Xrotation Yrotation
											End Site
											{
												OFFSET 0.009765 -0.000000 -0.000000
											}
										}
									}
								}
								JOINT LThumb
								{
									OFFSET 0.000000 0.000000 0.000000
									CHANNELS 3 Zrotation Xrotation Yrotation
									JOINT End_Site
									{
										OFFSET 0.033046 -0.000000 0.033046
										CHANNELS 3 Zrotation Xrotation Yrotation
										End Site
										{
											OFFSET 0.009914 -0.000000 0.009914
										}
									}
								}
							}
						}
					}
				}
				JOINT RightShoulder
				{
					OFFSET 0.000000 0.000000 0.000000
					CHANNELS 3 Zrotation Xrotation Yrotation
					JOINT RightArm
					{
						OFFSET -0.177042 0.077557 -0.022840
						CHANNELS 3 Zrotation Xrotation Yrotation
						JOINT RightForeArm
						{
							OFFSET -0.295874 -0.000000 -0.000000
							CHANNELS 3 Zrotation Xrotation Yrotation
							JOINT RightHand
							{
								OFFSET -0.194403 -0.000000 -0.000000
								CHANNELS 3 Zrotation Xrotation Yrotation
								JOINT RightFingerBase
								{
									OFFSET 0.000000 0.000000 0.000000
									CHANNELS 3 Zrotation Xrotation Yrotation
									JOINT RightHandIndex1
									{
										OFFSET -0.035138 -0.000000 -0.000000
										CHANNELS 3 Zrotation Xrotation Yrotation
										JOINT End_Site
										{
											OFFSET -0.028329 -0.000000 -0.000000
											CHANNELS 3 Zrotation Xrotation Yrotation
											End Site
											{
												OFFSET -0.008499 -0.000000 -0.000000
											}
										}
									}
								}
								JOINT RThumb
								{
									OFFSET 0.000000 0.000000 0.000000
									CHANNELS 3 Zrotation Xrotation Yrotation
									JOINT End_Site
									{
										OFFSET -0.028762 -0.000000 0.028762
										CHANNELS 3 Zrotation Xrotation Yrotation
										End Site
										{
											OFFSET -0.008628 -0.000000 0.008628
										}
									}
								}
							}
						}
					}
				}
			}
		}
	}
}
MOTION
Frames: 160
Frame Time: 0.03333333
0.000090 0.962532 0.000000 -0.000000 0.000000 -0.000000 -53.056062 34.005562 35.168637 25.959798 -38.505004 -4.925392 -18.373585 -14.482155 -8.119151 -16.481477 29.872914 105.970865 6.033225 -20.212589 32.941648 -0.000000 0.000000 -0.000000 48.465568 13.416081 13.299940 -16.799754 3.990506 -0.819458 -25.919434 -6.443738 0.796620 -22.304234 51.830244 74.308354 0.497779 -3.350999 16.893965 -0.000000 0.000000 -0.000000 -7.507828 -2.412563 -0.836618 -2.679308 -6.413398 -0.028269 -0.000000 0.000000 -0.000000 1.460622 -1.433596 -0.170233 4.266318 8.107292 -0.485375 -6.969081 -3.827109 -0.397675 -0.000000 0.000000 -0.000000 67.528187 24.703363 64.532905 -34.984730 -32.412883 85.367511 -43.959697 18.020247 -42.895886 -0.000000 0.000000 -0.000000 11.609403 0.300201 2.952372 -1.030396 -0.108186 11.987229 -0.000000 0.000000 -0.000000 -10.678094 1.667526 72.297751 -0.000000 0.000000 -0.000000 -75.225466 -11.291995 71.858406 -4.084030 -6.193315 113.225251 -57.934504 -12.431366 22.261220 -0.000000 0.000000 -0.000000 -20.910709 3.704067 -19.877820 7.836324 0.403787 5.890258 -0.000000 0.000000 -0.000000 0.667985 0.370952 -31.910951 -0.000000 0.000000 -0.000000
0.009880 0.978035 -0.008687 0.000000 0.000000 0.000000 -53.847474 34.335948 36.306382 25.975176 -38.935629 -4.979347 -19.216870 -14.700686 -8.385147 -13.619402 28.240297 105.786171 5.755136 -20.895168 30.496541 0.000000 0.000000 0.000000 48.840303 13.354666 13.727197 -16.911735 4.239404 -0.866295 -26.429878 -6.297454 0.750007 -21.896266 50.874040 75.350658 0.489504 -3.450808 16.142600 0.000000 0.000000 0.000000 -7.833452 -2.450510 -0.876470 -2.722776 -6.519077 -0.031191 0.000000 0.000000 0.000000 1.652635 -1.479411 -0.187521 4.357958 8.254969 -0.500012 -7.172793 -3.731316 -0.407692 0.000000 0.000000 0.000000 66.945084 24.705445 65.727606 -38.119703 -33.137506 81.465802 -44.039585 19.018906 -44.998214 0.000000 0.000000 0.000000 11.369511 0.231952 2.329818 -1.223523 -0.127859 11.931150 0.000000 0.000000 0.000000 -10.871100 1.717542 72.095628 0.000000 0.000000 0.000000 -74.658374 -11.312094 72.957474 -3.838522 -5.765955 112.719726 -57.922052 -13.022315 23.305689 0.000000 0.000000 0.000000 -22.108180 3.836859 -19.458067 8.153850 0.419275 5.877277 0.000000 0.000000 0.000000 0.847387 0.470826 -31.885676 0.000000 0.000000 0.000000
0.014196 0.981575 -0.022407 0.000000 0.000000 0.000000 -54.044359 34.616573 37.193928 25.302583 -39.309288 -5.274556 -20.021168 -14.493920 -8.401481 -10.658229 26.642787 104.457679 5.483090 -21.649586 28.119501 0.000000 0.000000 0.000000 48.795909 13.133334 14.093119 -16.743929 4.226491 -0.870106 -26.662035 -5.765228 0.674658 -21.128376 49.964783 75.480028 0.509575 -3.719568 15.596443 0.000000 0.000000 0.000000 -8.137049 -2.315520 -0.904230 -2.742700 -6.578522 -0.032516 0.000000 0.000000 0.000000 1.877834 -1.645743 -0.209272 4.350707 8.437754 -0.518024 -7.399722 -3.492669 -0.412718 0.000000 0.000000 0.000000 65.870701 24.207516 66.637833 -41.998171 -34.019208 77.107673 -42.783224 19.198784 -46.704139 0.000000 0.000000 0.000000 11.368581 0.188222 1.890821 -1.605479 -0.162500 11.558393 0.000000 0.000000 0.000000 -11.026183 1.820923 71.300361 0.000000 0.000000 0.000000 -73.337411 -10.812102 73.954810 -2.313766 -3.458171 112.438134 -55.936868 -13.912669 25.881006 0.000000 0.000000 0.000000 -23.906750 3.883887 -18.198127 8.698093 0.422465 5.550685 0.000000 0.000000 0.000000 1.270098 0.704877 -31.942710 0.000000 0.000000 0.000000
0.015091 0.988204 -0.036469 0.000000 0.000000 0.000000 -53.862218 34.903835 38.012290 24.106419 -39.695377 -5.769177 -20.902194 -13.916999 -8.208143 -7.431633 24.842507 102.211234 5.169819 -22.472842 25.605490 0.000000 0.000000 0.000000 48.436079 12.783510 14.418402 -16.359174 3.967391 -0.830623 -26.741386 -4.903381 0.570227 -20.043195 48.995093 74.947532 0.555505 -4.180782 15.130706 0.000000 0.000000 0.000000 -8.439641 -2.046034 -0.923243 -2.755920 -6.630297 -0.033362 0.000000 0.000000 0.000000 2.179105 -1.946511 -0.238310 4.265595 8.643713 -0.537878 -7.699852 -3.128173 -0.415667 0.000000 0.000000 0.000000 64.468752 23.344189 67.303203 -46.715161 -34.859468 72.032369 -40.483577 18.748056 -48.233766 0.000000 0.000000 0.000000 11.674015 0.159490 1.560036 -2.014857 -0.195745 11.096697 0.000000 0.000000 0.000000 -11.036502 1.923691 70.283221 0.000000 0.000000 0.000000 -71.396064 -9.887994 74.944634 0.248414 0.367765 111.924376 -52.402752 -14.794323 29.558844 0.000000 0.000000 0.000000 -26.126569 3.747070 -16.048942 9.345056 0.417195 5.101055 0.000000 0.000000 0.000000 1.831285 1.014350 -32.038663 0.000000 0.000000 0.000000
0.011155 0.987714 -0.045244 0.000000 0.000000 0.000000 -53.623539 35.227297 38.917382 22.775021 -40.161786 -6.338316 -21.829971 -13.296627 -7.985566 -4.212341 22.858232 100.005223 4.747200 -22.984325 23.047081 0.000000 0.000000 0.000000 48.135383 12.369111 14.900473 -15.968501 3.760032 -0.800573 -26.941110 -3.868580 0.442950 -18.757526 47.747779 74.455647 0.590964 -4.617326 14.579392 0.000000 0.000000 0.000000 -8.763409 -1.673581 -0.936831 -2.773425 -6.648564 -0.034676 0.000000 0.000000 0.000000 2.480687 -2.263378 -0.265955 4.185480 8.851427 -0.557637 -7.970470 -2.730886 -0.413367 0.000000 0.000000 0.000000 62.852318 22.357743 68.177714 -51.389823 -35.152832 66.717029 -38.540145 18.383755 -49.674866 0.000000 0.000000 0.000000 12.122719 0.139860 1.317056 -2.391849 -0.227204 10.851044 0.000000 0.000000 0.000000 -11.040857 2.022248 69.302240 0.000000 0.000000 0.000000 -69.364423 -8.852270 75.874449 3.051057 4.427005 110.865379 -48.667228 -15.390803 33.272085 0.000000 0.000000 0.000000 -28.092326 3.445372 -13.709715 10.045439 0.393316 4.472933 0.000000 0.000000 0.000000 2.574654 1.425994 -32.045166 0.000000 0.000000 0.000000
0.003166 0.992612 -0.046114 0.000000 0.000000 0.000000 -53.283031 35.595371 39.915681 21.154980 -40.703302 -7.045115 -22.812357 -12.554100 -7.684186 -0.935566 20.632294 97.692334 4.234205 -23.304822 20.325543 0.000000 0.000000 0.000000 47.846348 11.878031 15.516000 -15.574920 3.500376 -0.757834 -27.197151 -2.539364 0.284946 -17.270976 46.210191 74.000350 0.614495 -5.025963 13.932531 0.000000 0.000000 0.000000 -9.094903 -1.192290 -0.942110 -2.783711 -6.638039 -0.035522 0.000000 0.000000 0.000000 2.822008 -2.642207 -0.295378 4.058633 9.087180 -0.579378 -8.248454 -2.252739 -0.405490 0.000000 0.000000 0.000000 61.037777 21.195802 69.110908 -56.158317 -34.980370 61.137846 -36.750410 17.964396 -50.894998 0.000000 0.000000 0.000000 12.864168 0.136563 1.211322 -2.836125 -0.260524 10.494722 0.000000 0.000000 0.000000 -10.824867 2.078518 68.322332 0.000000 0.000000 0.000000 -67.159315 -7.631599 76.664217 6.354050 8.922748 109.143332 -44.204541 -15.561513 37.192826 0.000000 0.000000 0.000000 -30.012747 2.988643 -11.116332 10.864322 0.359309 3.777102 0.000000 0.000000 0.000000 3.478703 1.925513 -32.080020 0.000000 0.000000 0.000000
-0.001119 1.001105 -0.043044 0.000000 0.000000 0.000000 -52.933014 35.918476 40.763688 19.632243 -41.083565 -7.701903 -23.682599 -11.798181 -7.342892 1.846834 18.553969 95.581391 3.753893 -23.383810 17.996820 0.000000 0.000000 0.000000 47.536052 11.400633 16.075488 -15.215164 3.208613 -0.705189 -27.435133 -1.410469 0.155288 -16.067919 44.956836 73.564582 0.638498 -5.387230 13.508664 0.000000 0.000000 0.000000 -9.376667 -0.688096 -0.938023 -2.780076 -6.633654 -0.035251 0.000000 0.000000 0.000000 3.087759 -2.976961 -0.316905 4.002182 9.234051 -0.592903 -8.478370 -1.865452 -0.397655 0.000000 0.000000 0.000000 59.422194 20.103797 69.863704 -60.395194 -34.438897 56.075391 -35.232402 17.602778 -51.989304 0.000000 0.000000 0.000000 13.608362 0.164698 1.380280 -3.297023 -0.293627 10.175677 0.000000 0.000000 0.000000 -10.700443 2.134247 67.501697 0.000000 0.000000 0.000000 -65.173983 -6.486073 77.294556 9.762240 13.154021 106.946870 -40.429613 -15.454189 40.456899 0.000000 0.000000 0.000000 -31.289678 2.316567 -8.258811 11.537663 0.303755 3.006002 0.000000 0.000000 0.000000 4.489414 2.497766 -31.836879 0.000000 0.000000 0.000000
0.004546 1.014666 -0.039042 0.000000 0.000000 0.000000 -52.727607 36.210561 41.557101 18.269999 -41.352057 -8.285950 -24.466527 -11.125902 -7.028676 4.354143 16.526449 93.804008 3.297927 -23.162718 15.992624 0.000000 0.000000 0.000000 47.313809 10.986800 16.590719 -15.013412 2.899360 -0.642546 -27.681714 -0.479813 0.051779 -15.195608 43.939761 73.470406 0.662974 -5.758399 13.124463 0.000000 0.000000 0.000000 -9.592584 -0.156019 -0.923134 -2.752499 -6.652595 -0.033011 0.000000 0.000000 0.000000 3.310304 -3.282405 -0.333804 3.952518 9.305411 -0.599169 -8.689310 -1.534953 -0.390457 0.000000 0.000000 0.000000 58.128111 19.206624 70.465598 -63.936720 -33.757758 51.855419 -34.201427 17.394205 -52.874408 0.000000 0.000000 0.000000 14.475340 0.216823 1.707175 -3.769107 -0.330304 10.013015 0.000000 0.000000 0.000000 -10.453411 2.148764 66.828667 0.000000 0.000000 0.000000 -63.526967 -5.509228 77.775905 13.223242 16.997013 104.398045 -37.131674 -15.131259 43.151693 0.000000 0.000000 0.000000 -31.851581 1.475320 -5.167097 11.982201 0.234281 2.232094 0.000000 0.000000 0.000000 5.670553 3.191864 -31.278390 0.000000 0.000000 0.000000
0.015497 1.018429 -0.041058 0.000000 0.000000 0.000000 -52.571258 36.443124 42.186723 17.073447 -41.457933 -8.776915 -25.048956 -10.537959 -6.731004 6.274294 14.859293 92.373224 2.970556 -22.949983 14.557888 0.000000 0.000000 0.000000 47.141329 10.640532 17.026602 -14.825578 2.545674 -0.568517 -27.976156 0.239347 -0.025207 -14.491697 43.130651 73.337833 0.691423 -6.103111 12.915032 0.000000 0.000000 0.000000 -9.751700 0.287347 -0.907250 -2.702720 -6.667478 -0.029023 0.000000 0.000000 0.000000 3.456129 -3.490004 -0.344245 4.026810 9.295538 -0.599069 -8.822307 -1.292410 -0.383383 0.000000 0.000000 0.000000 57.084704 18.448315 70.873911 -66.713671 -32.990686 48.439700 -33.638105 17.198400 -53.154713 0.000000 0.000000 0.000000 15.088702 0.280280 2.116044 -4.100515 -0.356306 9.928080 0.000000 0.000000 0.000000 -10.157557 2.140317 66.260241 0.000000 0.000000 0.000000 -62.193677 -4.706798 78.161726 16.272221 19.963942 101.827159 -34.835166 -14.679109 44.643628 0.000000 0.000000 0.000000 -31.934143 0.784281 -2.740577 12.260785 0.173912 1.619103 0.000000 0.000000 0.000000 6.724025 3.844875 -30.515341 0.000000 0.000000 0.000000
0.026785 1.013927 -0.040979 0.000000 0.000000 0.000000 -52.382017 36.636232 42.684779 15.898787 -41.384016 -9.219942 -25.523076 -9.967034 -6.423335 7.870209 13.368037 90.983437 2.706444 -22.831485 13.345290 0.000000 0.000000 0.000000 46.958993 10.324600 17.396772 -14.602197 2.113756 -0.476364 -28.325920 0.785225 -0.080275 -13.838332 42.434713 73.038864 0.731290 -6.470683 12.882525 0.000000 0.000000 0.000000 -9.873130 0.715258 -0.887867 -2.637782 -6.708591 -0.023701 0.000000 0.000000 0.000000 3.550307 -3.669961 -0.350723 4.211823 9.216523 -0.593451 -8.898359 -1.089910 -0.375474 0.000000 0.000000 0.000000 56.186297 17.753313 71.094106 -69.210319 -32.196400 45.396246 -33.572235 17.171542 -53.177212 0.000000 0.000000 0.000000 15.803569 0.376192 2.709958 -4.431237 -0.379764 9.791925 0.000000 0.000000 0.000000 -9.625674 2.072229 65.754336 0.000000 0.000000 0.000000 -60.991484 -3.971091 78.488708 19.189202 22.466251 99.195559 -33.537333 -14.368452 45.401393 0.000000 0.000000 0.000000 -31.579677 0.117147 -0.414266 12.467618 0.115704 1.059218 0.000000 0.000000 0.000000 7.799187 4.574096 -29.268861 0.000000 0.000000 0.000000
0.045904 1.015320 -0.031915 0.000000 0.000000 0.000000 -52.438502 36.762813 43.076647 15.164764 -41.265487 -9.478685 -25.905467 -9.553631 -6.201327 9.262175 12.101997 90.414105 2.470689 -22.465839 12.393746 0.000000 0.000000 0.000000 46.981163 10.110297 17.774448 -14.545387 1.743204 -0.393749 -28.714901 1.041460 -0.102900 -13.459487 41.988864 72.967453 0.746451 -6.669907 12.757045 0.000000 0.000000 0.000000 -9.950530 0.964658 -0.876721 -2.577053 -6.702322 -0.018914 0.000000 0.000000 0.000000 3.591226 -3.730548 -0.353446 4.445960 9.085236 -0.582852 -8.933869 -1.040829 -0.374276 0.000000 0.000000 0.000000 55.675478 17.403675 71.415811 -70.705155 -31.610666 43.505980 -34.137386 17.174679 -52.377854 0.000000 0.000000 0.000000 15.903308 0.440078 3.149830 -4.649425 -0.394767 9.701033 0.000000 0.000000 0.000000 -9.264352 2.023569 65.406932 0.000000 0.000000 0.000000 -60.340666 -3.607486 78.886680 21.094507 23.792848 97.058287 -33.112862 -14.165834 45.366124 0.000000 0.000000 0.000000 -31.073100 -0.238884 0.859245 12.577179 0.089400 0.811240 0.000000 0.000000 0.000000 8.593115 5.136815 -28.320385 0.000000 0.000000 0.000000
0.064418 1.005414 -0.015938 0.000000 0.000000 0.000000 -52.629022 36.844179 43.388277 14.726573 -41.134931 -9.617448 -26.282120 -9.170892 -5.995138 10.540187 10.960249 90.177338 2.260705 -21.980894 11.602382 0.000000 0.000000 0.000000 47.142508 9.962913 18.164473 -14.593361 1.383635 -0.311914 -29.175528 1.150559 -0.109012 -13.164391 41.654743 72.868667 0.763053 -6.895558 12.614230 0.000000 0.000000 0.000000 -9.981754 1.094642 -0.869992 -2.511886 -6.680992 -0.013869 0.000000 0.000000 0.000000 3.596037 -3.689558 -0.353766 4.760249 8.882668 -0.565073 -8.922401 -1.130381 -0.378851 0.000000 0.000000 0.000000 55.443500 17.287492 71.743888 -71.572068 -31.349346 42.539529 -35.679876 17.338648 -50.699898 0.000000 0.000000 0.000000 15.807985 0.504436 3.632222 -4.609002 -0.388805 9.638713 0.000000 0.000000 0.000000 -8.582349 1.886788 65.244876 0.000000 0.000000 0.000000 -60.038771 -3.491390 79.395274 22.119533 24.306205 95.543176 -33.775706 -14.148066 44.465637 0.000000 0.000000 0.000000 -30.458500 -0.372753 1.369135 12.571935 0.091849 0.833817 0.000000 0.000000 0.000000 9.050967 5.540772 -27.118639 0.000000 0.000000 0.000000
0.077341 1.002117 0.005351 0.000000 0.000000 0.000000 -52.952662 36.830080 43.471591 14.834311 -40.828084 -9.497778 -26.562332 -9.030906 -5.934937 11.330948 10.353399 90.589457 2.137572 -21.371140 11.293027 0.000000 0.000000 0.000000 47.479104 10.024158 18.365648 -14.923254 0.924621 -0.205637 -29.530129 0.796490 -0.072977 -13.420466 41.896366 73.090058 0.757746 -6.855052 12.600801 0.000000 0.000000 0.000000 -9.899054 1.112129 -0.861624 -2.440812 -6.680717 -0.008247 0.000000 0.000000 0.000000 3.485968 -3.556779 -0.346338 5.193104 8.644240 -0.543055 -8.753509 -1.341192 -0.382872 0.000000 0.000000 0.000000 55.692700 17.554607 71.971115 -71.728092 -31.572379 42.717613 -37.556096 17.422711 -48.518317 0.000000 0.000000 0.000000 15.351090 0.544197 4.036310 -4.462792 -0.371027 9.500287 0.000000 0.000000 0.000000 -8.004024 1.758669 65.252629 0.000000 0.000000 0.000000 -60.293983 -3.743873 79.862488 22.070894 24.076483 95.113752 -35.001685 -14.235363 43.208785 0.000000 0.000000 0.000000 -30.020834 -0.405028 1.510407 12.425764 0.096278 0.884387 0.000000 0.000000 0.000000 9.120632 5.717792 -25.898406 0.000000 0.000000 0.000000
0.082124 0.999273 0.025827 0.000000 0.000000 0.000000 -53.214541 36.734521 43.288317 15.245016 -40.335964 -9.216558 -26.776582 -8.998281 -5.937534 11.725110 10.140470 91.232323 2.049870 -20.780086 11.145715 0.000000 0.000000 0.000000 47.876513 10.207910 18.416898 -15.397402 0.308851 -0.067348 -29.771718 0.116168 -0.010397 -14.056671 42.623476 73.261666 0.741782 -6.625213 12.762916 0.000000 0.000000 0.000000 -9.701929 1.051635 -0.848963 -2.375236 -6.679205 -0.003069 0.000000 0.000000 0.000000 3.263784 -3.360919 -0.330771 5.733436 8.354821 -0.513921 -8.433072 -1.663346 -0.384706 0.000000 0.000000 0.000000 56.264724 18.052922 72.017308 -71.294741 -32.234918 43.890811 -39.839385 17.298382 -45.541401 0.000000 0.000000 0.000000 14.637334 0.565243 4.398912 -4.186472 -0.344465 9.403307 0.000000 0.000000 0.000000 -7.448049 1.627578 65.378597 0.000000 0.000000 0.000000 -60.821224 -4.190770 80.351627 21.445671 23.484281 95.330889 -36.432621 -14.256599 41.613787 0.000000 0.000000 0.000000 -29.841257 -0.393817 1.477854 12.380941 0.112619 1.038255 0.000000 0.000000 0.000000 8.794682 5.639086 -24.724908 0.000000 0.000000 0.000000
0.086669 0.999308 0.039958 0.000000 0.000000 0.000000 -53.586466 36.510207 42.757112 16.115203 -39.471819 -8.678537 -26.704052 -9.273084 -6.110894 11.295761 10.779951 92.670208 2.083090 -20.236857 11.633802 0.000000 0.000000 0.000000 48.496023 10.673988 18.185869 -16.262645 -0.487997 0.102559 -29.745263 -1.067097 0.095753 -15.410383 43.989229 74.015002 0.733606 -6.346945 13.173266 0.000000 0.000000 0.000000 -9.332001 0.899234 -0.827259 -2.288364 -6.664649 0.003692 0.000000 0.000000 0.000000 2.952271 -3.121697 -0.307867 6.298801 8.130199 -0.489540 -7.972084 -2.047776 -0.380358 0.000000 0.000000 0.000000 57.472744 19.036099 71.851905 -70.337635 -33.470489 46.219864 -41.962105 16.771882 -42.054804 0.000000 0.000000 0.000000 13.959982 0.578131 4.719498 -3.756551 -0.302876 9.215847 0.000000 0.000000 0.000000 -6.531422 1.421942 65.460402 0.000000 0.000000 0.000000 -62.233277 -5.173508 80.404745 19.318099 21.917109 97.370031 -38.300251 -14.004424 38.956640 0.000000 0.000000 0.000000 -29.979823 -0.209186 0.781233 12.381880 0.142486 1.313488 0.000000 0.000000 0.000000 8.074725 5.290615 -23.583517 0.000000 0.000000 0.000000
0.102018 1.004676 0.047093 0.000000 0.000000 0.000000 -53.990507 36.162481 41.853597 17.335678 -38.273648 -7.955908 -26.413394 -9.770764 -6.404306 10.131958 12.085175 94.716357 2.197619 -19.591179 12.678273 0.000000 0.000000 0.000000 49.278184 11.381497 17.665558 -17.461761 -1.495743 0.298056 -29.482427 -2.708502 0.249342 -17.549141 45.986021 75.325044 0.716444 -5.929456 13.767069 0.000000 0.000000 0.000000 -8.780234 0.692954 -0.791775 -2.185656 -6.649937 0.011677 0.000000 0.000000 0.000000 2.549052 -2.817016 -0.276341 6.908131 7.882300 -0.460036 -7.359892 -2.514775 -0.367936 0.000000 0.000000 0.000000 59.291660 20.440852 71.383341 -68.593097 -35.226536 49.920102 -44.165711 15.869569 -37.920030 0.000000 0.000000 0.000000 13.051012 0.570883 4.987713 -3.038961 -0.239373 9.005481 0.000000 0.000000 0.000000 -5.327434 1.155476 65.541423 0.000000 0.000000 0.000000 -64.433271 -6.610385 80.026345 15.954874 19.217323 100.764623 -40.686244 -13.465391 35.322761 0.000000 0.000000 0.000000 -30.358021 0.098575 -0.363341 12.395091 0.199204 1.834279 0.000000 0.000000 0.000000 6.944888 4.667070 -22.232257 0.000000 0.000000 0.000000
0.119947 1.003615 0.050832 0.000000 0.000000 0.000000 -54.582161 35.654280 40.503601 18.942424 -36.552081 -7.024892 -25.490641 -10.703458 -6.895212 7.350870 14.658899 97.885679 2.446514 -18.751239 14.737773 0.000000 0.000000 0.000000 50.292027 12.456884 16.652552 -19.049848 -2.829150 0.523181 -28.822740 -4.991727 0.488751 -21.391693 49.066803 78.089073 0.695268 -5.316012 14.892176 0.000000 0.000000 0.000000 -7.987215 0.336484 -0.740672 -2.012617 -6.662028 0.025445 0.000000 0.000000 0.000000 2.007672 -2.507532 -0.232022 7.571722 7.811601 -0.450200 -6.569835 -3.012738 -0.340760 0.000000 0.000000 0.000000 62.444226 22.609066 69.933982 -65.009011 -37.819815 56.527924 -46.527178 14.281462 -32.492581 0.000000 0.000000 0.000000 12.200303 0.594037 5.554102 -2.134995 -0.162603 8.709599 0.000000 0.000000 0.000000 -3.524128 0.760458 65.653247 0.000000 0.000000 0.000000 -67.928080 -8.720050 78.878377 11.026654 14.488337 105.577089 -43.284838 -12.408147 30.642637 0.000000 0.000000 0.000000 -30.690940 0.652638 -2.377908 12.343282 0.283664 2.622814 0.000000 0.000000 0.000000 5.162005 3.547414 -21.024127 0.000000 0.000000 0.000000
0.131499 0.972028 0.057798 0.000000 0.000000 0.000000 -55.143817 34.960798 38.532757 20.658313 -34.208842 -6.003583 -23.864224 -11.934682 -7.454444 2.360105 18.496618 102.167925 2.740254 -17.278713 17.891900 0.000000 0.000000 0.000000 51.433724 13.826464 15.110687 -20.936989 -4.662408 0.783274 -27.654335 -7.863541 0.851806 -27.718469 53.302682 82.696525 0.620272 -4.252560 16.589749 0.000000 0.000000 0.000000 -6.900629 -0.127780 -0.661648 -1.773416 -6.652703 0.044220 0.000000 0.000000 0.000000 1.285958 -2.182471 -0.170158 8.340715 7.896292 -0.460096 -5.527344 -3.550211 -0.291195 0.000000 0.000000 0.000000 67.107616 25.326016 67.038748 -58.271715 -40.605636 67.146205 -48.569290 11.760129 -25.715747 0.000000 0.000000 0.000000 11.224467 0.649580 6.603144 -0.987635 -0.069837 8.089241 0.000000 0.000000 0.000000 -1.339797 0.288481 65.698526 0.000000 0.000000 0.000000 -72.858317 -11.333905 76.533494 4.663110 6.792829 111.095866 -46.093266 -10.591118 24.581753 0.000000 0.000000 0.000000 -30.791474 1.483071 -5.382161 12.206633 0.401760 3.755971 0.000000 0.000000 0.000000 2.585360 1.811563 -19.966753 0.000000 0.000000 0.000000
0.136944 0.971081 0.064459 0.000000 0.000000 0.000000 -55.771810 34.124749 36.081895 22.407909 -31.355173 -4.973518 -21.571465 -13.386790 -7.999072 -4.926336 23.036217 107.446723 2.905028 -14.888051 21.965427 0.000000 0.000000 0.000000 52.759525 15.503240 12.967616 -23.082923 -6.921120 1.030472 -25.986118 -11.033067 1.360192 -37.114838 57.906325 90.065174 0.457532 -2.773948 18.728442 0.000000 0.000000 0.000000 -5.674564 -0.614885 -0.560780 -1.452102 -6.710429 0.070436 0.000000 0.000000 0.000000 0.544615 -1.902249 -0.103777 9.004994 8.067789 -0.483367 -4.461668 -4.060162 -0.229766 0.000000 0.000000 0.000000 73.879525 28.359914 61.935797 -46.685711 -42.063076 83.399144 -49.916667 8.127300 -17.357552 0.000000 0.000000 0.000000 11.512493 0.808451 8.007037 0.136164 0.008426 7.081832 0.000000 0.000000 0.000000 2.000037 -0.437542 65.322300 0.000000 0.000000 0.000000 -79.546085 -14.083177 72.207088 -3.084001 -4.943125 116.099676 -48.366129 -7.742788 17.139438 0.000000 0.000000 0.000000 -30.449694 2.747764 -10.072063 11.695619 0.550694 5.372955 0.000000 0.000000 0.000000 -1.207801 -0.850203 -19.715579 0.000000 0.000000 0.000000
0.136593 0.949441 0.071962 0.000000 0.000000 0.000000 -56.545117 33.155450 33.165053 24.123306 -27.912768 -3.969520 -18.512196 -15.132180 -8.510476 -15.939361 28.240708 114.683033 2.488783 -10.470131 26.674724 0.000000 0.000000 0.000000 54.361879 17.497105 10.137466 -25.489277 -9.728782 1.241516 -23.783831 -14.695305 2.104887 -52.280573 62.448253 102.734706 0.076387 -0.403083 21.461255 0.000000 0.000000 0.000000 -4.247180 -1.141249 -0.429505 -1.070910 -6.807736 0.102489 0.000000 0.000000 0.000000 -0.279089 -1.635980 -0.027286 9.646279 8.321999 -0.520727 -3.297693 -4.591810 -0.151689 0.000000 0.000000 0.000000 83.505726 31.103078 53.746148 -29.265313 -37.992618 105.645414 -49.494269 3.098369 -6.715705 0.000000 0.000000 0.000000 13.495739 1.116674 9.416784 1.133341 0.054033 5.458914 0.000000 0.000000 0.000000 6.455446 -1.476878 64.252252 0.000000 0.000000 0.000000 -88.609357 -16.383049 65.083900 -14.126502 -23.093699 117.528452 -49.805936 -3.327755 7.160743 0.000000 0.000000 0.000000 -27.819005 4.408888 -17.670218 10.370820 0.718689 7.906939 0.000000 0.000000 0.000000 -6.763415 -4.620590 -21.353329 0.000000 0.000000 0.000000
0.136622 0.951526 0.085693 0.000000 0.000000 0.000000 -57.294381 32.045036 29.696779 25.530313 -23.986059 -3.089477 -14.698963 -16.752413 -8.710339 -31.138406 33.275664 123.209911 1.080520 -3.861486 31.254949 0.000000 0.000000 0.000000 56.312147 19.748761 6.598728 -28.047564 -13.115674 1.378966 -20.967809 -18.147017 3.066970 -74.503641 65.539365 121.417979 -0.711226 3.324218 24.146762 0.000000 0.000000 0.000000 -2.700696 -1.738960 -0.272971 -0.639964 -7.024931 0.141882 0.000000 0.000000 0.000000 -1.083110 -1.446788 0.048214 10.213707 8.755395 -0.587785 -2.175317 -5.040933 -0.066341 0.000000 0.000000 0.000000 96.294387 31.851215 41.262164 -10.551566 -21.468766 128.058756 -43.811691 -2.720290 6.758364 0.000000 0.000000 0.000000 19.234343 1.248526 7.358457 0.981452 0.032503 3.793506 0.000000 0.000000 0.000000 11.941037 -3.124258 60.770296 0.000000 0.000000 0.000000 -100.064223 -16.663699 54.226392 -38.176750 -47.580541 103.738294 -47.895989 3.142927 -7.069203 0.000000 0.000000 0.000000 -19.231457 4.942252 -28.581902 7.009299 0.681348 11.090493 0.000000 0.000000 0.000000 -14.549873 -8.840481 -27.607539 0.000000 0.000000 0.000000
0.141662 0.936969 0.101941 0.000000 0.000000 0.000000 -58.007183 30.762246 25.569771 26.534897 -19.461012 -2.319378 -9.969674 -18.104178 -8.491603 -52.756660 37.720634 133.664966 -2.024067 6.470461 34.709764 0.000000 0.000000 0.000000 58.692875 22.238320 2.172856 -30.750264 -17.350189 1.414290 -17.294898 -21.342285 4.333152 -104.503641 65.408492 146.181392 -2.178855 9.195559 26.608260 0.000000 0.000000 0.000000 -0.971405 -2.406426 -0.079096 -0.173336 -7.342037 0.188536 0.000000 0.000000 0.000000 -1.937560 -1.370945 0.125385 10.808333 9.422839 -0.696369 -1.014460 -5.373274 0.029564 0.000000 0.000000 0.000000 110.965320 28.230420 24.915563 5.899160 8.531234 140.487068 -28.007429 -5.794967 22.944144 0.000000 0.000000 0.000000 25.144002 -1.107159 -4.961590 0.280916 0.009399 3.832753 0.000000 0.000000 0.000000 16.607683 -5.564145 53.169942 0.000000 0.000000 0.000000 -112.799188 -12.510753 39.310057 -68.176750 -50.417639 73.738294 -34.979241 9.487786 -29.509338 0.000000 0.000000 0.000000 1.976019 -0.663698 -37.128916 -0.431825 -0.049452 13.065816 0.000000 0.000000 0.000000 -21.858460 -9.730592 -42.423147 0.000000 0.000000 0.000000
0.149239 0.935406 0.121876 0.000000 0.000000 0.000000 -58.346308 29.398689 21.147052 26.680873 -14.786462 -1.735943 -4.732768 -18.954366 -7.858988 -78.139649 40.677725 143.725075 -5.925352 18.856322 34.621730 0.000000 0.000000 0.000000 61.000607 24.544417 -2.657587 -33.060803 -21.894918 1.343816 -13.119322 -24.083079 5.836535 -133.581337 61.464841 166.986277 -4.189572 17.001466 27.502591 0.000000 0.000000 0.000000 0.779655 -3.075131 0.137376 0.325991 -7.695220 0.241760 0.000000 0.000000 0.000000 -2.704376 -1.362963 0.192364 11.184973 10.128591 -0.814414 -0.049309 -5.609052 0.113599 0.000000 0.000000 0.000000 122.112282 19.191989 8.647000 35.899160 38.531234 110.487068 -1.001930 -0.262967 29.411645 0.000000 0.000000 0.000000 11.645415 -2.947422 -28.318354 3.006089 0.143221 5.454185 0.000000 0.000000 0.000000 15.114141 -7.124501 39.723556 0.000000 0.000000 0.000000 -121.992065 -3.367210 23.664893 -98.176750 -20.417639 43.738294 -4.979241 1.701748 -49.188571 0.000000 0.000000 0.000000 30.151463 -5.794355 -21.281321 -9.623233 -0.690508 8.189228 0.000000 0.000000 0.000000 -15.686887 -4.267542 -59.730793 0.000000 0.000000 0.000000
0.149538 0.917318 0.141061 0.000000 0.000000 0.000000 -58.393775 27.973745 16.616118 26.032830 -10.137671 -1.245001 0.798171 -19.206565 -6.895931 -105.932284 42.634767 152.547700 -8.231262 31.510102 28.616214 0.000000 0.000000 0.000000 63.431420 26.695879 -7.868854 -35.093861 -26.873226 1.172789 -8.530472 -26.153098 7.488419 -159.356127 55.009267 181.233306 -6.164054 26.718973 25.548539 0.000000 0.000000 0.000000 2.586048 -3.744512 0.381220 0.806788 -8.117262 0.298790 0.000000 0.000000 0.000000 -3.337921 -1.460692 0.241552 11.396280 10.947199 -0.951690 0.694315 -5.732529 0.179496 0.000000 0.000000 0.000000 127.520771 6.600280 -6.030323 65.899160 8.531234 80.487068 17.364714 1.847650 12.055736 0.000000 0.000000 0.000000 -18.354585 4.975838 -20.862190 9.629300 -0.067233 -0.798193 0.000000 0.000000 0.000000 3.067263 -1.786004 29.585148 0.000000 0.000000 0.000000 -125.230969 8.575536 8.427451 -106.215578 9.582361 13.738294 25.020759 -11.111294 -37.767450 0.000000 0.000000 0.000000 36.516094 3.202595 8.718679 -11.927278 0.180964 -1.732204 0.000000 0.000000 0.000000 3.629707 0.856839 -63.443586 0.000000 0.000000 0.000000
0.142714 0.921592 0.155643 0.000000 0.000000 0.000000 -58.227318 26.605422 12.433377 24.755394 -5.931036 -0.794415 6.139591 -19.017005 -5.837437 -133.525106 44.510023 159.666102 -5.604991 40.284960 15.203598 0.000000 0.000000 0.000000 65.603172 28.454279 -12.844276 -36.489120 -31.490758 0.990141 -4.074898 -27.690200 9.136592 -181.887149 48.346792 189.255607 -6.127962 36.249975 18.574337 0.000000 0.000000 0.000000 4.265818 -4.390198 0.628056 1.280979 -8.518396 0.357944 0.000000 0.000000 0.000000 -3.916153 -1.514748 0.287824 11.521885 11.740637 -1.085383 1.261710 -5.802063 0.230077 0.000000 0.000000 0.000000 127.145932 -5.441538 -18.438760 95.899160 -21.468766 50.487068 16.785183 0.513295 3.478092 0.000000 0.000000 0.000000 -34.742494 -2.674882 8.536323 6.384085 -0.558157 -9.983053 0.000000 0.000000 0.000000 -6.379932 3.661627 30.328782 0.000000 0.000000 0.000000 -122.835684 19.087342 -5.367256 -76.215578 39.582361 -16.261706 53.361704 -7.772298 -15.396802 0.000000 0.000000 0.000000 22.278871 5.587225 27.836649 -8.282509 0.536515 -7.399702 0.000000 0.000000 0.000000 13.168344 3.908501 -57.062812 0.000000 0.000000 0.000000
0.128707 0.917881 0.160124 0.000000 0.000000 0.000000 -57.729152 25.256935 8.611613 22.625622 -2.226494 -0.340233 11.332154 -18.408397 -4.742024 -161.046277 47.099826 166.333500 1.237384 42.117633 -3.212915 0.000000 0.000000 0.000000 67.562563 29.966553 -17.826342 -37.042607 -36.064047 0.962924 0.498456 -28.672985 10.772174 -205.603656 42.447837 194.188715 -1.546864 43.230475 3.902628 0.000000 0.000000 0.000000 5.920527 -4.960171 0.885514 1.758147 -8.937044 0.421500 0.000000 0.000000 0.000000 -4.410179 -1.542016 0.328266 11.521756 12.596577 -1.226359 1.626246 -5.722961 0.258593 0.000000 0.000000 0.000000 122.537578 -15.656215 -30.456267 65.899160 -51.468766 20.487068 18.220468 0.725215 4.520210 0.000000 0.000000 0.000000 -24.207934 -5.244663 24.110782 0.239367 -0.026662 -12.711516 0.000000 0.000000 0.000000 -11.004017 5.949747 33.305343 0.000000 0.000000 0.000000 -116.414173 26.664991 -18.497563 -46.215578 23.688387 -46.261706 61.843183 1.305858 2.179896 0.000000 0.000000 0.000000 9.035903 2.683913 33.026597 -4.520770 0.356722 -9.018775 0.000000 0.000000 0.000000 15.157634 5.413593 -50.876508 0.000000 0.000000 0.000000
0.111189 0.915861 0.159049 0.000000 0.000000 0.000000 -57.415567 24.085423 5.378313 20.687096 0.860038 0.146339 15.735052 -17.712387 -3.836888 -187.495142 49.976949 173.800317 5.846075 36.193022 -17.761692 0.000000 0.000000 0.000000 69.445393 31.110929 -22.070194 -37.438532 -39.842969 0.928447 4.558537 -29.264213 12.210974 -228.211973 37.978126 196.998575 5.512286 42.530582 -14.102927 0.000000 0.000000 0.000000 7.390937 -5.521825 1.132565 2.142652 -9.335836 0.478138 0.000000 0.000000 0.000000 -4.772875 -1.566186 0.357522 11.512995 13.339695 -1.348642 1.832409 -5.708648 0.275625 0.000000 0.000000 0.000000 116.565538 -22.276907 -40.660800 35.899160 -39.777701 -9.512932 23.663281 1.246862 5.946858 0.000000 0.000000 0.000000 -16.616424 -4.205559 28.226985 -3.581403 0.388848 -12.389170 0.000000 0.000000 0.000000 -12.715717 6.676982 34.732970 0.000000 0.000000 0.000000 -109.483670 30.878750 -29.328001 -16.215578 9.533989 -76.261706 63.154898 8.732496 14.162016 0.000000 0.000000 0.000000 0.834011 0.237229 31.755659 -1.946334 0.151102 -8.877583 0.000000 0.000000 0.000000 15.072372 5.836276 -47.855208 0.000000 0.000000 0.000000
0.095957 0.898082 0.164038 0.000000 0.000000 0.000000 -57.037512 23.048832 2.686592 18.584326 3.285551 0.621440 19.679864 -16.878661 -3.046154 -213.680591 52.204954 182.990613 6.111837 26.811945 -25.250516 0.000000 0.000000 0.000000 71.134296 31.989015 -25.763407 -37.394144 -43.135638 1.030176 8.370198 -29.417058 13.447369 -251.721596 35.034677 199.585412 9.027183 34.903531 -28.191507 0.000000 0.000000 0.000000 8.734272 -6.029497 1.370598 2.462046 -9.715013 0.529611 0.000000 0.000000 0.000000 -5.019363 -1.608853 0.375364 11.538653 14.089100 -1.474048 1.860536 -5.604849 0.274156 0.000000 0.000000 0.000000 110.193853 -26.397490 -49.601612 19.355290 -27.003625 -39.512932 28.949512 1.531570 5.927983 0.000000 0.000000 0.000000 -12.277737 -3.177268 28.918398 -5.515986 0.551265 -11.405660 0.000000 0.000000 0.000000 -12.545873 6.487579 35.449476 0.000000 0.000000 0.000000 -103.065192 32.851316 -37.920241 -1.167717 1.375092 -99.325449 61.548680 14.118556 23.494106 0.000000 0.000000 0.000000 -3.893537 -0.996115 28.691361 -0.316628 0.022748 -8.218537 0.000000 0.000000 0.000000 14.989223 6.044516 -46.266134 0.000000 0.000000 0.000000
0.090790 0.891085 0.175413 0.000000 0.000000 0.000000 -56.770239 22.262643 0.703622 16.930299 4.961652 1.013209 22.396557 -16.301233 -2.540812 -233.759096 53.474661 191.496414 4.789870 19.567311 -27.267257 0.000000 0.000000 0.000000 72.217840 32.507268 -28.188399 -36.832590 -45.311190 1.322338 10.931976 -29.445911 14.266407 -269.812154 33.400618 201.843475 8.006184 26.028070 -33.690818 0.000000 0.000000 0.000000 9.846245 -6.453692 1.577248 2.685756 -9.975266 0.566666 0.000000 0.000000 0.000000 -5.159464 -1.573272 0.389971 11.310722 14.574742 -1.541058 1.730665 -5.532988 0.260634 0.000000 0.000000 0.000000 105.488377 -28.259072 -55.504786 14.859220 -20.329055 -69.512932 32.430356 1.639235 5.632552 0.000000 0.000000 0.000000 -10.798790 -2.755063 28.548727 -6.057429 0.568340 -10.710353 0.000000 0.000000 0.000000 -12.110565 6.191622 35.970545 0.000000 0.000000 0.000000 -98.809517 33.702825 -43.605844 2.347782 -2.552914 -94.795213 59.917246 17.112376 29.258815 0.000000 0.000000 0.000000 -6.408683 -1.503439 26.379911 0.543641 -0.036084 -7.594701 0.000000 0.000000 0.000000 14.777320 6.097323 -45.342959 0.000000 0.000000 0.000000
0.088225 0.914922 0.190777 0.000000 0.000000 0.000000 -56.498703 21.788373 -0.385177 15.586801 5.690986 1.232086 24.179606 -15.969711 -2.233070 -247.748815 53.361285 197.654014 3.641294 14.705469 -27.677102 0.000000 0.000000 0.000000 73.102121 32.778870 -29.571638 -36.282647 -46.570174 1.600242 12.517308 -29.331285 14.713239 -283.428271 32.248373 203.756254 6.138899 19.017943 -35.503094 0.000000 0.000000 0.000000 10.788662 -6.810001 1.758684 2.822784 -10.205835 0.593613 0.000000 0.000000 0.000000 -5.058804 -1.497859 0.387049 10.921849 14.920952 -1.573435 1.392793 -5.491871 0.231055 0.000000 0.000000 0.000000 102.887669 -29.061390 -58.726435 13.774307 -18.348612 -99.512932 34.224238 1.852236 6.011263 0.000000 0.000000 0.000000 -11.196571 -2.766813 27.681038 -5.836521 0.533161 -10.429964 0.000000 0.000000 0.000000 -11.540008 5.916854 35.825468 0.000000 0.000000 0.000000 -96.583498 34.101213 -46.745029 4.012909 -4.177089 -92.298799 59.139606 18.820904 32.566917 0.000000 0.000000 0.000000 -7.078650 -1.560009 24.827465 0.904909 -0.056793 -7.182256 0.000000 0.000000 0.000000 14.920074 6.185489 -45.154931 0.000000 0.000000 0.000000
0.092136 0.914499 0.208645 0.000000 0.000000 0.000000 -56.415479 21.618153 -0.779815 14.724922 5.673905 1.273159 25.152527 -16.012246 -2.099822 -256.046457 52.694915 201.057062 2.928429 11.899427 -27.561411 0.000000 0.000000 0.000000 73.783473 32.893838 -30.220756 -35.792993 -47.016039 1.830612 13.460398 -29.357852 15.030272 -291.679608 31.326852 204.676139 4.739538 14.752140 -35.456438 0.000000 0.000000 0.000000 11.512787 -7.054806 1.898944 2.848429 -10.320678 0.602503 0.000000 0.000000 0.000000 -4.880101 -1.379087 0.380424 10.447106 15.089484 -1.569961 0.958692 -5.494300 0.195036 0.000000 0.000000 0.000000 102.260613 -29.260494 -59.539015 14.792607 -19.371610 -105.489353 34.944643 2.210147 7.013616 0.000000 0.000000 0.000000 -12.233216 -2.927458 26.823048 -5.359407 0.486991 -10.376555 0.000000 0.000000 0.000000 -10.943688 5.625384 35.695386 0.000000 0.000000 0.000000 -95.985807 34.422134 -48.011523 4.581817 -4.696760 -91.421044 59.231291 19.561465 33.740626 0.000000 0.000000 0.000000 -6.945555 -1.479316 24.019929 0.991269 -0.060938 -7.035426 0.000000 0.000000 0.000000 14.977150 6.188710 -45.289731 0.000000 0.000000 0.000000
0.101075 0.932852 0.219786 0.000000 0.000000 0.000000 -56.384287 21.705796 -0.524007 14.224496 4.918275 1.125983 25.339956 -16.406561 -2.124761 -259.512581 51.742922 201.799517 2.654396 10.748420 -27.670531 0.000000 0.000000 0.000000 74.171479 32.869749 -30.138403 -35.223756 -46.774345 2.066555 13.743091 -29.394809 15.141288 -295.739587 30.585987 204.617112 4.052747 12.751441 -35.140333 0.000000 0.000000 0.000000 12.040183 -7.169682 1.995678 2.761433 -10.329647 0.593291 0.000000 0.000000 0.000000 -4.607935 -1.209001 0.368860 9.826419 15.079767 -1.528598 0.371491 -5.530531 0.147095 0.000000 0.000000 0.000000 103.301073 -28.995170 -58.286919 17.683155 -22.910142 -104.977441 34.412153 2.757510 8.888581 0.000000 0.000000 0.000000 -14.025755 -3.194413 25.543244 -4.489247 0.407942 -10.379290 0.000000 0.000000 0.000000 -10.474587 5.406689 35.492560 0.000000 0.000000 0.000000 -96.778063 34.739827 -47.688329 4.265818 -4.419968 -92.035436 60.254155 19.513535 33.010346 0.000000 0.000000 0.000000 -6.030576 -1.268018 23.728264 0.854745 -0.052731 -7.060266 0.000000 0.000000 0.000000 15.053495 6.133018 -45.859242 0.000000 0.000000 0.000000
0.111281 0.937796 0.226141 0.000000 0.000000 0.000000 -56.422879 21.993560 0.218116 14.230279 3.609299 0.825894 24.709966 -16.907597 -2.285785 -258.289986 50.730658 200.104499 2.773583 11.047825 -28.107313 0.000000 0.000000 0.000000 74.257367 32.744354 -29.490678 -34.406442 -45.898917 2.370035 13.423403 -29.425495 15.054090 -294.914645 30.339297 203.908570 4.153543 13.238319 -34.707144 0.000000 0.000000 0.000000 12.272158 -7.112853 2.025746 2.629457 -10.237820 0.573929 0.000000 0.000000 0.000000 -4.238726 -1.106601 0.343180 9.263092 15.031840 -1.485517 -0.245456 -5.537956 0.095761 0.000000 0.000000 0.000000 105.526876 -28.248557 -55.460310 22.133423 -28.190961 -104.167659 32.854655 3.246671 10.981058 0.000000 0.000000 0.000000 -15.928006 -3.448039 24.283696 -3.427162 0.317596 -10.585857 0.000000 0.000000 0.000000 -9.841033 5.111741 35.186729 0.000000 0.000000 0.000000 -98.774946 34.890783 -45.754890 2.954844 -3.180793 -94.220016 62.405577 18.670345 30.369144 0.000000 0.000000 0.000000 -4.342010 -0.923923 24.014582 0.464534 -0.029417 -7.246921 0.000000 0.000000 0.000000 15.098530 6.027807 -46.665646 0.000000 0.000000 0.000000
0.120386 0.955956 0.226898 0.000000 0.000000 0.000000 -56.491637 22.472668 1.463647 14.640392 1.739250 0.391341 23.345734 -17.593102 -2.595044 -252.354924 49.331464 195.984536 3.336394 12.866001 -28.966002 0.000000 0.000000 0.000000 74.057335 32.485945 -28.133452 -33.546340 -44.376195 2.634435 12.366270 -29.385544 14.692971 -288.677976 30.457084 202.369199 5.035195 16.275976 -34.183064 0.000000 0.000000 0.000000 12.217339 -6.950578 1.997726 2.394208 -10.041157 0.538338 0.000000 0.000000 0.000000 -3.752041 -1.026870 0.304829 8.688132 14.862422 -1.425220 -0.950904 -5.561173 0.037165 0.000000 0.000000 0.000000 109.116223 -26.739650 -50.789618 29.618589 -35.897032 -101.558184 30.253405 3.717889 13.692904 0.000000 0.000000 0.000000 -18.355686 -3.695168 22.581701 -2.066700 0.196086 -10.838698 0.000000 0.000000 0.000000 -9.020976 4.738021 34.651725 0.000000 0.000000 0.000000 -102.288788 34.707999 -41.821218 0.283181 -0.325670 -97.983874 65.571385 16.588035 25.505422 0.000000 0.000000 0.000000 -1.751911 -0.383899 24.718116 -0.300084 0.019623 -7.482639 0.000000 0.000000 0.000000 14.997817 5.819619 -47.772370 0.000000 0.000000 0.000000
0.127435 0.959547 0.224283 0.000000 0.000000 0.000000 -56.583254 23.090767 3.093024 15.353213 -0.518370 -0.113245 21.247272 -18.289113 -3.045179 -243.150344 47.533438 190.758749 4.333467 16.230912 -29.719477 0.000000 0.000000 0.000000 73.578338 32.120501 -26.266214 -32.718092 -42.213093 2.814022 10.798846 -29.415258 14.208852 -278.037375 30.718077 200.272204 6.307808 21.331049 -32.617075 0.000000 0.000000 0.000000 11.964544 -6.731480 1.932413 2.153535 -9.795904 0.500720 0.000000 0.000000 0.000000 -3.209603 -1.042089 0.255183 8.125919 14.735562 -1.373282 -1.727761 -5.467831 -0.028388 0.000000 0.000000 0.000000 113.433635 -24.213416 -44.775978 42.574782 -45.280289 -93.897974 25.917965 3.760281 16.237248 0.000000 0.000000 0.000000 -21.656905 -3.867361 20.020324 -0.134029 0.012852 -10.954706 0.000000 0.000000 0.000000 -7.954137 4.212378 34.244936 0.000000 0.000000 0.000000 -107.034163 33.884941 -36.090149 -3.863030 4.799331 -102.349664 69.406584 12.766965 18.353665 0.000000 0.000000 0.000000 2.179617 0.485498 25.111857 -1.510032 0.101005 -7.653144 0.000000 0.000000 0.000000 14.720723 5.465019 -49.443236 0.000000 0.000000 0.000000
0.133599 0.986001 0.216593 0.000000 0.000000 0.000000 -56.631056 23.803623 5.040486 16.333947 -3.132554 -0.656465 18.426119 -18.951498 -3.642768 -230.026924 44.970281 184.679810 5.829785 21.653338 -29.818285 0.000000 0.000000 0.000000 72.781893 31.598611 -23.748587 -32.024572 -39.421326 2.861307 8.591454 -29.365508 13.491735 -262.433619 31.215282 197.931757 7.274214 27.979449 -28.626143 0.000000 0.000000 0.000000 11.463595 -6.488215 1.827383 1.894387 -9.470954 0.458678 0.000000 0.000000 0.000000 -2.550839 -1.114069 0.192273 7.555522 14.576314 -1.318013 -2.593703 -5.303494 -0.099868 0.000000 0.000000 0.000000 118.275764 -20.157751 -37.313462 68.773249 -53.630586 -72.898572 19.865262 3.243180 18.366344 0.000000 0.000000 0.000000 -25.980740 -3.616469 15.585065 2.630047 -0.240976 -10.468297 0.000000 0.000000 0.000000 -6.382165 3.390105 34.082204 0.000000 0.000000 0.000000 -112.993077 31.824405 -28.220828 -10.223257 13.653285 -106.464853 72.688819 5.977643 8.118138 0.000000 0.000000 0.000000 7.827641 1.701643 24.494037 -3.365494 0.221060 -7.513907 0.000000 0.000000 0.000000 13.888654 4.827513 -51.819760 0.000000 0.000000 0.000000
0.140280 0.990767 0.203914 0.000000 0.000000 0.000000 -56.618886 24.585020 7.245488 17.277653 -6.069956 -1.220733 15.236187 -19.403174 -4.298802 -214.383679 41.876166 179.120716 7.510759 28.944575 -28.536823 0.000000 0.000000 0.000000 71.643618 30.943410 -20.856431 -31.218573 -36.201348 2.875345 5.953996 -29.147033 12.581186 -245.156261 32.376765 196.231833 6.697844 33.888614 -21.744340 0.000000 0.000000 0.000000 10.876270 -6.180673 1.704626 1.617677 -9.142456 0.416205 0.000000 0.000000 0.000000 -1.959184 -1.313380 0.130029 6.952748 14.481149 -1.270540 -3.492641 -5.024915 -0.170435 0.000000 0.000000 0.000000 122.271589 -14.546546 -29.332657 98.773249 -50.418509 -42.898572 13.405948 2.187854 18.456955 0.000000 0.000000 0.000000 -30.671037 -2.253942 8.206008 5.912291 -0.452232 -8.740403 0.000000 0.000000 0.000000 -4.730233 2.529643 33.745210 0.000000 0.000000 0.000000 -118.995826 28.051664 -19.036495 -19.458891 26.451498 -107.774195 72.511562 -3.504080 -4.776672 0.000000 0.000000 0.000000 15.008086 2.905567 21.795968 -5.729941 0.336758 -6.721414 0.000000 0.000000 0.000000 12.200763 3.907828 -54.593178 0.000000 0.000000 0.000000
0.145614 1.004305 0.187650 0.000000 0.000000 0.000000 -56.581472 25.448868 9.729303 18.270390 -9.323157 -1.793229 11.587768 -19.738084 -5.043493 -195.096172 38.182945 174.300438 8.253713 38.218205 -23.528049 0.000000 0.000000 0.000000 70.150192 30.072128 -17.405129 -30.267893 -32.427511 2.836207 2.615800 -28.650923 11.376403 -225.776931 34.778431 194.821481 3.898464 37.701625 -11.385256 0.000000 0.000000 0.000000 10.109803 -5.859386 1.557356 1.315965 -8.780883 0.371588 0.000000 0.000000 0.000000 -1.384217 -1.632623 0.066109 6.303716 14.403364 -1.223564 -4.456529 -4.645636 -0.239833 0.000000 0.000000 0.000000 125.027173 -7.033458 -20.470480 128.773249 -26.467177 -12.898572 8.103347 1.179392 16.535143 0.000000 0.000000 0.000000 -33.121801 1.400434 -4.706985 9.136672 -0.365445 -4.571257 0.000000 0.000000 0.000000 -2.492997 1.353351 33.013716 0.000000 0.000000 0.000000 -124.411660 21.876176 -8.411264 -37.844734 43.823490 -99.120175 63.794978 -14.965532 -23.833413 0.000000 0.000000 0.000000 23.655499 3.087681 14.667161 -8.492167 0.324970 -4.374935 0.000000 0.000000 0.000000 8.601289 2.487763 -57.789605 0.000000 0.000000 0.000000
0.149636 1.007960 0.169871 0.000000 0.000000 0.000000 -56.252903 26.263604 12.220137 18.923620 -12.687730 -2.369633 7.790115 -19.606042 -5.711979 -173.537445 35.344558 170.829868 4.950526 47.032576 -11.346441 0.000000 0.000000 0.000000 68.319886 29.045370 -13.874651 -29.060674 -28.593252 2.795649 -0.622693 -27.700210 10.083509 -208.693246 38.749230 193.624514 0.368674 37.750899 -1.078288 0.000000 0.000000 0.000000 9.344523 -5.458313 1.407146 1.014941 -8.404074 0.328400 0.000000 0.000000 0.000000 -0.846098 -2.045477 0.004795 5.648090 14.329251 -1.177595 -5.397038 -4.171810 -0.298733 0.000000 0.000000 0.000000 125.320181 1.142181 -11.735386 143.224329 3.532823 3.682062 5.601161 0.764893 15.540376 0.000000 0.000000 0.000000 -25.825780 5.039402 -21.730357 9.280697 0.132902 1.637276 0.000000 0.000000 0.000000 0.991595 -0.546656 32.265815 0.000000 0.000000 0.000000 -127.219217 13.864088 2.235314 -67.844734 54.789122 -69.120175 40.093010 -19.231759 -49.811954 0.000000 0.000000 0.000000 30.182146 0.461929 1.712928 -10.498499 -0.017202 0.187230 0.000000 0.000000 0.000000 2.239126 0.599449 -60.028362 0.000000 0.000000 0.000000
0.155156 1.009858 0.154048 0.000000 0.000000 0.000000 -55.635371 27.065785 14.761338 19.301084 -16.156255 -2.969538 3.789494 -19.123073 -6.304646 -149.078721 33.968519 167.727003 -5.231053 50.773314 10.996976 0.000000 0.000000 0.000000 66.156247 27.774760 -10.101317 -27.725195 -24.571335 2.682898 -3.960209 -26.162404 8.645318 -192.667234 44.172553 191.615556 -2.384056 35.084100 7.532176 0.000000 0.000000 0.000000 8.542588 -4.983875 1.250847 0.726484 -8.000609 0.287442 0.000000 0.000000 0.000000 -0.336046 -2.574504 -0.054450 4.911271 14.224532 -1.124785 -6.324869 -3.600483 -0.345719 0.000000 0.000000 0.000000 122.733634 9.604885 -2.361542 124.450246 33.532823 29.920936 2.667242 0.454014 19.317100 0.000000 0.000000 0.000000 -5.835038 1.829987 -34.799462 4.692246 0.271407 6.617091 0.000000 0.000000 0.000000 6.639283 -3.619466 32.843071 0.000000 0.000000 0.000000 -126.817829 4.523169 13.389492 -97.844734 32.852356 -39.120175 10.093010 -3.513065 -68.585157 0.000000 0.000000 0.000000 26.827031 -4.258683 -17.722943 -9.094286 -0.574426 7.213304 0.000000 0.000000 0.000000 -7.061345 -1.961409 -58.987450 0.000000 0.000000 0.000000
0.161940 1.019491 0.138407 0.000000 0.000000 0.000000 -54.796300 27.883435 17.355616 19.219867 -19.773032 -3.660654 -0.068897 -18.122725 -6.656627 -124.061123 34.370182 163.733716 -14.077735 44.858681 33.307381 0.000000 0.000000 0.000000 63.810917 26.294661 -6.321638 -26.180549 -20.565439 2.518928 -7.037206 -24.166654 7.248202 -178.666216 50.460283 188.351907 -3.619102 31.041344 12.980331 0.000000 0.000000 0.000000 7.781056 -4.438250 1.100940 0.455791 -7.598854 0.250134 0.000000 0.000000 0.000000 0.163571 -3.127353 -0.108974 4.187180 14.104792 -1.072643 -7.296514 -3.028174 -0.386160 0.000000 0.000000 0.000000 117.344422 17.253507 7.805381 94.450246 56.740788 59.920936 -6.725624 -1.494432 25.028675 0.000000 0.000000 0.000000 16.222315 -4.314859 -29.612557 -0.793651 -0.042250 6.094448 0.000000 0.000000 0.000000 13.424406 -6.658749 37.393312 0.000000 0.000000 0.000000 -122.459502 -4.788335 25.370708 -127.844734 2.852356 -9.120175 -19.906990 16.757942 -50.714615 0.000000 0.000000 0.000000 7.204823 -2.288659 -35.206385 -1.965661 -0.223250 12.957977 0.000000 0.000000 0.000000 -15.110532 -5.245344 -51.894416 0.000000 0.000000 0.000000
0.169444 1.021422 0.123298 0.000000 0.000000 0.000000 -53.731058 28.806378 20.210523 18.667880 -23.585559 -4.503554 -4.065515 -16.760577 -6.823569 -97.192750 35.785717 156.898898 -13.610336 30.952795 46.631583 0.000000 0.000000 0.000000 61.206050 24.425777 -2.167286 -24.437551 -16.297061 2.241825 -10.224151 -21.529188 5.787006 -162.985973 57.628099 182.045848 -3.854357 26.077974 16.533958 0.000000 0.000000 0.000000 6.978168 -3.870298 0.951311 0.177263 -7.185367 0.213737 0.000000 0.000000 0.000000 0.701602 -3.829185 -0.165002 3.420852 13.976740 -1.019105 -8.388568 -2.381074 -0.419883 0.000000 0.000000 0.000000 108.549155 23.603667 19.833583 64.450246 26.740788 89.920936 -22.093800 -4.896770 24.707222 0.000000 0.000000 0.000000 28.219024 -3.336853 -13.220031 -2.334654 -0.053458 2.623073 0.000000 0.000000 0.000000 18.210250 -7.477187 45.636616 0.000000 0.000000 0.000000 -113.474603 -12.781563 39.367130 -102.426512 -27.147644 20.879825 -49.906990 6.531924 -20.714615 0.000000 0.000000 0.000000 -18.815586 5.654806 -33.195967 7.602468 0.809392 12.136637 0.000000 0.000000 0.000000 -15.965263 -7.429603 -40.312242 0.000000 0.000000 0.000000
0.177537 1.025164 0.112113 0.000000 0.000000 0.000000 -52.582273 29.697630 22.871990 17.740481 -27.211590 -5.452208 -7.572376 -15.037405 -6.658758 -73.783330 36.772744 147.776785 -7.869469 16.401404 51.027882 0.000000 0.000000 0.000000 58.745209 22.436399 1.682660 -22.617621 -12.355700 1.895920 -12.898702 -18.615216 4.524066 -146.803230 64.258402 172.258925 -3.489146 21.460900 18.261655 0.000000 0.000000 0.000000 6.153615 -3.311815 0.807598 -0.120668 -6.803410 0.178649 0.000000 0.000000 0.000000 1.180055 -4.355423 -0.207259 2.765253 13.722591 -0.962335 -9.308472 -1.872177 -0.440935 0.000000 0.000000 0.000000 98.191615 26.976834 31.609528 34.450246 -3.259212 119.920936 -36.411043 -5.472400 16.535912 0.000000 0.000000 0.000000 27.753485 -0.316166 -1.279747 -0.562578 -0.007020 1.429841 0.000000 0.000000 0.000000 18.569041 -6.123231 53.766406 0.000000 0.000000 0.000000 -102.245807 -16.527401 52.238042 -72.426512 -47.289907 50.879825 -58.797956 -7.786289 9.285385 0.000000 0.000000 0.000000 -34.960967 6.590615 -20.721854 13.137196 0.953320 8.264876 0.000000 0.000000 0.000000 -11.725682 -6.558308 -31.679819 0.000000 0.000000 0.000000
0.183950 1.021593 0.106484 0.000000 0.000000 0.000000 -51.320536 30.592583 25.430821 16.441264 -30.654769 -6.542460 -10.763630 -12.965706 -6.171937 -52.541021 36.445483 136.426776 -1.228561 2.578064 50.953899 0.000000 0.000000 0.000000 56.332841 20.237230 5.437790 -20.825805 -8.677548 1.468413 -15.138061 -15.189410 3.367000 -125.222904 69.878986 155.563979 -2.828763 16.963512 18.802293 0.000000 0.000000 0.000000 5.276371 -2.783269 0.667419 -0.408322 -6.418103 0.146265 0.000000 0.000000 0.000000 1.627010 -4.805265 -0.242059 2.170703 13.333375 -0.900728 -10.112644 -1.439397 -0.453482 0.000000 0.000000 0.000000 87.347763 27.617130 42.497526 4.450246 -24.710860 117.194497 -45.522982 -2.466389 5.874121 0.000000 0.000000 0.000000 23.331135 0.998846 4.835135 0.905587 0.018900 2.391218 0.000000 0.000000 0.000000 15.252546 -4.130388 59.853975 0.000000 0.000000 0.000000 -90.807057 -16.678121 63.162380 -42.426512 -23.453105 80.879825 -49.932292 -12.964813 27.429345 0.000000 0.000000 0.000000 -40.821757 3.970646 -10.644099 14.814653 0.677283 5.206050 0.000000 0.000000 0.000000 -6.904956 -4.292093 -26.308353 0.000000 0.000000 0.000000
0.191561 1.024923 0.105516 0.000000 0.000000 0.000000 -49.649259 31.344236 27.483832 14.618722 -33.496547 -7.753611 -13.429031 -10.731094 -5.412397 -36.066840 34.712734 125.125058 3.794072 -8.413356 48.485234 0.000000 0.000000 0.000000 53.947734 18.001056 8.681606 -18.836931 -5.578649 1.042949 -16.834723 -11.660472 2.397805 -97.867024 73.185775 131.118002 -2.167462 13.050010 18.782278 0.000000 0.000000 0.000000 4.401134 -2.231245 0.534344 -0.704286 -6.061729 0.115834 0.000000 0.000000 0.000000 1.936253 -5.203737 -0.265344 1.774347 12.944549 -0.852080 -10.655646 -1.000618 -0.447984 0.000000 0.000000 0.000000 77.489715 26.093433 51.249310 -25.549754 -34.172387 101.551573 -50.185051 1.574676 -3.361963 0.000000 0.000000 0.000000 19.198806 1.245960 7.357186 1.381774 0.046812 3.880522 0.000000 0.000000 0.000000 10.938485 -2.598057 63.351820 0.000000 0.000000 0.000000 -81.030810 -14.248376 70.323676 -12.426512 -5.254790 110.879825 -44.274657 -14.355481 34.400975 0.000000 0.000000 0.000000 -41.259400 1.628404 -4.323727 14.828017 0.461837 3.548042 0.000000 0.000000 0.000000 -2.889386 -1.907633 -23.139045 0.000000 0.000000 0.000000
0.194390 1.018450 0.102969 0.000000 0.000000 0.000000 -47.636328 31.990164 29.116076 12.307832 -35.774345 -9.096464 -15.611589 -8.389877 -4.430278 -22.916361 31.789085 114.026765 7.139544 -17.491229 44.147907 0.000000 0.000000 0.000000 51.595708 15.701336 11.560128 -16.757462 -2.926276 0.601935 -18.163285 -8.003795 1.546372 -67.867024 72.814162 101.451097 -1.476486 9.031398 18.532787 0.000000 0.000000 0.000000 3.506083 -1.719647 0.409288 -1.008786 -5.721225 0.086947 0.000000 0.000000 0.000000 2.119495 -5.563863 -0.279720 1.547954 12.486931 -0.807982 -10.947995 -0.542513 -0.426766 0.000000 0.000000 0.000000 68.921365 23.193736 57.755817 -40.871801 -37.998979 85.480169 -51.797294 5.551769 -11.405249 0.000000 0.000000 0.000000 16.011405 1.153331 8.186774 1.120386 0.051099 5.222580 0.000000 0.000000 0.000000 6.527749 -1.427486 65.354158 0.000000 0.000000 0.000000 -72.991049 -10.762175 74.484642 5.129245 7.241787 109.417203 -41.638397 -15.037366 38.283835 0.000000 0.000000 0.000000 -38.663157 0.061338 -0.174844 13.960423 0.332133 2.712249 0.000000 0.000000 0.000000 0.456731 0.312379 -21.260067 0.000000 0.000000 0.000000
0.200485 1.016247 0.096416 0.000000 0.000000 0.000000 -45.580017 32.545846 30.392603 10.026451 -37.532197 -10.394230 -17.454205 -6.147107 -3.371484 -13.031193 28.080595 104.358972 8.509106 -24.133081 38.376051 0.000000 0.000000 0.000000 49.442101 13.478932 14.011996 -14.835046 -0.712190 0.158966 -19.063569 -4.497581 0.831411 -42.839985 69.065723 79.252139 -0.845704 5.330982 18.016029 0.000000 0.000000 0.000000 2.641085 -1.240574 0.296564 -1.283442 -5.441403 0.062897 0.000000 0.000000 0.000000 2.244355 -5.865327 -0.289517 1.406282 12.117010 -0.775238 -11.157476 -0.095664 -0.401059 0.000000 0.000000 0.000000 62.005946 19.840459 62.195492 -50.728164 -38.037120 72.041159 -51.930991 9.063725 -18.488621 0.000000 0.000000 0.000000 14.030794 0.956597 7.761879 0.605230 0.034223 6.472734 0.000000 0.000000 0.000000 2.550228 -0.536090 66.260764 0.000000 0.000000 0.000000 -66.622612 -7.268038 76.606049 12.210052 15.255447 102.773789 -40.201948 -15.937028 41.863158 0.000000 0.000000 0.000000 -35.378176 -0.827143 2.593088 13.034845 0.237195 2.075998 0.000000 0.000000 0.000000 3.253722 2.261147 -20.413373 0.000000 0.000000 0.000000
0.210214 1.004534 0.087810 0.000000 0.000000 0.000000 -43.387214 33.002049 31.320348 7.683041 -38.770892 -11.642521 -18.928264 -3.953957 -2.234378 -5.401624 23.869814 95.576628 8.244637 -28.701251 31.466246 0.000000 0.000000 0.000000 47.403489 11.315619 16.106456 -13.076631 1.078167 -0.258089 -19.634099 -1.033588 0.185660 -27.658082 63.367708 64.963312 -0.243396 1.610652 17.185575 0.000000 0.000000 0.000000 1.786085 -0.825199 0.193924 -1.546553 -5.186578 0.041305 0.000000 0.000000 0.000000 2.269847 -6.099646 -0.293431 1.380855 11.780517 -0.749756 -11.221446 0.348457 -0.369203 0.000000 0.000000 0.000000 56.245997 16.349600 65.074551 -57.983774 -36.415981 61.388240 -50.882165 11.953319 -24.822954 0.000000 0.000000 0.000000 13.099752 0.817055 7.107115 -0.291260 -0.018371 7.218092 0.000000 0.000000 0.000000 -0.896619 0.187418 66.387654 0.000000 0.000000 0.000000 -61.366628 -3.984629 77.196182 18.272265 20.351508 96.280564 -38.790616 -16.792522 45.491135 0.000000 0.000000 0.000000 -32.014333 -1.308462 4.558787 12.155052 0.175205 1.645432 0.000000 0.000000 0.000000 5.543561 3.869502 -20.190113 0.000000 0.000000 0.000000
0.218047 1.006751 0.078638 0.000000 0.000000 0.000000 -41.077718 33.311160 31.828226 5.572043 -39.480280 -12.687748 -20.172391 -1.819941 -1.054456 -0.076658 19.835825 88.169590 6.947526 -30.904765 24.770728 0.000000 0.000000 0.000000 45.422131 9.269905 17.774025 -11.527453 2.371300 -0.601708 -19.865855 2.147873 -0.381365 -18.680747 57.641903 56.223235 0.191245 -1.347524 16.154609 0.000000 0.000000 0.000000 0.966805 -0.353940 0.099732 -1.765958 -4.959387 0.024016 0.000000 0.000000 0.000000 2.273221 -6.367409 -0.296670 1.372134 11.495258 -0.728689 -11.250443 0.833557 -0.332678 0.000000 0.000000 0.000000 51.564539 13.075632 66.605048 -62.973530 -34.260100 53.425004 -49.315749 14.031828 -30.014498 0.000000 0.000000 0.000000 12.706562 0.710343 6.373311 -1.154699 -0.078082 7.736796 0.000000 0.000000 0.000000 -3.665701 0.777046 66.071076 0.000000 0.000000 0.000000 -56.925685 -1.085998 76.915588 23.700364 23.788589 90.219106 -36.616576 -17.291765 49.362182 0.000000 0.000000 0.000000 -29.052008 -1.667808 6.430576 11.534190 0.112615 1.115005 0.000000 0.000000 0.000000 7.678079 5.337242 -20.433157 0.000000 0.000000 0.000000
0.222595 1.005298 0.065710 0.000000 0.000000 0.000000 -38.530160 33.471090 31.949768 3.556036 -39.650624 -13.537156 -21.156617 0.315864 0.186640 3.983652 15.770347 81.371364 5.276461 -31.632460 18.477819 0.000000 0.000000 0.000000 43.382121 7.260853 19.110447 -10.109777 3.208477 -0.856622 -19.859314 5.219344 -0.927542 -12.597799 51.939426 49.936070 0.508263 -3.851235 15.030710 0.000000 0.000000 0.000000 0.136156 0.124729 0.011056 -1.958172 -4.758228 0.009562 0.000000 0.000000 0.000000 2.261721 -6.663266 -0.299616 1.358234 11.246226 -0.710169 -11.252657 1.384681 -0.290149 0.000000 0.000000 0.000000 47.545521 10.015938 67.104438 -66.724705 -32.056465 47.143730 -47.414677 15.487687 -34.412763 0.000000 0.000000 0.000000 12.760640 0.657915 5.878592 -2.014639 -0.139828 7.939809 0.000000 0.000000 0.000000 -5.917644 1.283069 65.552977 0.000000 0.000000 0.000000 -52.848900 1.576345 75.975739 28.870712 26.256876 84.356402 -33.758850 -17.412953 53.558816 0.000000 0.000000 0.000000 -26.211367 -1.933032 8.289276 11.045797 0.047433 0.490550 0.000000 0.000000 0.000000 9.755048 6.713691 -20.994570 0.000000 0.000000 0.000000
0.224072 1.003471 0.056311 0.000000 0.000000 0.000000 -36.082484 33.537774 31.875853 1.922038 -39.534079 -14.138923 -22.060008 2.278161 1.370596 6.831483 12.121173 75.834108 3.760576 -31.146282 13.436219 0.000000 0.000000 0.000000 41.526156 5.404916 20.200777 -8.929875 3.785498 -1.052659 -19.829079 7.901148 -1.407503 -8.521570 46.620844 45.580754 0.709860 -5.806857 13.927451 0.000000 0.000000 0.000000 -0.634218 0.592554 -0.065228 -2.115897 -4.554638 -0.002149 0.000000 0.000000 0.000000 2.245711 -6.936915 -0.302193 1.373750 11.043827 -0.695892 -11.217459 1.872598 -0.251757 0.000000 0.000000 0.000000 44.114011 7.327600 67.121297 -69.222052 -29.821072 42.196287 -45.574769 16.608743 -38.318988 0.000000 0.000000 0.000000 13.114243 0.615928 5.354584 -2.778924 -0.193261 7.954955 0.000000 0.000000 0.000000 -7.815219 1.746710 64.838721 0.000000 0.000000 0.000000 -49.301684 3.814667 74.769482 33.257006 27.772688 79.234933 -30.898942 -17.131780 57.181562 0.000000 0.000000 0.000000 -23.939680 -2.066632 9.725605 10.763943 0.003226 0.034241 0.000000 0.000000 0.000000 11.520304 7.823014 -21.739027 0.000000 0.000000 0.000000
0.222407 1.007563 0.049548 0.000000 0.000000 0.000000 -33.747573 33.483276 31.580388 0.766705 -39.148505 -14.445398 -22.870079 4.084408 2.497225 8.925236 8.815214 71.225913 2.548433 -30.083566 9.463207 0.000000 0.000000 0.000000 39.817311 3.717811 21.048006 -8.037985 4.128321 -1.182765 -19.795457 10.210339 -1.823835 -5.659986 41.831200 42.315700 0.834940 -7.382472 12.887709 0.000000 0.000000 0.000000 -1.363258 1.063351 -0.131726 -2.246975 -4.365728 -0.011614 0.000000 0.000000 0.000000 2.221135 -7.204793 -0.304475 1.368662 10.856888 -0.682175 -11.183017 2.339817 -0.215250 0.000000 0.000000 0.000000 41.197539 5.026373 66.756895 -70.879030 -27.798478 38.345453 -43.832911 17.403830 -41.655861 0.000000 0.000000 0.000000 13.756399 0.590002 4.888193 -3.451674 -0.238937 7.917435 0.000000 0.000000 0.000000 -9.396751 2.170380 64.042134 0.000000 0.000000 0.000000 -46.172977 5.693757 73.402827 37.130122 28.741759 74.677489 -28.217002 -16.595157 60.249177 0.000000 0.000000 0.000000 -21.943646 -2.130099 10.955021 10.598448 -0.035725 -0.385163 0.000000 0.000000 0.000000 13.045362 8.736367 -22.506967 0.000000 0.000000 0.000000
0.218332 1.006422 0.046181 0.000000 0.000000 0.000000 -31.566944 33.432761 31.324411 -0.237325 -38.636004 -14.634808 -23.524441 5.647399 3.498128 10.392911 6.010940 67.484704 1.729126 -28.957537 6.689169 0.000000 0.000000 0.000000 38.312123 2.189721 21.759577 -7.396845 4.348246 -1.272203 -19.770742 12.151095 -2.175544 -3.623522 37.609113 39.915665 0.897015 -8.524033 11.992898 0.000000 0.000000 0.000000 -1.990698 1.507893 -0.184063 -2.366749 -4.179527 -0.019980 0.000000 0.000000 0.000000 2.192888 -7.413580 -0.306027 1.446044 10.694528 -0.672223 -11.127437 2.717576 -0.185606 0.000000 0.000000 0.000000 38.737591 3.105815 66.289829 -71.707082 -26.028394 35.472519 -41.914891 17.968350 -44.860116 0.000000 0.000000 0.000000 14.329907 0.564367 4.487248 -4.043088 -0.279013 7.892193 0.000000 0.000000 0.000000 -10.986699 2.619198 63.257039 0.000000 0.000000 0.000000 -43.498421 7.212454 72.123544 40.203159 29.149004 70.782809 -25.792905 -15.979640 63.017997 0.000000 0.000000 0.000000 -20.314676 -2.141092 11.909070 10.546463 -0.073963 -0.801358 0.000000 0.000000 0.000000 14.464662 9.552077 -23.279151 0.000000 0.000000 0.000000
0.208896 1.009462 0.045314 0.000000 0.000000 0.000000 -29.517529 33.333130 31.006978 -0.948143 -37.886484 -14.605035 -23.980702 6.943311 4.340274 11.403408 3.667939 64.340867 1.172572 -27.976868 4.704498 0.000000 0.000000 0.000000 36.956195 0.803763 22.343276 -7.045116 4.500130 -1.331696 -19.725660 13.688540 -2.458798 -2.138550 34.019229 37.958738 0.935137 -9.477007 11.245456 0.000000 0.000000 0.000000 -2.540985 1.908607 -0.225896 -2.478271 -3.997791 -0.027471 0.000000 0.000000 0.000000 2.178868 -7.582128 -0.307642 1.539081 10.550278 -0.663743 -11.077058 3.022687 -0.161876 0.000000 0.000000 0.000000 36.699693 1.540888 65.759812 -71.889203 -24.652419 33.542646 -39.915014 18.285930 -47.806843 0.000000 0.000000 0.000000 14.923920 0.545507 4.163098 -4.587772 -0.312996 7.801668 0.000000 0.000000 0.000000 -12.555994 3.086439 62.479433 0.000000 0.000000 0.000000 -41.234959 8.428232 70.936908 42.553041 29.230823 67.616120 -23.793433 -15.382490 65.322901 0.000000 0.000000 0.000000 -18.961760 -2.121208 12.651672 10.627352 -0.106789 -1.148130 0.000000 0.000000 0.000000 15.756244 10.272379 -23.985850 0.000000 0.000000 0.000000
0.207099 1.013484 0.043671 0.000000 0.000000 0.000000 -28.038546 33.362540 30.964955 -1.284670 -37.328993 -14.504064 -24.435170 7.888785 4.975952 12.222926 1.766809 62.311025 0.833253 -27.171045 3.447088 0.000000 0.000000 0.000000 36.063607 -0.252043 22.866909 -7.076810 4.547129 -1.344249 -19.941964 14.772345 -2.626591 -1.179283 31.277698 36.894065 0.935482 -10.022260 10.638308 0.000000 0.000000 0.000000 -2.982367 2.264040 -0.256277 -2.574933 -3.883172 -0.033454 0.000000 0.000000 0.000000 2.126852 -7.638480 -0.306683 1.744965 10.381416 -0.655550 -11.000580 3.132830 -0.152911 0.000000 0.000000 0.000000 35.267549 0.450668 65.514466 -71.567301 -23.620143 32.353926 -37.981009 18.376543 -50.349160 0.000000 0.000000 0.000000 15.429601 0.539752 3.982763 -5.093149 -0.343773 7.717832 0.000000 0.000000 0.000000 -13.998822 3.534933 61.783170 0.000000 0.000000 0.000000 -39.707069 9.221813 70.229816 44.070360 29.150128 65.435465 -22.311523 -14.860852 66.956139 0.000000 0.000000 0.000000 -18.042339 -2.104744 13.199925 10.836951 -0.131580 -1.387125 0.000000 0.000000 0.000000 16.754284 10.829550 -24.462851 0.000000 0.000000 0.000000
0.214390 1.016118 0.046086 0.000000 0.000000 0.000000 -27.016401 33.459811 31.066220 -1.255392 -36.812215 -14.279947 -24.756984 8.490316 5.389543 12.836052 0.376797 61.104720 0.636033 -26.670252 2.682796 0.000000 0.000000 0.000000 35.509359 -1.020932 23.309041 -7.476104 4.548095 -1.327314 -20.291717 15.282039 -2.669911 -0.582587 29.402715 36.311798 0.932183 -10.375409 10.240257 0.000000 0.000000 0.000000 -3.320785 2.566875 -0.277274 -2.656598 -3.817375 -0.038219 0.000000 0.000000 0.000000 2.038251 -7.595970 -0.303279 2.037788 10.190006 -0.646666 -10.886093 3.063434 -0.157151 0.000000 0.000000 0.000000 34.352275 -0.252390 65.520624 -70.818546 -22.965007 31.893494 -35.934979 18.190322 -52.546623 0.000000 0.000000 0.000000 15.731920 0.550051 3.979807 -5.478900 -0.361539 7.544963 0.000000 0.000000 0.000000 -15.476429 4.009239 61.111190 0.000000 0.000000 0.000000 -38.889787 9.635990 69.846830 44.849371 29.072611 64.284364 -21.284776 -14.408540 67.856411 0.000000 0.000000 0.000000 -17.393659 -2.103772 13.689354 11.171116 -0.153413 -1.568602 0.000000 0.000000 0.000000 17.601342 11.324963 -24.726309 0.000000 0.000000 0.000000
0.225153 1.016637 0.051603 0.000000 0.000000 0.000000 -26.712241 33.679236 31.415843 -0.671468 -36.511063 -13.939865 -25.168736 8.536817 5.462215 13.415464 -0.537463 61.035911 0.565440 -26.372516 2.413030 0.000000 0.000000 0.000000 35.603476 -1.348471 23.777011 -8.425714 4.440703 -1.256093 -20.816754 15.491991 -2.633552 -0.357614 28.569325 36.473947 0.935549 -10.535541 10.120795 0.000000 0.000000 0.000000 -3.528903 2.771443 -0.288995 -2.722579 -3.812045 -0.041812 0.000000 0.000000 0.000000 1.960067 -7.401879 -0.297979 2.392042 9.929424 -0.632231 -10.787638 2.774885 -0.177467 0.000000 0.000000 0.000000 34.182627 -0.413251 65.972916 -69.897462 -22.673778 32.013667 -34.350296 17.986901 -54.230802 0.000000 0.000000 0.000000 15.882288 0.559025 4.005937 -5.775224 -0.374672 7.417566 0.000000 0.000000 0.000000 -16.620173 4.409801 60.466010 0.000000 0.000000 0.000000 -38.848756 9.682774 70.123118 45.114524 29.007084 63.825684 -21.042707 -14.390889 68.412796 0.000000 0.000000 0.000000 -17.143813 -2.122432 14.011972 11.494369 -0.171643 -1.705302 0.000000 0.000000 0.000000 18.018050 11.613694 -24.644863 0.000000 0.000000 0.000000
0.234219 1.008282 0.062158 0.000000 0.000000 0.000000 -27.031083 33.977993 31.944969 0.459923 -36.298800 -13.439604 -25.591975 8.060311 5.198729 13.909611 -0.935689 61.869438 0.601743 -26.404003 2.564736 0.000000 0.000000 0.000000 36.225500 -1.245192 24.196162 -9.923421 4.123838 -1.108376 -21.486338 15.367540 -2.519366 -0.444068 28.697841 37.156889 0.964380 -10.652855 10.316107 0.000000 0.000000 0.000000 -3.616958 2.903326 -0.292939 -2.767697 -3.867693 -0.044055 0.000000 0.000000 0.000000 1.842076 -7.031464 -0.288290 2.876293 9.598427 -0.612027 -10.616391 2.231050 -0.214610 0.000000 0.000000 0.000000 34.660258 -0.089589 66.726418 -68.777554 -22.686624 32.671802 -33.099678 17.824646 -55.642696 0.000000 0.000000 0.000000 15.820839 0.582577 4.190974 -6.001275 -0.378485 7.210889 0.000000 0.000000 0.000000 -17.574176 4.767469 59.855397 0.000000 0.000000 0.000000 -39.520928 9.377580 70.889168 45.041865 29.073570 64.040895 -21.456419 -14.730415 68.607314 0.000000 0.000000 0.000000 -17.101839 -2.180629 14.427774 11.825899 -0.187404 -1.809318 0.000000 0.000000 0.000000 18.196238 11.859298 -24.067169 0.000000 0.000000 0.000000
0.237483 1.008704 0.070906 0.000000 0.000000 0.000000 -27.899784 34.254979 32.494018 2.036179 -35.987434 -12.749566 -25.818145 7.056982 4.570308 14.249160 -0.695154 63.631995 0.744831 -26.410738 3.173498 0.000000 0.000000 0.000000 37.260505 -0.720102 24.477021 -11.755603 3.770696 -0.949006 -22.162554 14.673364 -2.315058 -0.878720 29.816383 38.405973 0.991775 -10.624060 10.636276 0.000000 0.000000 0.000000 -3.609468 2.908456 -0.292326 -2.801443 -3.963085 -0.045588 0.000000 0.000000 0.000000 1.813493 -6.631615 -0.280998 3.248685 9.278520 -0.588747 -10.507717 1.617939 -0.256293 0.000000 0.000000 0.000000 35.796988 0.756391 67.719909 -67.802335 -23.057327 33.769338 -31.871198 17.336109 -56.197646 0.000000 0.000000 0.000000 15.496087 0.565817 4.156820 -6.063147 -0.374228 7.057286 0.000000 0.000000 0.000000 -18.154652 5.013889 59.350126 0.000000 0.000000 0.000000 -40.872626 8.692604 71.876721 44.345537 29.275514 65.310251 -21.895270 -14.958302 68.329489 0.000000 0.000000 0.000000 -17.549659 -2.262646 14.581090 12.142280 -0.212078 -1.993771 0.000000 0.000000 0.000000 17.965477 11.757398 -23.842735 0.000000 0.000000 0.000000
0.235611 1.008051 0.077558 0.000000 0.000000 0.000000 -29.365674 34.510840 33.085116 4.252251 -35.642589 -11.837608 -26.062264 5.602212 3.644123 14.436186 0.128037 66.307405 0.999413 -26.470203 4.247470 0.000000 0.000000 0.000000 38.699018 0.250935 24.563744 -14.047080 3.234436 -0.745515 -22.912362 13.624968 -2.056403 -1.697622 31.823466 40.220870 1.041634 -10.518033 11.280206 0.000000 0.000000 0.000000 -3.532743 2.848437 -0.287978 -2.780752 -4.124696 -0.043889 0.000000 0.000000 0.000000 1.808465 -6.082633 -0.272229 3.633914 8.883418 -0.556531 -10.383549 0.816243 -0.309507 0.000000 0.000000 0.000000 37.517460 2.102465 68.900961 -66.868250 -23.830858 35.448345 -31.372503 17.065342 -56.227172 0.000000 0.000000 0.000000 15.172445 0.558460 4.191317 -6.004466 -0.369532 7.037003 0.000000 0.000000 0.000000 -18.162554 5.016837 59.345861 0.000000 0.000000 0.000000 -42.933488 7.577832 73.106588 43.120854 29.723644 67.770065 -22.805295 -15.369066 67.566693 0.000000 0.000000 0.000000 -18.036065 -2.338972 14.659223 12.350550 -0.230519 -2.130286 0.000000 0.000000 0.000000 17.625481 11.611192 -23.485011 0.000000 0.000000 0.000000
0.227752 1.010757 0.080685 0.000000 0.000000 0.000000 -31.160210 34.696477 33.616368 6.644982 -35.132349 -10.835429 -26.029772 3.844587 2.498665 14.202515 1.578942 69.295387 1.328519 -26.434161 5.652250 0.000000 0.000000 0.000000 40.225057 1.449137 24.414134 -16.259820 2.707321 -0.569147 -23.480956 12.219267 -1.780397 -2.849931 34.362154 42.388626 1.073988 -10.136612 12.065020 0.000000 0.000000 0.000000 -3.374161 2.625162 -0.280261 -2.696930 -4.326229 -0.038290 0.000000 0.000000 0.000000 1.817394 -5.557734 -0.264499 3.959823 8.598885 -0.531923 -10.196637 0.061114 -0.355565 0.000000 0.000000 0.000000 39.694702 3.881304 69.817558 -66.030322 -24.941884 37.593389 -31.261737 16.765054 -55.549097 0.000000 0.000000 0.000000 14.975153 0.546603 4.157038 -5.942098 -0.365336 7.030277 0.000000 0.000000 0.000000 -17.837086 4.875474 59.643532 0.000000 0.000000 0.000000 -45.323566 6.206375 74.292895 41.344028 30.161506 71.065885 -23.405743 -15.577751 66.877070 0.000000 0.000000 0.000000 -18.600939 -2.415929 14.673893 12.348600 -0.249229 -2.303512 0.000000 0.000000 0.000000 16.914062 11.141749 -23.469869 0.000000 0.000000 0.000000
0.221422 1.001207 0.081888 0.000000 0.000000 0.000000 -33.344104 34.838704 34.147068 9.330057 -34.525641 -9.741548 -25.860644 1.746926 1.131499 13.572681 3.576854 72.803480 1.731915 -26.161849 7.443784 0.000000 0.000000 0.000000 41.915248 2.896079 24.036064 -18.482732 2.121626 -0.403178 -24.017979 10.538073 -1.483448 -4.491127 37.486939 45.152538 1.080108 -9.448087 13.014578 0.000000 0.000000 0.000000 -3.150536 2.288563 -0.268624 -2.540219 -4.587445 -0.027669 0.000000 0.000000 0.000000 1.864714 -5.041816 -0.259098 4.239163 8.406208 -0.514533 -9.967589 -0.704382 -0.398065 0.000000 0.000000 0.000000 42.420658 6.160531 70.442047 -65.113937 -26.456016 40.424156 -31.601046 16.555472 -54.417536 0.000000 0.000000 0.000000 15.087076 0.534019 4.030959 -5.731405 -0.356901 7.120642 0.000000 0.000000 0.000000 -16.953203 4.514448 60.371231 0.000000 0.000000 0.000000 -48.148397 4.498901 75.507903 38.965512 30.500181 75.237767 -23.743605 -15.681970 66.456563 0.000000 0.000000 0.000000 -19.559849 -2.524813 14.571032 12.229094 -0.274708 -2.563925 0.000000 0.000000 0.000000 15.746561 10.296242 -23.831047 0.000000 0.000000 0.000000
0.224988 0.996229 0.091056 0.000000 0.000000 0.000000 -35.480126 34.837806 34.423222 11.952025 -33.554377 -8.612752 -25.456671 -0.483492 -0.310735 12.484319 5.906230 76.318410 2.162959 -25.795726 9.425403 0.000000 0.000000 0.000000 43.493267 4.401743 23.397803 -20.596889 1.476630 -0.252459 -24.201981 8.725965 -1.212977 -6.422955 40.631119 48.064208 1.044276 -8.555785 13.892393 0.000000 0.000000 0.000000 -2.903811 1.865418 -0.254848 -2.376865 -4.830117 -0.016043 0.000000 0.000000 0.000000 1.966813 -4.552374 -0.257748 4.399124 8.264390 -0.501029 -9.722827 -1.391022 -0.431693 0.000000 0.000000 0.000000 45.390348 8.644969 70.579674 -64.120890 -28.195649 43.698585 -32.084475 16.225590 -52.739607 0.000000 0.000000 0.000000 14.813015 0.503284 3.870185 -5.412273 -0.341092 7.206919 0.000000 0.000000 0.000000 -16.010210 4.146643 61.128146 0.000000 0.000000 0.000000 -51.245697 2.559938 76.207030 35.647297 30.636308 80.856707 -24.106053 -15.527773 65.118667 0.000000 0.000000 0.000000 -20.750700 -2.605244 14.159280 12.020147 -0.301700 -2.865045 0.000000 0.000000 0.000000 14.354323 9.276999 -24.411790 0.000000 0.000000 0.000000
0.228960 0.980036 0.107405 0.000000 0.000000 0.000000 -37.752285 34.778241 34.612987 14.682302 -32.328395 -7.449584 -24.978423 -2.983945 -1.900447 10.928867 8.562145 80.169253 2.585387 -25.018930 11.614853 0.000000 0.000000 0.000000 45.115355 5.979562 22.603093 -22.710212 0.821599 -0.124916 -24.202946 6.807476 -0.945530 -8.807278 43.860325 51.458681 0.960253 -7.412569 14.742398 0.000000 0.000000 0.000000 -2.657360 1.362260 -0.240008 -2.208079 -5.069109 -0.003402 0.000000 0.000000 0.000000 2.145344 -4.060541 -0.262076 4.475601 8.126203 -0.487416 -9.467528 -2.052062 -0.460233 0.000000 0.000000 0.000000 48.723690 11.396367 70.405764 -62.870791 -30.154692 47.569051 -32.701586 15.804689 -50.638833 0.000000 0.000000 0.000000 14.529298 0.459178 3.600911 -5.043956 -0.325427 7.378267 0.000000 0.000000 0.000000 -14.664646 3.685139 61.926764 0.000000 0.000000 0.000000 -54.819153 0.296775 76.501959 30.991996 30.014909 88.075252 -24.828247 -15.327699 62.875602 0.000000 0.000000 0.000000 -22.605802 -2.636873 13.137255 11.779338 -0.308419 -2.989109 0.000000 0.000000 0.000000 12.365488 7.866326 -25.195222 0.000000 0.000000 0.000000
0.226633 0.982043 0.126423 0.000000 0.000000 0.000000 -39.718010 34.621196 34.555100 17.148502 -30.856702 -6.384847 -24.334977 -5.308372 -3.340098 8.831594 11.382963 83.767517 2.979448 -24.148332 13.863623 0.000000 0.000000 0.000000 46.438041 7.478315 21.541100 -24.520866 0.088930 -0.012086 -23.977110 4.846752 -0.682554 -11.328589 46.811541 54.653852 0.824871 -6.111454 15.359535 0.000000 0.000000 0.000000 -2.467733 0.836224 -0.228162 -2.027606 -5.304033 0.010687 0.000000 0.000000 0.000000 2.372477 -3.681753 -0.272418 4.394356 8.161112 -0.490796 -9.255484 -2.541468 -0.478132 0.000000 0.000000 0.000000 52.261216 14.152778 69.481843 -61.066945 -32.299239 52.296749 -33.540584 15.296259 -48.035839 0.000000 0.000000 0.000000 14.302479 0.440982 3.513698 -4.596504 -0.303597 7.553720 0.000000 0.000000 0.000000 -13.249386 3.207200 62.895081 0.000000 0.000000 0.000000 -58.468869 -1.956072 76.104750 25.352782 28.155690 96.219675 -26.058513 -15.105217 59.622072 0.000000 0.000000 0.000000 -24.562358 -2.478933 11.351881 11.589973 -0.288859 -2.845660 0.000000 0.000000 0.000000 10.087759 6.316002 -25.979305 0.000000 0.000000 0.000000
0.218948 0.977174 0.143332 0.000000 0.000000 0.000000 -41.567059 34.394302 34.312365 19.435036 -29.091792 -5.390091 -23.490414 -7.695747 -4.765802 6.087322 14.459530 87.493110 3.348101 -23.018773 16.335769 0.000000 0.000000 0.000000 47.617098 8.999341 20.196799 -26.091202 -0.717881 0.087566 -23.608996 2.757584 -0.397229 -14.135214 49.746061 57.753000 0.657178 -4.714697 15.861907 0.000000 0.000000 0.000000 -2.324797 0.248288 -0.219278 -1.825334 -5.550096 0.027155 0.000000 0.000000 0.000000 2.641600 -3.395893 -0.287956 4.199358 8.386583 -0.512488 -9.054428 -2.883167 -0.486344 0.000000 0.000000 0.000000 56.255026 17.007513 67.828560 -58.178817 -34.524762 58.370375 -34.402019 14.648087 -45.095067 0.000000 0.000000 0.000000 14.101298 0.452236 3.655218 -4.055923 -0.275532 7.769427 0.000000 0.000000 0.000000 -11.674729 2.688894 64.142127 0.000000 0.000000 0.000000 -62.590046 -4.326750 74.864601 18.673048 24.314355 105.298858 -28.172572 -14.994654 55.351583 0.000000 0.000000 0.000000 -26.683411 -2.046831 8.615286 11.560408 -0.236750 -2.338474 0.000000 0.000000 0.000000 7.479527 4.603919 -26.817580 0.000000 0.000000 0.000000
0.209520 0.970190 0.157816 0.000000 0.000000 0.000000 -43.163775 34.185913 34.055209 21.490644 -27.523390 -4.570626 -22.832686 -9.821060 -6.007864 3.119595 17.309866 91.063969 3.582543 -21.662705 18.566586 0.000000 0.000000 0.000000 48.638052 10.361712 18.854612 -27.509606 -1.553297 0.169992 -23.174948 0.985569 -0.145760 -17.104397 52.249648 61.161017 0.460894 -3.242748 16.174428 0.000000 0.000000 0.000000 -2.327496 -0.292307 -0.222903 -1.676920 -5.787970 0.040540 0.000000 0.000000 0.000000 2.959042 -3.189988 -0.308724 3.962832 8.667343 -0.538459 -8.921775 -3.151633 -0.493547 0.000000 0.000000 0.000000 60.334610 19.669955 65.864888 -54.492911 -36.353073 65.042200 -35.527207 14.006735 -41.958809 0.000000 0.000000 0.000000 14.231779 0.466117 3.732469 -3.542137 -0.248310 8.017408 0.000000 0.000000 0.000000 -9.843673 2.164662 65.251970 0.000000 0.000000 0.000000 -66.658090 -6.481310 73.253358 12.035161 18.227282 113.380351 -30.990758 -14.853338 50.363620 0.000000 0.000000 0.000000 -28.190396 -1.263005 5.026996 11.498551 -0.162757 -1.616438 0.000000 0.000000 0.000000 4.931874 2.969651 -27.912762 0.000000 0.000000 0.000000
0.203070 0.960582 0.168812 0.000000 0.000000 0.000000 -44.632356 34.030841 33.888881 23.326460 -26.114342 -3.892938 -22.316243 -11.818013 -7.161543 -0.191335 20.055924 94.889307 3.690221 -20.084523 20.620116 0.000000 0.000000 0.000000 49.583669 11.650292 17.467267 -28.762437 -2.486585 0.244672 -22.732463 -0.627235 0.095240 -20.401084 54.465869 65.054440 0.256630 -1.792244 16.296195 0.000000 0.000000 0.000000 -2.488959 -0.810124 -0.242599 -1.583960 -6.011391 0.050270 0.000000 0.000000 0.000000 3.315502 -3.027226 -0.333562 3.673846 9.020292 -0.569531 -8.866260 -3.345052 -0.500938 0.000000 0.000000 0.000000 64.558174 22.166205 63.647547 -49.490691 -37.439152 72.647096 -36.797954 13.261743 -38.527125 0.000000 0.000000 0.000000 14.797928 0.507625 3.907560 -3.030343 -0.217186 8.196908 0.000000 0.000000 0.000000 -7.432066 1.557611 66.357422 0.000000 0.000000 0.000000 -70.739874 -8.418267 71.277156 5.665945 9.771938 119.868301 -34.732620 -14.454223 44.143834 0.000000 0.000000 0.000000 -28.813070 -0.022863 0.089003 11.318775 -0.025297 -0.255278 0.000000 0.000000 0.000000 2.510818 1.470600 -29.289757 0.000000 0.000000 0.000000
0.198544 0.958694 0.177644 0.000000 0.000000 0.000000 -46.107031 33.977529 33.963353 25.070308 -25.163858 -3.350263 -22.140450 -13.456051 -8.131468 -2.721081 21.880963 98.417824 3.659498 -18.737933 21.916139 0.000000 0.000000 0.000000 50.466713 12.603070 16.542549 -29.914651 -2.881394 0.254304 -22.542357 -1.872484 0.287520 -23.197150 55.664726 68.975078 0.095906 -0.677971 16.103053 0.000000 0.000000 0.000000 -2.795195 -1.214879 -0.277988 -1.525409 -6.195096 0.057203 0.000000 0.000000 0.000000 3.707212 -2.931869 -0.361933 3.363455 9.373783 -0.598608 -8.940763 -3.466922 -0.512684 0.000000 0.000000 0.000000 68.050415 24.211111 62.177346 -44.508645 -37.492187 79.342746 -38.563985 12.626363 -35.098016 0.000000 0.000000 0.000000 15.961487 0.503273 3.588578 -2.558651 -0.185930 8.311065 0.000000 0.000000 0.000000 -4.766984 0.975259 66.887693 0.000000 0.000000 0.000000 -74.309163 -9.980654 69.520731 0.266792 0.496570 123.504601 -38.443972 -13.687758 37.989375 0.000000 0.000000 0.000000 -28.332419 1.243632 -4.924163 11.159560 0.118059 1.208408 0.000000 0.000000 0.000000 0.698686 0.398840 -30.561246 0.000000 0.000000 0.000000
0.195789 0.977736 0.186080 0.000000 0.000000 0.000000 -47.688583 34.060223 34.406466 26.714151 -24.638828 -2.913939 -22.399000 -14.928621 -9.073401 -4.289875 22.849828 101.781575 3.562317 -17.727506 22.554537 0.000000 0.000000 0.000000 51.346836 13.275629 16.087252 -30.955399 -2.731751 0.216103 -22.666562 -2.803859 0.427468 -25.323862 55.830688 73.013767 -0.018961 0.138755 15.562807 0.000000 0.000000 0.000000 -3.284089 -1.557126 -0.334520 -1.497554 -6.337130 0.061366 0.000000 0.000000 0.000000 4.175785 -2.851184 -0.396554 3.030674 9.777900 -0.629838 -9.146857 -3.525813 -0.529672 0.000000 0.000000 0.000000 70.680116 25.965388 61.778678 -39.874322 -36.508680 84.561418 -40.628168 11.926403 -31.514436 0.000000 0.000000 0.000000 17.366131 0.421154 2.757187 -2.096474 -0.155900 8.504781 0.000000 0.000000 0.000000 -2.122993 0.430632 67.069609 0.000000 0.000000 0.000000 -77.244733 -11.254414 68.283468 -4.516340 -8.587323 124.581459 -41.156216 -12.482962 32.482213 0.000000 0.000000 0.000000 -26.698415 2.266042 -9.528612 10.817424 0.254553 2.688042 0.000000 0.000000 0.000000 -0.309240 -0.172265 -31.759292 0.000000 0.000000 0.000000
0.194088 0.983583 0.200848 0.000000 0.000000 0.000000 -49.030862 34.182160 34.943590 28.048371 -24.627127 -2.617883 -22.769381 -15.836599 -9.699638 -4.915574 23.154511 104.262384 3.507730 -17.264666 22.806822 0.000000 0.000000 0.000000 51.830120 13.619823 15.871995 -31.486656 -2.394155 0.178222 -22.952466 -3.401766 0.509987 -26.593670 55.579550 75.993412 -0.074833 0.564611 15.099658 0.000000 0.000000 0.000000 -3.898903 -1.781633 -0.405646 -1.527928 -6.475937 0.061047 0.000000 0.000000 0.000000 4.583793 -2.826464 -0.426843 2.698138 10.082326 -0.650307 -9.403463 -3.510904 -0.545745 0.000000 0.000000 0.000000 72.231451 27.143495 61.902826 -36.889025 -35.581366 87.788080 -41.697747 11.232057 -28.955204 0.000000 0.000000 0.000000 18.739896 0.312518 1.893762 -1.946141 -0.146169 8.589678 0.000000 0.000000 0.000000 -0.333417 0.068777 66.689047 0.000000 0.000000 0.000000 -79.036277 -12.052609 67.665602 -7.689162 -14.417001 124.034745 -42.789043 -11.538238 28.920262 0.000000 0.000000 0.000000 -24.966067 2.764845 -12.442207 10.441015 0.337827 3.696160 0.000000 0.000000 0.000000 -0.606240 -0.333731 -32.335328 0.000000 0.000000 0.000000
0.195653 0.998457 0.219092 0.000000 0.000000 0.000000 -50.272939 34.379171 35.700206 29.197950 -25.114396 -2.412865 -23.397754 -16.336253 -10.131456 -4.397699 22.775259 106.028011 3.530315 -17.483803 22.665400 0.000000 0.000000 0.000000 52.057950 13.672740 15.980286 -31.718131 -1.767709 0.127990 -23.343076 -3.587587 0.525362 -27.028922 54.858724 78.225041 -0.087911 0.684333 14.640379 0.000000 0.000000 0.000000 -4.678326 -1.893277 -0.494675 -1.610196 -6.598081 0.056351 0.000000 0.000000 0.000000 5.019664 -2.820391 -0.459142 2.320558 10.325985 -0.663126 -9.776482 -3.447134 -0.566296 0.000000 0.000000 0.000000 72.618533 27.863981 62.927718 -35.360926 -34.906183 89.209823 -42.104343 10.612628 -27.132216 0.000000 0.000000 0.000000 20.135331 0.173690 0.978262 -1.858135 -0.140897 8.671798 0.000000 0.000000 0.000000 0.775215 -0.165276 65.929841 0.000000 0.000000 0.000000 -79.747763 -12.521923 67.835893 -9.260242 -16.911380 122.838684 -43.412656 -11.041481 27.295060 0.000000 0.000000 0.000000 -23.842392 2.957885 -13.944353 10.118082 0.378133 4.269425 0.000000 0.000000 0.000000 -0.320140 -0.175754 -32.467253 0.000000 0.000000 0.000000
0.203519 0.999114 0.235184 0.000000 0.000000 0.000000 -51.185144 34.593583 36.479548 29.919427 -26.050600 -2.337679 -24.070238 -16.258840 -10.215188 -3.038056 21.947477 106.702578 3.553375 -17.998674 22.163435 0.000000 0.000000 0.000000 51.895815 13.435611 16.288669 -31.374289 -1.117018 0.084243 -23.950103 -3.539379 0.499156 -26.578014 53.920422 79.177884 -0.062376 0.498139 14.274489 0.000000 0.000000 0.000000 -5.550271 -1.843685 -0.590151 -1.715922 -6.674667 0.049035 0.000000 0.000000 0.000000 5.316860 -2.860707 -0.480526 2.082033 10.441164 -0.667329 -10.054936 -3.336671 -0.577183 0.000000 0.000000 0.000000 71.710651 27.937102 64.688530 -35.858789 -35.018107 88.550209 -41.976243 10.072079 -25.873893 0.000000 0.000000 0.000000 21.020690 0.109753 0.591570 -1.963230 -0.148023 8.622794 0.000000 0.000000 0.000000 1.196654 -0.265552 64.977084 0.000000 0.000000 0.000000 -79.351806 -12.494063 68.365640 -9.062279 -16.243436 121.911375 -42.518479 -10.793989 27.297457 0.000000 0.000000 0.000000 -23.321838 2.928438 -14.120805 10.050257 0.396730 4.509542 0.000000 0.000000 0.000000 0.491025 0.271576 -32.108003 0.000000 0.000000 0.000000
0.215562 1.009334 0.244126 0.000000 0.000000 0.000000 -51.931440 34.850661 37.376415 30.339657 -27.468574 -2.366332 -24.879546 -15.749078 -10.047684 -0.928068 20.687377 106.445226 3.589087 -18.872314 21.351813 0.000000 0.000000 0.000000 51.454574 12.976233 16.755991 -30.603703 -0.409449 0.033650 -24.731845 -3.289013 0.440959 -25.385752 52.623452 79.370752 -0.002516 0.020619 13.914424 0.000000 0.000000 0.000000 -6.552803 -1.652673 -0.693345 -1.860375 -6.731055 0.038258 0.000000 0.000000 0.000000 5.547216 -2.973574 -0.495568 1.874066 10.453439 -0.663804 -10.326961 -3.140681 -0.581225 0.000000 0.000000 0.000000 69.822674 27.455532 67.017169 -37.922722 -35.799623 86.462110 -41.587646 9.630661 -25.015892 0.000000 0.000000 0.000000 21.491503 0.079512 0.418968 -2.088387 -0.156118 8.549475 0.000000 0.000000 0.000000 1.114681 -0.259561 63.784520 0.000000 0.000000 0.000000 -78.116465 -12.110575 69.270466 -7.582895 -13.320193 120.846669 -40.939125 -10.760822 28.321716 0.000000 0.000000 0.000000 -23.033901 2.727733 -13.329052 10.023749 0.396986 4.524428 0.000000 0.000000 0.000000 1.831425 1.027219 -31.428005 0.000000 0.000000 0.000000
0.230505 1.016699 0.247549 0.000000 0.000000 0.000000 -52.474761 35.041838 38.061817 30.627895 -28.900726 -2.420166 -25.619478 -14.945618 -9.667395 1.172348 19.399418 105.861963 3.600442 -19.718645 20.501668 0.000000 0.000000 0.000000 50.816997 12.367286 17.302800 -29.475411 0.251953 -0.023206 -25.522840 -2.993465 0.380297 -24.102959 51.538045 78.901916 0.065289 -0.543531 13.698996 0.000000 0.000000 0.000000 -7.606473 -1.456633 -0.798566 -2.007108 -6.745571 0.026730 0.000000 0.000000 0.000000 5.610734 -3.051544 -0.498813 1.959004 10.350950 -0.657666 -10.398628 -3.047492 -0.579241 0.000000 0.000000 0.000000 67.674918 26.659457 69.293399 -40.845319 -36.714904 83.414092 -41.156127 9.094353 -23.920659 0.000000 0.000000 0.000000 21.718705 0.095515 0.497900 -2.263504 -0.165846 8.380021 0.000000 0.000000 0.000000 1.157719 -0.284117 62.423806 0.000000 0.000000 0.000000 -76.622261 -11.555411 70.180762 -5.750176 -9.876062 119.662888 -39.231723 -10.552593 29.054147 0.000000 0.000000 0.000000 -22.709535 2.460463 -12.207939 9.968602 0.389810 4.467408 0.000000 0.000000 0.000000 3.052626 1.739524 -30.654989 0.000000 0.000000 0.000000
0.245585 1.020542 0.243124 0.000000 0.000000 0.000000 -52.776262 35.159621 38.484359 30.791644 -30.404918 -2.507275 -26.311350 -13.767720 -9.018996 3.133920 18.126527 104.717560 3.638449 -20.706112 19.725759 0.000000 0.000000 0.000000 49.908840 11.603993 17.850615 -27.975328 0.882315 -0.092929 -26.289545 -2.643620 0.317874 -22.603142 50.524055 77.720214 0.158309 -1.333156 13.543434 0.000000 0.000000 0.000000 -8.757636 -1.207452 -0.907395 -2.157734 -6.708108 0.014395 0.000000 0.000000 0.000000 5.518295 -3.159930 -0.490340 2.271303 10.156660 -0.648478 -10.303733 -2.964053 -0.567608 0.000000 0.000000 0.000000 65.332956 25.524739 71.370570 -44.579527 -37.772408 79.694659 -40.552686 8.394562 -22.470499 0.000000 0.000000 0.000000 21.545455 0.173756 0.913202 -2.355179 -0.165383 8.032430 0.000000 0.000000 0.000000 1.145902 -0.296877 60.951562 0.000000 0.000000 0.000000 -74.935503 -10.803362 70.919281 -3.698260 -6.191757 118.332910 -37.339474 -10.098024 29.306757 0.000000 0.000000 0.000000 -21.939577 2.050703 -10.550947 9.868840 0.371537 4.301410 0.000000 0.000000 0.000000 4.378256 2.539843 -29.779696 0.000000 0.000000 0.000000
0.263547 1.019028 0.233170 0.000000 0.000000 0.000000 -52.905605 35.209787 38.666496 30.765532 -31.648043 -2.622491 -26.820964 -12.743190 -8.425535 4.886205 16.911935 103.426771 3.670929 -21.658797 19.020135 0.000000 0.000000 0.000000 49.014279 10.929254 18.218743 -26.405818 1.319416 -0.157269 -26.826516 -2.326779 0.268709 -21.345185 49.877608 76.185321 0.231033 -1.940868 13.575368 0.000000 0.000000 0.000000 -9.852440 -1.006899 -1.009018 -2.307496 -6.685575 0.002339 0.000000 0.000000 0.000000 5.290769 -3.251135 -0.472826 2.838926 9.860806 -0.633935 -9.954163 -2.932220 -0.544076 0.000000 0.000000 0.000000 63.344570 24.384162 72.876804 -48.434303 -38.729311 76.009100 -40.454315 7.842410 -21.076282 0.000000 0.000000 0.000000 20.854533 0.224449 1.219613 -2.408478 -0.158279 7.518764 0.000000 0.000000 0.000000 1.531851 -0.416461 59.583045 0.000000 0.000000 0.000000 -73.426192 -10.063668 71.426273 -1.881694 -3.073250 117.050918 -36.004109 -9.648478 29.118360 0.000000 0.000000 0.000000 -21.141038 1.744225 -9.326850 9.765116 0.351335 4.111106 0.000000 0.000000 0.000000 5.439745 3.193356 -29.195242 0.000000 0.000000 0.000000
0.282978 0.998296 0.220262 0.000000 0.000000 0.000000 -52.736361 35.145129 38.431284 30.463020 -32.612789 -2.795864 -27.113696 -11.664122 -7.751950 6.211059 15.864993 101.588385 3.737418 -22.709139 18.456999 0.000000 0.000000 0.000000 47.944198 10.290889 18.337825 -24.607392 1.506049 -0.203538 -27.053075 -2.067254 0.234590 -20.243786 49.661539 73.992040 0.304304 -2.512734 13.808162 0.000000 0.000000 0.000000 -10.956131 -0.830636 -1.109858 -2.455734 -6.655461 -0.009585 0.000000 0.000000 0.000000 4.879364 -3.391060 -0.442356 3.735438 9.469607 -0.612029 -9.247302 -2.898568 -0.498942 0.000000 0.000000 0.000000 61.736055 23.235196 73.584723 -52.619156 -39.847451 72.488821 -40.434662 7.188609 -19.359189 0.000000 0.000000 0.000000 19.719517 0.278909 1.604629 -2.294289 -0.135699 6.768884 0.000000 0.000000 0.000000 2.288423 -0.649468 58.315149 0.000000 0.000000 0.000000 -72.006895 -9.255819 71.564900 -0.142868 -0.229016 116.085474 -34.994092 -9.098633 28.331430 0.000000 0.000000 0.000000 -20.098362 1.436932 -8.095471 9.557464 0.335935 4.016795 0.000000 0.000000 0.000000 6.226553 3.688802 -28.744511 0.000000 0.000000 0.000000
0.305137 0.995633 0.207722 0.000000 0.000000 0.000000 -52.625747 34.994634 37.962862 30.250466 -33.115500 -2.905023 -27.199168 -11.001132 -7.321576 7.062548 15.154888 100.420985 3.820831 -23.573651 18.163447 0.000000 0.000000 0.000000 47.149247 9.932744 18.220809 -23.176033 1.322640 -0.195601 -26.996075 -1.909653 0.217664 -19.827930 49.921726 72.416053 0.352232 -2.834962 14.162121 0.000000 0.000000 0.000000 -11.880874 -0.734649 -1.196478 -2.580880 -6.618816 -0.019649 0.000000 0.000000 0.000000 4.391134 -3.463528 -0.408153 4.670798 9.071281 -0.583560 -8.486495 -2.987107 -0.457469 0.000000 0.000000 0.000000 60.871776 22.594948 73.932982 -55.552877 -40.839576 70.506479 -40.966594 6.815282 -18.113665 0.000000 0.000000 0.000000 18.265740 0.264150 1.642996 -1.778838 -0.097650 6.283768 0.000000 0.000000 0.000000 3.008257 -0.873663 57.617554 0.000000 0.000000 0.000000 -71.459585 -8.808162 71.149885 0.429906 0.683805 115.685513 -34.486660 -8.532221 27.027850 0.000000 0.000000 0.000000 -18.873360 1.295252 -7.781366 9.216923 0.324085 4.018938 0.000000 0.000000 0.000000 6.622059 3.930708 -28.651432 0.000000 0.000000 0.000000
0.327014 0.993610 0.198992 0.000000 0.000000 0.000000 -52.479939 34.763530 37.254931 30.043016 -33.220231 -2.977043 -27.099887 -10.625250 -7.057350 7.504967 14.717685 99.336851 3.950913 -24.390023 18.135698 0.000000 0.000000 0.000000 46.476969 9.813994 17.817587 -21.941145 0.746312 -0.118599 -26.622836 -1.736389 0.203644 -19.764729 50.524586 71.009823 0.379539 -2.966849 14.576932 0.000000 0.000000 0.000000 -12.674477 -0.656966 -1.270139 -2.689950 -6.616671 -0.028229 0.000000 0.000000 0.000000 3.805731 -3.487883 -0.368075 5.780122 8.580108 -0.539157 -7.527695 -3.199298 -0.408059 0.000000 0.000000 0.000000 60.591157 22.345676 73.924066 -57.422208 -41.984340 70.025043 -41.840502 6.459739 -16.795080 0.000000 0.000000 0.000000 16.830481 0.205240 1.387260 -1.203877 -0.059952 5.701677 0.000000 0.000000 0.000000 4.055187 -1.204217 56.933577 0.000000 0.000000 0.000000 -71.603046 -8.598482 70.133919 -0.052418 -0.084140 116.155281 -34.413382 -7.837266 24.945521 0.000000 0.000000 0.000000 -17.608025 1.257568 -8.106410 8.914807 0.330623 4.239352 0.000000 0.000000 0.000000 6.601633 3.923931 -28.582559 0.000000 0.000000 0.000000
0.343935 0.994625 0.193965 0.000000 0.000000 0.000000 -52.336702 34.368776 36.081558 29.979525 -32.567477 -2.933943 -26.575348 -10.564638 -6.947609 6.830946 15.148846 98.862772 4.301960 -25.197928 19.078293 0.000000 0.000000 0.000000 45.998492 10.123843 16.889312 -21.146738 -0.488465 0.081098 -25.956712 -1.965657 0.242130 -20.984478 52.270913 70.422289 0.362106 -2.678220 15.397137 0.000000 0.000000 0.000000 -13.250895 -0.533959 -1.316311 -2.727196 -6.586953 -0.031271 0.000000 0.000000 0.000000 3.105659 -3.474513 -0.320294 6.853703 8.120563 -0.488902 -6.445012 -3.489860 -0.349842 0.000000 0.000000 0.000000 61.553433 22.900339 73.061978 -56.471191 -43.430605 73.124282 -42.455449 5.748200 -14.729267 0.000000 0.000000 0.000000 15.593965 0.133650 0.976031 -0.552725 -0.025114 5.203087 0.000000 0.000000 0.000000 5.274204 -1.597399 56.320406 0.000000 0.000000 0.000000 -73.003497 -8.783466 68.050787 -1.775194 -2.949030 117.914728 -34.429738 -6.962672 22.217177 0.000000 0.000000 0.000000 -16.369913 1.260525 -8.747062 8.478219 0.335441 4.523210 0.000000 0.000000 0.000000 5.890002 3.484754 -28.808352 0.000000 0.000000 0.000000
0.356780 0.979423 0.192942 0.000000 0.000000 0.000000 -52.035330 33.777644 34.331726 29.796230 -31.115633 -2.847789 -25.554104 -10.759964 -6.940159 4.997162 16.431885 98.468892 4.952202 -26.013747 21.206511 0.000000 0.000000 0.000000 45.586533 10.871373 15.306226 -20.577402 -2.618119 0.448130 -24.902964 -2.452946 0.325099 -23.680065 55.373500 70.499285 0.252173 -1.737108 16.518432 0.000000 0.000000 0.000000 -13.633961 -0.327463 -1.333328 -2.708046 -6.541679 -0.029955 0.000000 0.000000 0.000000 2.257449 -3.436623 -0.261930 7.993960 7.656826 -0.429124 -5.120835 -3.882895 -0.272136 0.000000 0.000000 0.000000 64.023026 24.238321 70.861870 -51.692481 -45.061803 81.152494 -42.836372 4.487989 -11.409309 0.000000 0.000000 0.000000 14.251766 0.046160 0.369230 0.224409 0.008961 4.573200 0.000000 0.000000 0.000000 6.757878 -2.107028 55.400349 0.000000 0.000000 0.000000 -75.724279 -9.163124 64.532152 -4.903735 -8.643157 120.926117 -34.194700 -5.692995 18.364797 0.000000 0.000000 0.000000 -14.845429 1.289117 -9.870870 7.805579 0.341969 5.009415 0.000000 0.000000 0.000000 4.419075 2.582856 -29.405540 0.000000 0.000000 0.000000
0.371100 0.976007 0.196077 0.000000 0.000000 0.000000 -51.632699 33.017130 32.128029 29.538551 -29.052104 -2.717632 -24.095127 -11.023325 -6.913830 2.160705 18.454921 98.396975 6.027224 -27.028169 24.710890 0.000000 0.000000 0.000000 45.252083 11.913443 13.296331 -20.284771 -5.220178 0.907696 -23.244206 -3.162990 0.465940 -27.329465 59.186327 70.972595 0.065434 -0.416830 17.842879 0.000000 0.000000 0.000000 -13.809894 -0.002590 -1.316324 -2.655065 -6.434839 -0.026310 0.000000 0.000000 0.000000 1.416151 -3.375808 -0.203040 8.846556 7.183916 -0.360810 -3.857267 -4.317703 -0.190333 0.000000 0.000000 0.000000 67.964905 26.125401 67.356530 -42.316460 -45.386087 94.428092 -42.756424 2.410402 -6.152502 0.000000 0.000000 0.000000 13.190079 -0.043269 -0.374244 1.004064 0.033050 3.770422 0.000000 0.000000 0.000000 8.645843 -2.834241 53.757608 0.000000 0.000000 0.000000 -79.484736 -9.241129 59.192460 -9.224397 -17.452464 124.548349 -33.629041 -4.192186 13.811404 0.000000 0.000000 0.000000 -12.921665 1.277577 -11.245939 6.833206 0.328639 5.500472 0.000000 0.000000 0.000000 2.593095 1.484408 -30.428041 0.000000 0.000000 0.000000
0.381131 0.948662 0.196808 0.000000 0.000000 0.000000 -51.155829 32.049578 29.408140 29.226866 -26.181931 -2.512197 -22.285307 -11.513944 -6.972241 -2.015548 21.388341 98.798510 7.613829 -27.841937 30.054491 0.000000 0.000000 0.000000 45.062919 13.336255 10.735773 -20.231042 -8.475417 1.479446 -21.045487 -4.095131 0.683903 -32.679371 63.881147 72.485899 -0.273143 1.588381 19.513496 0.000000 0.000000 0.000000 -13.774367 0.464896 -1.263516 -2.574725 -6.286618 -0.020900 0.000000 0.000000 0.000000 0.543894 -3.305345 -0.140829 9.540184 6.568928 -0.266676 -2.551878 -4.851882 -0.095907 0.000000 0.000000 0.000000 74.431016 28.511355 61.371239 -26.724383 -40.548533 114.515394 -41.152656 -0.791739 2.108828 0.000000 0.000000 0.000000 12.299025 -0.187569 -1.740760 1.664304 0.038613 2.657948 0.000000 0.000000 0.000000 10.693763 -3.811438 50.858102 0.000000 0.000000 0.000000 -84.446124 -8.650496 51.715091 -16.298124 -31.883470 126.750497 -32.651087 -2.216819 7.558367 0.000000 0.000000 0.000000 -10.048866 1.162425 -13.163882 5.313629 0.291772 6.281431 0.000000 0.000000 0.000000 -0.156892 -0.086591 -32.209768 0.000000 0.000000 0.000000
0.384045 0.951755 0.195957 0.000000 0.000000 0.000000 -50.594537 30.958757 26.446765 28.770455 -23.031978 -2.294982 -19.953057 -11.850577 -6.851756 -7.650341 25.209304 99.124066 9.774784 -28.113079 37.712135 0.000000 0.000000 0.000000 44.934015 15.001200 7.747161 -20.247382 -12.255843 2.141686 -18.399946 -4.952981 0.945403 -39.292704 68.995677 74.483645 -0.818330 4.419821 20.969239 0.000000 0.000000 0.000000 -13.518437 1.046777 -1.179745 -2.454756 -6.142981 -0.012721 0.000000 0.000000 0.000000 -0.289027 -3.228416 -0.080077 9.931088 6.194571 -0.206197 -1.443120 -5.332653 -0.005943 0.000000 0.000000 0.000000 83.991471 30.390283 51.747248 -9.527291 -22.919548 135.307440 -34.277735 -4.569342 14.743075 0.000000 0.000000 0.000000 10.784010 -0.446327 -4.726027 1.961608 0.019739 1.152941 0.000000 0.000000 0.000000 11.084234 -4.594300 45.077873 0.000000 0.000000 0.000000 -89.781550 -6.808187 42.482022 -33.355506 -53.491320 118.537875 -30.729160 0.304463 -1.107989 0.000000 0.000000 0.000000 -5.315935 0.706886 -15.138382 2.956955 0.180633 6.989898 0.000000 0.000000 0.000000 -3.340400 -1.743985 -34.872582 0.000000 0.000000 0.000000
0.378110 0.943411 0.196049 0.000000 0.000000 0.000000 -49.817968 29.703450 23.192054 27.905098 -19.571844 -2.093637 -17.103844 -11.912269 -6.498291 -15.146913 30.147720 99.223939 12.377802 -26.846804 48.869826 0.000000 0.000000 0.000000 44.804588 16.913997 4.237432 -20.035784 -16.758414 2.970104 -15.290605 -5.495772 1.204650 -47.850302 74.663372 77.299573 -1.605573 8.220454 22.067535 0.000000 0.000000 0.000000 -13.005810 1.752704 -1.065251 -2.327236 -5.970951 -0.004500 0.000000 0.000000 0.000000 -1.119463 -3.136165 -0.017730 10.100432 6.011416 -0.176062 -0.460844 -5.752869 0.081427 0.000000 0.000000 0.000000 97.026005 29.611782 36.917543 5.803173 7.080452 146.698540 -13.778466 -3.702846 29.956062 0.000000 0.000000 0.000000 5.692478 -0.461144 -9.255229 1.214985 -0.005074 -0.478580 0.000000 0.000000 0.000000 5.753743 -2.849575 37.334549 0.000000 0.000000 0.000000 -94.523753 -3.188949 31.498226 -63.355506 -64.198623 88.537875 -23.896704 3.008741 -14.148946 0.000000 0.000000 0.000000 3.286462 -0.440553 -15.265995 -1.034175 -0.061241 6.777715 0.000000 0.000000 0.000000 -6.606575 -3.092839 -39.865225 0.000000 0.000000 0.000000
0.369392 0.942928 0.196979 0.000000 0.000000 0.000000 -49.101812 28.407707 19.990622 27.012074 -16.009292 -1.834110 -14.297859 -12.028571 -6.185038 -24.414082 36.014576 99.536623 13.622165 -22.227273 62.600830 0.000000 0.000000 0.000000 44.889054 18.890460 0.634752 -19.925109 -21.324417 3.817204 -12.009152 -5.949227 1.484057 -58.959991 80.327402 81.983828 -2.502197 12.766647 22.092075 0.000000 0.000000 0.000000 -12.359232 2.487574 -0.944370 -2.148913 -5.806544 0.007036 0.000000 0.000000 0.000000 -1.817388 -3.088640 0.034315 10.107013 5.942545 -0.165657 0.352347 -6.120046 0.159681 0.000000 0.000000 0.000000 109.952635 23.788445 19.370744 -24.196827 37.080452 176.698540 16.221534 3.332224 18.813992 0.000000 0.000000 0.000000 -5.207220 0.376529 -8.265967 -0.531154 0.000679 -0.146386 0.000000 0.000000 0.000000 -6.199610 2.915237 39.665002 0.000000 0.000000 0.000000 -97.857736 1.690555 20.068860 -93.355506 -34.198623 58.537875 -4.557382 1.079022 -26.627748 0.000000 0.000000 0.000000 13.770492 -0.790164 -6.536697 -5.171984 -0.143728 3.181478 0.000000 0.000000 0.000000 -6.673045 -2.649490 -46.726974 0.000000 0.000000 0.000000
0.363231 0.939468 0.196144 0.000000 0.000000 0.000000 -48.259902 27.019968 16.755934 25.748837 -12.379758 -1.553546 -11.320763 -12.044826 -5.802967 -36.394454 43.239059 100.175917 9.654146 -11.576692 79.592819 0.000000 0.000000 0.000000 45.060247 20.911006 -3.143538 -19.526649 -26.054993 4.785259 -8.567798 -6.219864 1.751797 -81.074560 86.127464 96.613141 -3.294663 17.791122 20.823469 0.000000 0.000000 0.000000 -11.498135 3.183188 -0.820661 -1.964760 -5.646966 0.018519 0.000000 0.000000 0.000000 -2.488394 -3.108820 0.081441 10.009898 6.077799 -0.187557 1.047871 -6.327470 0.227547 0.000000 0.000000 0.000000 117.873927 12.502413 1.817772 -30.847646 67.080452 175.885917 16.164130 -1.912867 -11.186008 0.000000 0.000000 0.000000 -8.105359 -0.138382 1.952956 1.101274 0.009988 1.039241 0.000000 0.000000 0.000000 -2.467604 0.849655 52.005189 0.000000 0.000000 0.000000 -99.055654 7.405061 8.208615 -123.355506 -4.198623 28.537875 18.645779 -3.216647 -19.411137 0.000000 0.000000 0.000000 12.995255 0.918845 8.054450 -5.149695 0.096297 -2.141113 0.000000 0.000000 0.000000 -1.924933 -0.698198 -50.130275 0.000000 0.000000 0.000000
0.356588 0.940095 0.189897 0.000000 0.000000 0.000000 -47.653906 25.885947 14.225388 24.623820 -9.335186 -1.262933 -8.931968 -12.157328 -5.548206 -48.513374 50.096617 101.269098 -3.974272 3.698998 94.112209 0.000000 0.000000 0.000000 45.484502 22.549586 -6.193699 -19.356090 -29.908855 5.569960 -5.786581 -6.304278 1.942033 -51.074560 91.987436 66.613141 -3.560519 21.785072 18.349975 0.000000 0.000000 0.000000 -10.589199 3.752864 -0.714364 -1.773365 -5.512964 0.030301 0.000000 0.000000 0.000000 -2.953052 -3.075970 0.116620 9.724649 6.227485 -0.214394 1.482022 -6.491139 0.272356 0.000000 0.000000 0.000000 119.098456 2.082703 -10.886699 -60.847646 97.080452 145.885917 2.599382 -0.313011 -13.730390 0.000000 0.000000 0.000000 -6.036740 -0.241528 4.578104 2.698631 -0.017523 -0.743923 0.000000 0.000000 0.000000 5.921090 -2.220440 48.916208 0.000000 0.000000 0.000000 -98.522537 12.082991 -1.537499 -93.355506 25.801377 -1.462125 27.795719 -1.885676 -7.610362 0.000000 0.000000 0.000000 6.577688 0.819205 14.183268 -3.394020 0.123190 -4.156193 0.000000 0.000000 0.000000 0.706590 0.259495 -49.668900 0.000000 0.000000 0.000000
0.347686 0.952680 0.182220 0.000000 0.000000 0.000000 -47.037081 25.027248 12.436570 23.303061 -6.972299 -1.024409 -7.066781 -12.306912 -5.376479 -59.357432 55.902183 102.560184 -26.134599 19.698881 106.405857 0.000000 0.000000 0.000000 45.979361 23.787769 -8.520414 -19.287300 -32.983052 6.193666 -3.604901 -6.164640 2.028286 -49.465948 94.866025 53.967108 -3.347116 24.299411 15.457074 0.000000 0.000000 0.000000 -9.561793 4.196991 -0.619044 -1.603196 -5.381414 0.040230 0.000000 0.000000 0.000000 -3.248605 -3.029440 0.140668 9.254931 6.450838 -0.253646 1.674000 -6.576063 0.293015 0.000000 0.000000 0.000000 116.981791 -4.975408 -19.631307 -90.847646 127.080452 115.885917 1.068257 -0.066031 -7.073922 0.000000 0.000000 0.000000 -6.629463 -0.282564 4.875795 2.946276 -0.069557 -2.704244 0.000000 0.000000 0.000000 7.111936 -3.074283 43.288765 0.000000 0.000000 0.000000 -97.260639 15.456670 -9.073190 -63.355506 46.927091 -31.462125 31.403055 -0.036139 -0.128557 0.000000 0.000000 0.000000 2.234649 0.316913 16.141505 -2.380746 0.099900 -4.804954 0.000000 0.000000 0.000000 1.798013 0.672877 -48.967601 0.000000 0.000000 0.000000
0.337147 0.964736 0.176919 0.000000 0.000000 0.000000 -46.736336 24.524083 11.400577 22.466862 -5.428289 -0.837712 -5.858477 -12.559000 -5.330208 -70.449160 60.347493 106.222354 -53.382470 35.441878 115.121258 0.000000 0.000000 0.000000 46.674887 24.644293 -10.055860 -19.725114 -35.056312 6.464395 -2.133038 -6.165280 2.116677 -55.264256 97.132701 56.760467 -3.008777 25.766397 13.100387 0.000000 0.000000 0.000000 -8.601076 4.502058 -0.543923 -1.412844 -5.286120 0.051671 0.000000 0.000000 0.000000 -3.335458 -3.014340 0.147868 8.758405 6.816546 -0.310926 1.638425 -6.587322 0.290118 0.000000 0.000000 0.000000 115.041800 -8.520143 -24.467267 -120.847646 157.080452 91.968110 4.777024 -0.106620 -2.555709 0.000000 0.000000 0.000000 -8.615949 -0.359857 4.774309 2.835648 -0.099424 -4.015376 0.000000 0.000000 0.000000 5.624607 -2.655677 39.478632 0.000000 0.000000 0.000000 -96.524863 17.556362 -13.895614 -33.355506 36.763439 -61.462125 33.586226 1.091407 3.615396 0.000000 0.000000 0.000000 0.008206 0.001188 16.476735 -2.014783 0.089016 -5.059000 0.000000 0.000000 0.000000 2.111420 0.789100 -49.019279 0.000000 0.000000 0.000000
0.324823 0.976865 0.176397 0.000000 0.000000 0.000000 -46.495320 24.374782 11.152785 21.765877 -4.828975 -0.775398 -5.309460 -12.850875 -5.382346 -80.764248 62.885010 111.736815 -73.671991 47.848809 118.726762 0.000000 0.000000 0.000000 47.380756 25.077147 -10.730767 -20.567839 -36.161961 6.399120 -1.309088 -6.096151 2.142047 -53.903904 98.283683 54.296998 -2.706065 26.078060 11.646836 0.000000 0.000000 0.000000 -7.624220 4.680326 -0.479785 -1.227738 -5.187143 0.062387 0.000000 0.000000 0.000000 -3.229900 -3.038490 0.138777 8.196834 7.307898 -0.382148 1.379886 -6.492564 0.263021 0.000000 0.000000 0.000000 113.999296 -9.286601 -25.731044 -124.294902 187.080452 93.196678 9.206252 0.067865 0.842897 0.000000 0.000000 0.000000 -10.952387 -0.432870 4.512874 2.909863 -0.121782 -4.792007 0.000000 0.000000 0.000000 4.012871 -1.979825 37.493495 0.000000 0.000000 0.000000 -96.626372 18.554051 -15.940064 -19.390661 32.275694 -91.462125 35.506098 1.766391 5.513370 0.000000 0.000000 0.000000 -0.830623 -0.120436 16.499843 -1.959824 0.090477 -5.285936 0.000000 0.000000 0.000000 2.430387 0.899788 -49.373300 0.000000 0.000000 0.000000
0.309263 0.979866 0.176981 0.000000 0.000000 0.000000 -46.369217 24.585014 11.667930 21.285987 -5.101732 -0.841194 -5.359855 -13.140073 -5.511143 -86.155483 62.828524 116.431249 -73.846071 52.365654 113.604956 0.000000 0.000000 0.000000 47.959540 25.121243 -10.616227 -21.452738 -36.266958 6.121939 -1.331689 -6.067340 2.130562 -47.735281 98.201651 49.033109 -2.637899 25.659114 11.545911 0.000000 0.000000 0.000000 -6.807503 4.767049 -0.431369 -1.053414 -5.108364 0.072454 0.000000 0.000000 0.000000 -2.951612 -3.069351 0.116893 7.616004 7.821647 -0.451398 0.938830 -6.321088 0.217503 0.000000 0.000000 0.000000 114.100828 -8.134770 -24.228991 -111.308590 217.080452 104.402190 12.255158 0.322972 3.007740 0.000000 0.000000 0.000000 -13.273843 -0.452510 3.887505 3.426301 -0.146029 -4.879491 0.000000 0.000000 0.000000 2.882855 -1.425288 37.391538 0.000000 0.000000 0.000000 -97.652155 18.530504 -15.266432 -19.863536 32.487957 -117.990479 37.403879 1.748660 5.162523 0.000000 0.000000 0.000000 -0.280569 -0.040186 16.302267 -2.339910 0.109501 -5.357880 0.000000 0.000000 0.000000 2.539060 0.928321 -49.838788 0.000000 0.000000 0.000000
0.292437 0.993261 0.174211 0.000000 0.000000 0.000000 -46.398691 25.169597 12.971211 20.976369 -6.218277 -1.042895 -6.069203 -13.569606 -5.791811 -86.251434 60.540853 119.814214 -58.393462 49.148096 101.411008 0.000000 0.000000 0.000000 48.500026 24.785732 -9.667037 -22.487700 -35.358644 5.621266 -2.219744 -6.004009 2.056139 -32.667075 97.042533 37.096561 -2.739967 24.372660 12.638427 0.000000 0.000000 0.000000 -6.083855 4.720902 -0.394340 -0.869081 -5.029722 0.082932 0.000000 0.000000 0.000000 -2.478908 -3.111756 0.080607 7.017767 8.416463 -0.525265 0.285034 -6.085104 0.152898 0.000000 0.000000 0.000000 115.064628 -5.054173 -20.086779 -81.308590 235.317722 131.963991 14.237670 0.591426 4.732906 0.000000 0.000000 0.000000 -15.868928 -0.279877 2.007889 4.446373 -0.160342 -4.128474 0.000000 0.000000 0.000000 1.827779 -0.875907 38.793638 0.000000 0.000000 0.000000 -99.729062 17.395206 -11.817093 -23.397509 37.217070 -116.818199 39.548608 0.761832 2.118840 0.000000 0.000000 0.000000 1.818192 0.248926 15.590332 -3.152891 0.142472 -5.173315 0.000000 0.000000 0.000000 2.389180 0.850742 -50.804891 0.000000 0.000000 0.000000
0.278445 1.002867 0.166113 0.000000 0.000000 0.000000 -46.400524 25.959611 14.763670 20.686445 -7.952730 -1.355324 -7.159248 -13.797637 -6.045851 -81.453897 57.312163 120.768477 -40.920605 40.579668 90.522295 0.000000 0.000000 0.000000 48.868135 24.225894 -8.272285 -23.250437 -33.819376 5.125146 -3.553305 -5.924898 1.952236 -8.571599 95.684747 17.051488 -2.820650 22.577000 14.062568 0.000000 0.000000 0.000000 -5.468183 4.660855 -0.363093 -0.744318 -4.977992 0.089913 0.000000 0.000000 0.000000 -1.941881 -3.178933 0.038909 6.371720 8.975820 -0.588308 -0.462153 -5.754156 0.081338 0.000000 0.000000 0.000000 115.592641 -0.789000 -14.616830 -51.647169 222.176596 158.858312 15.102690 1.122330 8.451221 0.000000 0.000000 0.000000 -17.761177 0.343288 -2.196798 5.285395 -0.122447 -2.652394 0.000000 0.000000 0.000000 0.491174 -0.231149 39.596403 0.000000 0.000000 0.000000 -101.861190 15.246445 -6.653914 -30.206947 45.238810 -114.134474 40.376430 -1.019118 -2.771174 0.000000 0.000000 0.000000 4.358546 0.566299 14.798808 -4.109931 0.175242 -4.880975 0.000000 0.000000 0.000000 1.703145 0.596973 -51.369956 0.000000 0.000000 0.000000
0.266446 1.004200 0.152161 0.000000 0.000000 0.000000 -46.495113 26.956414 17.032267 20.441644 -10.231433 -1.768006 -8.639483 -13.963163 -6.335356 -72.707793 53.388421 119.877346 -24.418893 28.359296 81.153859 0.000000 0.000000 0.000000 49.143792 23.453995 -6.440104 -23.958814 -31.644227 4.573375 -5.304344 -5.765868 1.802524 21.428401 95.212923 -12.948512 -2.775994 20.183314 15.505223 0.000000 0.000000 0.000000 -4.912964 4.577213 -0.335222 -0.627531 -4.926848 0.096286 0.000000 0.000000 0.000000 -1.291690 -3.260997 -0.010742 5.646567 9.524195 -0.642701 -1.337687 -5.355287 0.002880 0.000000 0.000000 0.000000 115.227394 4.645181 -7.719445 -35.907091 193.226730 175.697116 12.584869 1.670114 15.059803 0.000000 0.000000 0.000000 -17.013635 1.517013 -10.116542 5.562031 -0.005267 -0.108431 0.000000 0.000000 0.000000 -0.254241 0.122367 38.596735 0.000000 0.000000 0.000000 -103.757100 11.886079 0.295462 -47.123865 57.114663 -102.591000 38.879405 -3.843658 -10.862004 0.000000 0.000000 0.000000 7.926886 0.912746 13.116352 -5.469684 0.191698 -4.011455 0.000000 0.000000 0.000000 0.319975 0.111093 -51.706813 0.000000 0.000000 0.000000
0.257635 1.010411 0.132990 0.000000 0.000000 0.000000 -46.487410 28.000293 19.470985 20.131656 -12.764826 -2.244669 -10.293921 -13.866584 -6.534313 -62.066472 49.343877 117.691594 -11.715592 15.584248 73.720150 0.000000 0.000000 0.000000 49.154245 22.474123 -4.288667 -24.259210 -29.102223 4.109952 -7.225871 -5.367848 1.579584 51.428401 96.469735 -42.948512 -2.568869 17.521132 16.556381 0.000000 0.000000 0.000000 -4.520165 4.513168 -0.315143 -0.569476 -4.873331 0.098777 0.000000 0.000000 0.000000 -0.658233 -3.376429 -0.059512 5.000528 10.007108 -0.684659 -2.247421 -4.908238 -0.072236 0.000000 0.000000 0.000000 113.189098 10.351660 -0.069075 -34.750974 163.226730 187.839598 4.846974 0.907293 21.192784 0.000000 0.000000 0.000000 -10.202906 1.671433 -18.559989 4.208377 0.089125 2.425363 0.000000 0.000000 0.000000 1.280186 -0.641215 36.790998 0.000000 0.000000 0.000000 -104.306548 7.684964 8.137566 -77.123865 64.339579 -72.591000 31.982106 -6.499414 -22.413595 0.000000 0.000000 0.000000 12.002561 1.019845 9.678273 -6.859806 0.128874 -2.149990 0.000000 0.000000 0.000000 -1.840224 -0.643938 -51.430411 0.000000 0.000000 0.000000
0.250101 0.995144 0.111494 0.000000 0.000000 0.000000 -46.503040 29.150503 22.192337 19.840369 -15.519825 -2.775310 -12.216873 -13.709528 -6.743176 -50.209472 44.913302 114.791058 -2.088543 3.220255 65.924057 0.000000 0.000000 0.000000 49.070580 21.267106 -1.739634 -24.373934 -26.055165 3.636834 -9.436301 -4.784892 1.308074 81.428401 99.578792 -72.948512 -2.241040 14.458879 17.530847 0.000000 0.000000 0.000000 -4.239698 4.408562 -0.301892 -0.564573 -4.827967 0.098055 0.000000 0.000000 0.000000 0.025502 -3.566809 -0.112745 4.354556 10.473116 -0.719435 -3.293356 -4.386698 -0.149786 0.000000 0.000000 0.000000 109.262177 16.206631 8.981686 -64.750974 133.226730 217.839598 -8.183814 -1.668318 23.007829 0.000000 0.000000 0.000000 2.345186 -0.476565 -22.970356 1.905460 0.062110 3.733532 0.000000 0.000000 0.000000 6.114008 -3.114870 36.038134 0.000000 0.000000 0.000000 -103.244431 2.714372 17.325497 -107.123865 38.515014 -42.591000 13.341250 -4.416282 -36.493828 0.000000 0.000000 0.000000 15.897315 0.278183 1.992133 -7.361203 -0.111820 1.738168 0.000000 0.000000 0.000000 -4.842359 -1.782749 -49.596046 0.000000 0.000000 0.000000
0.247370 0.993503 0.090884 0.000000 0.000000 0.000000 -46.495780 30.285088 24.917545 19.508439 -18.379262 -3.349940 -14.176003 -13.246193 -6.797272 -38.746670 40.522938 111.330353 3.885908 -6.977382 58.187855 0.000000 0.000000 0.000000 48.852811 19.963212 0.866354 -24.141604 -22.953240 3.239532 -11.639839 -4.069414 1.028621 111.428401 103.314828 -88.837814 -1.809132 11.503179 17.817995 0.000000 0.000000 0.000000 -4.107319 4.325337 -0.296199 -0.610628 -4.796431 0.094449 0.000000 0.000000 0.000000 0.706966 -3.694519 -0.161973 3.790900 10.787296 -0.736723 -4.310976 -3.895316 -0.216398 0.000000 0.000000 0.000000 103.505887 20.909826 18.438525 -94.750974 127.597115 247.839598 -20.649559 -3.096121 16.876127 0.000000 0.000000 0.000000 14.802457 -2.436428 -18.594204 0.153125 0.004562 3.413287 0.000000 0.000000 0.000000 12.276283 -5.796579 39.580617 0.000000 0.000000 0.000000 -100.344548 -1.924429 26.732869 -137.123865 8.515014 -12.591000 -15.191134 4.746777 -34.532095 0.000000 0.000000 0.000000 13.525726 -1.211945 -10.193424 -4.589532 -0.267571 6.669617 0.000000 0.000000 0.000000 -6.681876 -2.752686 -45.258290 0.000000 0.000000 0.000000
0.246576 0.982711 0.074620 0.000000 0.000000 0.000000 -46.555290 31.393942 27.614401 19.238635 -21.206132 -3.928083 -16.104355 -12.680793 -6.777121 -28.439726 36.201057 107.719283 6.810203 -14.492249 50.155750 0.000000 0.000000 0.000000 48.595812 18.592286 3.496872 -23.803239 -19.824318 2.848736 -13.728941 -3.179501 0.742153 129.390063 107.383144 -96.249438 -1.359073 8.767706 17.589418 0.000000 0.000000 0.000000 -4.108768 4.246422 -0.298006 -0.679525 -4.753733 0.089200 0.000000 0.000000 0.000000 1.400652 -3.779843 -0.209662 3.301765 10.967996 -0.740917 -5.331976 -3.453487 -0.275801 0.000000 0.000000 0.000000 96.570656 24.081989 27.912889 -124.750974 157.553725 277.839598 -28.107371 -1.965793 7.841519 0.000000 0.000000 0.000000 21.934518 -2.086050 -10.734314 -0.282774 -0.007317 2.964554 0.000000 0.000000 0.000000 16.433715 -6.691043 45.921976 0.000000 0.000000 0.000000 -95.926911 -5.658981 36.085242 -122.733728 -21.484986 17.409000 -35.458187 3.512581 -10.957034 0.000000 0.000000 0.000000 2.467280 -0.399990 -18.414389 1.207232 0.092506 8.763346 0.000000 0.000000 0.000000 -5.200694 -2.422405 -40.072808 0.000000 0.000000 0.000000
0.246730 0.985454 0.065514 0.000000 0.000000 0.000000 -46.478777 32.365896 30.003792 18.945762 -23.807494 -4.486590 -17.865884 -11.913896 -6.602279 -19.893354 32.160309 104.330620 7.737098 -19.552309 42.856208 0.000000 0.000000 0.000000 48.132117 17.195656 5.938414 -23.133414 -16.944378 2.530244 -15.589945 -2.100711 0.454432 138.447212 111.313024 -101.913426 -0.954801 6.331968 17.133307 0.000000 0.000000 0.000000 -4.250744 4.242862 -0.306342 -0.786324 -4.727693 0.082001 0.000000 0.000000 0.000000 2.037024 -3.879968 -0.252790 2.885272 11.111714 -0.742380 -6.268283 -2.996967 -0.321670 0.000000 0.000000 0.000000 89.200989 25.525740 36.610029 -154.750974 181.013867 307.839598 -31.424777 -0.233592 0.830329 0.000000 0.000000 0.000000 24.194266 -0.777530 -3.626583 -0.067171 -0.001685 2.873349 0.000000 0.000000 0.000000 17.669053 -6.138893 51.930122 0.000000 0.000000 0.000000 -90.443477 -7.872759 44.458360 -92.733728 -51.484986 47.409000 -36.053603 -2.635892 8.087523 0.000000 0.000000 0.000000 -8.256752 1.365347 -18.748010 5.854230 0.403470 7.878311 0.000000 0.000000 0.000000 -2.383401 -1.189032 -36.977548 0.000000 0.000000 0.000000
0.250922 0.984953 0.060025 0.000000 0.000000 0.000000 -46.379972 33.229732 32.136927 18.773118 -26.105707 -4.975181 -19.443080 -11.181070 -6.396822 -12.900686 28.410662 101.229310 7.527459 -22.791725 36.150729 0.000000 0.000000 0.000000 47.606210 15.807542 8.207328 -22.350459 -14.289376 2.229723 -17.252304 -0.937952 0.188683 145.651354 115.218584 -106.306132 -0.597964 4.096980 16.600825 0.000000 0.000000 0.000000 -4.521778 4.251194 -0.321898 -0.928128 -4.724584 0.073134 0.000000 0.000000 0.000000 2.686358 -3.998989 -0.295779 2.510545 11.190275 -0.738583 -7.182601 -2.531727 -0.358492 0.000000 0.000000 0.000000 82.250062 25.647136 44.149999 -184.750974 197.758555 306.881180 -33.523024 1.169634 -3.882090 0.000000 0.000000 0.000000 24.017348 0.311671 1.465129 0.268062 0.007626 3.259186 0.000000 0.000000 0.000000 17.057204 -5.120388 56.794281 0.000000 0.000000 0.000000 -84.820845 -8.798071 51.708265 -62.733728 -31.679922 77.409000 -31.713028 -5.236771 18.292785 0.000000 0.000000 0.000000 -15.462919 2.183608 -15.981320 8.694070 0.487291 6.403743 0.000000 0.000000 0.000000 0.093927 0.048925 -34.970830 0.000000 0.000000 0.000000
0.257893 0.984445 0.051720 0.000000 0.000000 0.000000 -46.129271 33.997208 34.015476 18.501807 -28.275571 -5.475310 -20.904111 -10.251530 -6.037599 -6.989012 24.825336 98.238212 6.744732 -24.713186 30.110891 0.000000 0.000000 0.000000 46.926861 14.377914 10.324441 -21.272049 -11.874612 1.965003 -18.764002 0.366559 -0.068719 151.721218 119.075122 -110.182719 -0.295495 2.109527 15.946077 0.000000 0.000000 0.000000 -4.904016 4.295925 -0.342824 -1.100785 -4.710411 0.062161 0.000000 0.000000 0.000000 3.235436 -4.068370 -0.330981 2.236256 11.245547 -0.735295 -8.001536 -2.085012 -0.383739 0.000000 0.000000 0.000000 75.782720 24.775512 50.600697 -198.514553 209.248140 296.017660 -36.266409 2.589009 -7.894399 0.000000 0.000000 0.000000 22.422539 0.982052 4.951646 0.793515 0.027871 4.023164 0.000000 0.000000 0.000000 15.454725 -4.024294 60.967716 0.000000 0.000000 0.000000 -79.207840 -8.658701 57.883873 -32.733728 -13.327851 107.409000 -28.716903 -6.333274 24.391010 0.000000 0.000000 0.000000 -20.205223 2.274193 -12.713133 10.529876 0.458955 4.977416 0.000000 0.000000 0.000000 2.358248 1.266284 -33.536797 0.000000 0.000000 0.000000
0.273243 0.981203 0.044083 0.000000 0.000000 0.000000 -45.831267 34.655329 35.605276 18.333694 -30.226214 -5.916806 -22.181736 -9.301569 -5.616890 -2.082745 21.459886 95.478512 5.766929 -25.760465 24.844293 0.000000 0.000000 0.000000 46.171150 12.956802 12.248818 -20.070838 -9.691762 1.706685 -20.067935 1.735580 -0.304992 156.844277 122.889953 -113.598028 -0.032995 0.246709 15.234956 0.000000 0.000000 0.000000 -5.410008 4.363183 -0.369805 -1.310823 -4.692624 0.048861 0.000000 0.000000 0.000000 3.737014 -4.111004 -0.362583 2.044755 11.243104 -0.729610 -8.751066 -1.657038 -0.400216 0.000000 0.000000 0.000000 70.069029 23.300468 55.973260 -209.153757 216.301761 283.154519 -39.722688 4.149262 -11.453150 0.000000 0.000000 0.000000 20.051342 1.226634 6.930211 1.271181 0.056845 5.120756 0.000000 0.000000 0.000000 12.959487 -2.970795 64.278462 0.000000 0.000000 0.000000 -74.117512 -7.794249 62.770646 -2.733728 -1.192996 129.459034 -27.662513 -7.184285 28.609119 0.000000 0.000000 0.000000 -23.123976 1.981287 -9.662689 11.602975 0.385840 3.796164 0.000000 0.000000 0.000000 4.351996 2.399121 -32.283041 0.000000 0.000000 0.000000
0.288781 0.983286 0.035032 0.000000 0.000000 0.000000 -45.298220 35.213228 36.886292 18.031753 -32.038902 -6.379186 -23.362591 -8.169540 -5.047219 1.958331 18.329161 92.590132 4.868456 -26.315194 20.613367 0.000000 0.000000 0.000000 45.236605 11.519302 13.942498 -18.688803 -7.946008 1.497350 -21.126911 3.315788 -0.551249 161.130108 126.445821 -116.858187 0.171694 -1.340889 14.592822 0.000000 0.000000 0.000000 -6.023722 4.548026 -0.397760 -1.544190 -4.623997 0.033468 0.000000 0.000000 0.000000 4.135975 -4.163935 -0.387364 1.941154 11.258031 -0.727802 -9.401946 -1.203777 -0.405022 0.000000 0.000000 0.000000 64.959566 21.335424 60.256005 -220.283213 219.881996 269.376896 -43.322632 6.244379 -15.640058 0.000000 0.000000 0.000000 17.778929 1.207829 7.710950 1.413124 0.079581 6.446192 0.000000 0.000000 0.000000 9.977638 -2.047256 66.864128 0.000000 0.000000 0.000000 -69.396818 -6.399357 66.555724 3.829864 7.157501 123.743243 -27.520319 -8.143763 32.417929 0.000000 0.000000 0.000000 -24.678606 1.536273 -7.014483 12.158849 0.292631 2.747032 0.000000 0.000000 0.000000 6.229320 3.500014 -31.373120 0.000000 0.000000 0.000000
0.298893 0.979987 0.027277 0.000000 0.000000 0.000000 -44.447882 35.693398 37.882018 17.585968 -33.703460 -6.868969 -24.452013 -6.867990 -4.332483 5.498464 15.170591 89.280162 4.020645 -26.725364 16.811091 0.000000 0.000000 0.000000 44.067581 10.014260 15.436798 -17.104283 -6.614039 1.340801 -21.970958 5.183338 -0.822855 165.064311 130.113549 -120.276834 0.348648 -2.842838 13.980958 0.000000 0.000000 0.000000 -6.774880 4.850749 -0.425837 -1.823491 -4.509725 0.015035 0.000000 0.000000 0.000000 4.489537 -4.239229 -0.408794 1.899548 11.284376 -0.728645 -9.984588 -0.697523 -0.398318 0.000000 0.000000 0.000000 60.261248 18.990944 63.669043 -231.353343 220.691014 255.285930 -46.934562 9.109797 -20.796799 0.000000 0.000000 0.000000 15.762481 1.047658 7.557498 1.171754 0.079924 7.803799 0.000000 0.000000 0.000000 6.550031 -1.231873 68.719317 0.000000 0.000000 0.000000 -64.907056 -4.606285 69.420816 7.665900 12.684046 117.836633 -27.961725 -9.329243 36.289942 0.000000 0.000000 0.000000 -25.160504 1.049971 -4.702405 12.299160 0.199712 1.853415 0.000000 0.000000 0.000000 7.914311 4.509360 -30.706357 0.000000 0.000000 0.000000
0.303932 0.979693 0.020795 0.000000 0.000000 0.000000 -43.316645 36.109974 38.626183 16.955527 -35.227113 -7.406052 -25.561188 -5.394470 -3.475414 8.369569 12.193021 86.024143 3.240210 -26.731100 13.577090 0.000000 0.000000 0.000000 42.796344 8.460536 16.800438 -15.418813 -5.575971 1.215712 -22.648645 7.126783 -1.088829 168.395862 133.733599 -123.407337 0.500110 -4.251217 13.412780 0.000000 0.000000 0.000000 -7.577797 5.260292 -0.446971 -2.131050 -4.346548 -0.004957 0.000000 0.000000 0.000000 4.779960 -4.395233 -0.425072 1.940780 11.313729 -0.732127 -10.470336 -0.194719 -0.383110 0.000000 0.000000 0.000000 55.998759 16.462669 66.374179 -240.521726 219.093230 242.642906 -49.975090 12.778918 -27.022005 0.000000 0.000000 0.000000 14.718392 0.937045 7.245787 0.460097 0.035957 8.937211 0.000000 0.000000 0.000000 3.044131 -0.531533 70.195398 0.000000 0.000000 0.000000 -60.804681 -2.649451 71.436528 10.906880 16.189074 112.256343 -28.550529 -10.587494 40.019722 0.000000 0.000000 0.000000 -24.931123 0.643746 -2.911435 12.177231 0.131274 1.230630 0.000000 0.000000 0.000000 9.326362 5.381678 -30.099902 0.000000 0.000000 0.000000
0.304577 0.976203 0.018902 0.000000 0.000000 0.000000 -41.922912 36.441754 39.074948 16.236295 -36.601445 -7.961226 -26.677558 -3.766393 -2.478214 10.667617 9.365418 82.636442 2.569190 -26.653143 10.815554 0.000000 0.000000 0.000000 41.394841 6.884927 17.969182 -13.652415 -4.872503 1.141133 -23.124507 9.172627 -1.363523 171.304557 137.367780 -126.466383 0.641956 -5.696857 12.848247 0.000000 0.000000 0.000000 -8.450030 5.793101 -0.458132 -2.484744 -4.122692 -0.027082 0.000000 0.000000 0.000000 5.017042 -4.616500 -0.436605 2.043750 11.332419 -0.736615 -10.887554 0.327769 -0.359923 0.000000 0.000000 0.000000 52.120640 13.839284 68.417757 -247.501857 215.981986 231.839462 -51.814552 17.050072 -34.300712 0.000000 0.000000 0.000000 14.381445 0.894128 7.078105 -0.605581 -0.051442 9.710707 0.000000 0.000000 0.000000 -0.580895 0.097115 71.018070 0.000000 0.000000 0.000000 -57.054338 -0.645127 72.693731 13.316300 18.050996 107.375402 -29.364112 -11.932904 43.492731 0.000000 0.000000 0.000000 -24.097518 0.351633 -1.647300 11.886816 0.093088 0.894150 0.000000 0.000000 0.000000 10.466025 6.108812 -29.549128 0.000000 0.000000 0.000000
0.304678 0.976213 0.023663 0.000000 0.000000 0.000000 -40.536189 36.758776 39.464804 15.381720 -37.894336 -8.567831 -27.689859 -2.215945 -1.486065 12.528111 6.731436 79.588057 2.014075 -26.359664 8.585456 0.000000 0.000000 0.000000 40.052901 5.396040 18.956386 -11.974211 -4.494018 1.122097 -23.506813 11.165145 -1.623226 173.632516 140.785891 -129.028539 0.752176 -6.936033 12.363650 0.000000 0.000000 0.000000 -9.348559 6.442383 -0.454255 -2.844726 -3.881066 -0.048221 0.000000 0.000000 0.000000 5.202954 -4.855635 -0.444082 2.244804 11.324980 -0.741939 -11.204868 0.805284 -0.333568 0.000000 0.000000 0.000000 48.730873 11.350905 70.042668 -252.151398 212.143669 223.151611 -52.044929 21.523898 -42.543705 0.000000 0.000000 0.000000 14.328103 0.942394 7.487142 -1.861672 -0.160061 9.827247 0.000000 0.000000 0.000000 -4.318477 0.710968 71.310525 0.000000 0.000000 0.000000 -53.909865 1.140440 73.354589 14.563144 18.430145 103.552039 -30.374133 -13.361771 46.681616 0.000000 0.000000 0.000000 -22.939238 0.165629 -0.816295 11.499844 0.066499 0.660402 0.000000 0.000000 0.000000 11.363764 6.715848 -28.942187 0.000000 0.000000 0.000000
0.306954 0.964748 0.029032 0.000000 0.000000 0.000000 -39.074968 37.048584 39.752483 14.366203 -39.077439 -9.231711 -28.606680 -0.726504 -0.495653 13.989059 4.278443 76.608438 1.549605 -26.068728 6.686566 0.000000 0.000000 0.000000 38.676904 3.967869 19.743163 -10.338277 -4.507735 1.194164 -23.730120 13.140853 -1.886508 175.560000 144.019336 -131.353935 0.860168 -8.176079 11.991456 0.000000 0.000000 0.000000 -10.314527 7.266037 -0.428945 -3.247827 -3.603686 -0.070087 0.000000 0.000000 0.000000 5.343055 -5.147102 -0.447497 2.544005 11.299608 -0.748626 -11.423456 1.281346 -0.302271 0.000000 0.000000 0.000000 45.624273 8.915600 71.354273 -255.293708 207.852152 215.638545 -50.375843 26.093013 -52.459551 0.000000 0.000000 0.000000 14.450194 1.113974 8.770169 -3.242623 -0.264717 9.331725 0.000000 0.000000 0.000000 -8.154833 1.366814 71.001099 0.000000 0.000000 0.000000 -51.191248 2.738515 73.490477 14.586101 17.600181 100.839618 -31.815866 -14.982636 49.535884 0.000000 0.000000 0.000000 -21.416677 0.062255 -0.329212 10.991484 0.066295 0.689032 0.000000 0.000000 0.000000 11.943269 7.174870 -28.127059 0.000000 0.000000 0.000000
0.319882 0.961489 0.030106 0.000000 0.000000 0.000000 -37.602103 37.295444 39.925596 13.333815 -40.123829 -9.893360 -29.547941 0.809594 0.562142 15.160036 2.025469 73.928567 1.176892 -25.672684 5.161630 0.000000 0.000000 0.000000 37.356057 2.622650 20.392849 -8.739755 -4.729117 1.323765 -23.966073 15.160653 -2.147567 177.180134 147.133846 -133.418888 0.930973 -9.149102 11.596067 0.000000 0.000000 0.000000 -11.250139 8.091197 -0.388589 -3.629148 -3.325495 -0.088913 0.000000 0.000000 0.000000 5.428245 -5.438336 -0.447390 2.919733 11.220010 -0.752703 -11.548282 1.641109 -0.276549 0.000000 0.000000 0.000000 42.936264 6.693324 72.213785 -257.078155 203.794423 209.630202 -46.581782 29.334168 -62.599118 0.000000 0.000000 0.000000 14.325810 1.282749 10.180701 -4.436481 -0.331439 8.540764 0.000000 0.000000 0.000000 -11.659067 2.078657 69.848486 0.000000 0.000000 0.000000 -48.855161 4.119073 73.393051 14.052348 16.375908 98.835954 -33.262843 -16.509617 51.810218 0.000000 0.000000 0.000000 -19.930481 0.023268 -0.132430 10.473773 0.071200 0.776805 0.000000 0.000000 0.000000 12.322370 7.510228 -27.400884 0.000000 0.000000 0.000000
0.341871 0.947636 0.030451 0.000000 0.000000 0.000000 -36.094541 37.485820 39.958806 12.274484 -41.059846 -10.560111 -30.508355 2.386002 1.686642 16.082997 -0.070826 71.369042 0.858122 -25.231448 3.832716 0.000000 0.000000 0.000000 36.018501 1.355741 20.868827 -7.185126 -5.220948 1.538316 -24.116497 17.254778 -2.425117 178.564504 150.145941 -135.343219 0.986567 -10.027540 11.209772 0.000000 0.000000 0.000000 -12.172361 8.982743 -0.327951 -4.009725 -3.031544 -0.105740 0.000000 0.000000 0.000000 5.450219 -5.753307 -0.443384 3.381537 11.104208 -0.755360 -11.562360 1.923647 -0.254230 0.000000 0.000000 0.000000 40.536292 4.641505 72.735826 -258.058839 199.937263 204.467128 -41.054875 31.045348 -73.135682 0.000000 0.000000 0.000000 13.968765 1.475268 11.998851 -5.429512 -0.349712 7.365129 0.000000 0.000000 0.000000 -14.635036 2.853162 68.049374 0.000000 0.000000 0.000000 -46.849378 5.297504 73.033287 12.898339 14.712662 97.591742 -34.761869 -17.954283 53.559144 0.000000 0.000000 0.000000 -18.399899 0.020218 -0.124829 9.960457 0.083087 0.953458 0.000000 0.000000 0.000000 12.539048 7.752073 -26.675220 0.000000 0.000000 0.000000
0.371565 0.947230 0.036139 0.000000 0.000000 0.000000 -34.681079 37.613516 39.880859 11.309333 -41.742484 -11.138649 -31.338517 3.726179 2.674957 16.803066 -1.884071 69.246763 0.630991 -24.873099 2.860644 0.000000 0.000000 0.000000 34.835392 0.261535 21.215113 -5.797428 -5.803141 1.786803 -24.297842 19.147371 -2.664630 179.626311 152.741367 -136.936797 1.024959 -10.740217 10.871207 0.000000 0.000000 0.000000 -12.983110 9.756509 -0.263390 -4.356425 -2.759363 -0.119326 0.000000 0.000000 0.000000 5.415747 -6.039438 -0.437138 3.852270 10.995657 -0.757997 -11.530735 2.154055 -0.235260 0.000000 0.000000 0.000000 38.561921 2.923513 72.938304 -258.370954 196.790881 200.524671 -35.757333 31.223098 -81.798924 0.000000 0.000000 0.000000 13.466017 1.599657 13.488098 -6.072502 -0.336862 6.344354 0.000000 0.000000 0.000000 -16.685450 3.550566 66.131683 0.000000 0.000000 0.000000 -45.181908 6.261262 72.659717 11.726411 13.178219 96.725052 -36.024702 -19.134348 54.800603 0.000000 0.000000 0.000000 -17.149521 0.020594 -0.136581 9.516658 0.090294 1.084712 0.000000 0.000000 0.000000 12.594273 7.879629 -26.062223 0.000000 0.000000 0.000000
0.403812 0.929839 0.047389 0.000000 0.000000 0.000000 -33.148899 37.654019 39.602878 10.288274 -42.181782 -11.682619 -32.049610 4.989283 3.629307 17.381112 -3.614583 67.149925 0.432348 -24.500958 1.991002 0.000000 0.000000 0.000000 33.615988 -0.736031 21.383415 -4.449256 -6.636392 2.129701 -24.400840 21.025775 -2.912156 180.511433 155.131885 -138.492161 1.055535 -11.397365 10.547962 0.000000 0.000000 0.000000 -13.696066 10.512942 -0.189014 -4.700984 -2.488973 -0.131200 0.000000 0.000000 0.000000 5.322149 -6.342653 -0.428235 4.361688 10.902989 -0.762299 -11.430719 2.350355 -0.218112 0.000000 0.000000 0.000000 36.794708 1.384753 72.771322 -258.514567 194.128037 197.244140 -31.043640 30.620813 -89.175031 0.000000 0.000000 0.000000 13.051176 1.727965 15.020693 -6.527215 -0.306238 5.366583 0.000000 0.000000 0.000000 -18.006097 4.115095 64.448166 0.000000 0.000000 0.000000 -43.622844 7.143514 72.180328 10.521371 11.696610 96.093703 -37.103471 -20.143107 55.779745 0.000000 0.000000 0.000000 -15.987233 0.025735 -0.183263 9.097379 0.093015 1.169121 0.000000 0.000000 0.000000 12.565591 7.942895 -25.529815 0.000000 0.000000 0.000000
0.431584 0.921747 0.058164 0.000000 0.000000 0.000000 -31.769895 37.650770 39.285111 9.451912 -42.503054 -12.124652 -32.722090 6.099869 4.492755 17.820294 -5.068163 65.435332 0.288027 -24.246521 1.340812 0.000000 0.000000 0.000000 32.597441 -1.573661 21.508185 -3.382415 -7.420484 2.458412 -24.533360 22.711514 -3.124428 181.182616 157.136167 -139.819311 1.077704 -11.955947 10.264490 0.000000 0.000000 0.000000 -14.252707 11.157041 -0.118036 -4.991388 -2.241685 -0.139639 0.000000 0.000000 0.000000 5.206994 -6.605128 -0.419530 4.844815 10.752747 -0.759142 -11.282070 2.478108 -0.205992 0.000000 0.000000 0.000000 35.301195 0.097178 72.493036 -258.360060 191.886043 194.557806 -27.040554 29.284606 -94.751569 0.000000 0.000000 0.000000 12.627838 1.795533 16.121701 -6.795403 -0.272424 4.586089 0.000000 0.000000 0.000000 -18.805830 4.561422 62.954453 0.000000 0.000000 0.000000 -42.308703 7.869522 71.703678 9.531942 10.526180 95.704374 -37.908656 -20.975832 56.651603 0.000000 0.000000 0.000000 -15.077269 0.008752 -0.066130 8.734247 0.093786 1.228028 0.000000 0.000000 0.000000 12.474509 7.954524 -25.073940 0.000000 0.000000 0.000000
0.454139 0.910144 0.069213 0.000000 0.000000 0.000000 -30.414414 37.554915 38.810571 8.791199 -42.668077 -12.450524 -33.364457 7.117124 5.304541 18.154331 -6.343607 63.910626 0.157609 -24.023209 0.740744 0.000000 0.000000 0.000000 31.667614 -2.266391 21.526421 -2.563818 -8.233589 2.794069 -24.599177 24.257688 -3.328904 181.711261 158.869717 -141.100450 1.097380 -12.433089 10.048926 0.000000 0.000000 0.000000 -14.623129 11.731608 -0.050137 -5.256872 -2.004574 -0.146058 0.000000 0.000000 0.000000 5.040209 -6.851810 -0.409558 5.319208 10.557634 -0.749657 -11.084658 2.567334 -0.196515 0.000000 0.000000 0.000000 33.993374 -1.002213 71.998128 -258.116972 190.086778 192.413584 -23.892003 27.718658 -98.771737 0.000000 0.000000 0.000000 12.317137 1.852971 17.047157 -6.929338 -0.237885 3.927611 0.000000 0.000000 0.000000 -19.225069 4.874600 61.784914 0.000000 0.000000 0.000000 -41.110510 8.513072 71.181123 8.817144 9.701656 95.492859 -38.309647 -21.621443 57.598790 0.000000 0.000000 0.000000 -14.314645 -0.025315 0.201598 8.425289 0.087265 1.184700 0.000000 0.000000 0.000000 12.403474 7.957932 -24.752510 0.000000 0.000000 0.000000
0.472007 0.907615 0.081740 0.000000 0.000000 0.000000 -29.299117 37.469025 38.421706 8.211418 -42.705445 -12.704163 -33.828951 7.872973 5.918360 18.465625 -7.446395 62.744139 0.051798 -23.908682 0.244651 0.000000 0.000000 0.000000 30.974846 -2.823217 21.577116 -2.028144 -8.893365 3.065212 -24.718046 25.567428 -3.487041 182.065066 160.138664 -142.093957 1.114754 -12.830342 9.890239 0.000000 0.000000 0.000000 -14.804016 12.133067 -0.001236 -5.425850 -1.833105 -0.149169 0.000000 0.000000 0.000000 4.876057 -7.025953 -0.401223 5.702709 10.382204 -0.738821 -10.898601 2.583908 -0.192882 0.000000 0.000000 0.000000 32.959747 -1.853957 71.558113 -257.785256 188.799018 190.896143 -21.585654 26.281636 -101.533286 0.000000 0.000000 0.000000 12.165712 1.898102 17.671624 -6.988097 -0.212063 3.472061 0.000000 0.000000 0.000000 -19.359835 5.062825 60.938784 0.000000 0.000000 0.000000 -40.192580 8.997402 70.794110 8.466318 9.289125 95.327721 -38.433889 -22.201086 58.748534 0.000000 0.000000 0.000000 -13.752924 -0.066946 0.555119 8.190881 0.078142 1.091324 0.000000 0.000000 0.000000 12.385181 7.978912 -24.537494 0.000000 0.000000 0.000000
0.486587 0.890196 0.097397 0.000000 0.000000 0.000000 -28.339907 37.350243 38.016917 7.763406 -42.569205 -12.846573 -34.142714 8.382935 6.338228 18.812469 -8.486925 61.854137 -0.045252 -23.828031 -0.214476 0.000000 0.000000 0.000000 30.477035 -3.241595 21.628629 -1.802722 -9.528463 3.305977 -24.819576 26.719960 -3.625321 182.276580 160.967010 -142.914059 1.137559 -13.191304 9.814427 0.000000 0.000000 0.000000 -14.752318 12.364685 0.025473 -5.549196 -1.712228 -0.151209 0.000000 0.000000 0.000000 4.691850 -7.143918 -0.393218 6.020070 10.200734 -0.724812 -10.698458 2.537098 -0.193723 0.000000 0.000000 0.000000 32.150810 -2.502289 71.121662 -257.509797 187.971518 189.921748 -20.115051 25.246605 -103.244325 0.000000 0.000000 0.000000 12.305503 1.967811 18.103853 -7.005147 -0.194953 3.184282 0.000000 0.000000 0.000000 -19.208721 5.098864 60.516076 0.000000 0.000000 0.000000 -39.496075 9.359061 70.494427 8.410741 9.210283 95.216419 -38.347620 -22.764772 60.137498 0.000000 0.000000 0.000000 -13.314526 -0.111910 0.958795 7.982804 0.064463 0.923838 0.000000 0.000000 0.000000 12.359340 7.972538 -24.469550 0.000000 0.000000 0.000000
0.499983 0.883240 0.112251 0.000000 0.000000 0.000000 -27.730435 37.274758 37.766051 7.351973 -42.349687 -12.945170 -34.252688 8.680181 6.576410 19.098817 -9.233532 61.348455 -0.107596 -23.788595 -0.510830 0.000000 0.000000 0.000000 30.258991 -3.493464 21.723471 -1.853212 -9.941891 3.445129 -25.024789 27.410593 -3.671713 182.371213 161.366579 -143.385222 1.157537 -13.453342 9.790655 0.000000 0.000000 0.000000 -14.539095 12.434586 0.030672 -5.558891 -1.669317 -0.150663 0.000000 0.000000 0.000000 4.543463 -7.164253 -0.387673 6.232027 9.998892 -0.705540 -10.536602 2.399855 -0.201347 0.000000 0.000000 0.000000 31.681952 -2.870534 70.840756 -257.267677 187.568576 189.461749 -19.118270 24.526682 -104.466476 0.000000 0.000000 0.000000 12.202041 1.983977 18.403398 -6.989726 -0.180490 2.954683 0.000000 0.000000 0.000000 -19.198262 5.149064 60.222456 0.000000 0.000000 0.000000 -39.128593 9.550749 70.368414 8.557363 9.366708 95.191840 -38.203684 -23.322222 61.584349 0.000000 0.000000 0.000000 -12.949852 -0.169957 1.497433 7.797782 0.053027 0.778034 0.000000 0.000000 0.000000 12.389251 8.018527 -24.295540 0.000000 0.000000 0.000000
0.509553 0.870602 0.126900 0.000000 0.000000 0.000000 -27.351691 37.190912 37.547473 6.972883 -42.026297 -12.993996 -34.130196 8.831576 6.676487 19.325106 -9.762829 61.064960 -0.151927 -23.823976 -0.720190 0.000000 0.000000 0.000000 30.213056 -3.609641 21.810812 -2.187983 -10.182771 3.495656 -25.198582 27.753575 -3.675837 182.370440 161.401988 -143.731838 1.189496 -13.705611 9.873662 0.000000 0.000000 0.000000 -14.113213 12.378327 0.018279 -5.477905 -1.688604 -0.148182 0.000000 0.000000 0.000000 4.395395 -7.125606 -0.382611 6.359228 9.782889 -0.682513 -10.391641 2.199254 -0.213266 0.000000 0.000000 0.000000 31.409716 -3.076247 70.621018 -257.091165 187.517810 189.427994 -18.481935 24.041570 -105.235041 0.000000 0.000000 0.000000 11.939634 1.964002 18.617676 -6.929836 -0.171085 2.825034 0.000000 0.000000 0.000000 -19.273106 5.195221 60.080693 0.000000 0.000000 0.000000 -39.013994 9.606370 70.283754 8.950094 9.799348 95.210004 -38.052601 -23.938331 63.162979 0.000000 0.000000 0.000000 -12.596048 -0.239009 2.165348 7.605876 0.040725 0.612667 0.000000 0.000000 0.000000 12.411632 8.072289 -24.040167 0.000000 0.000000 0.000000
0.513422 0.871194 0.137387 0.000000 0.000000 0.000000 -27.305834 37.144127 37.456709 6.649444 -41.617851 -12.989125 -33.824837 8.730096 6.563229 19.527114 -10.004361 61.196491 -0.171935 -23.895604 -0.812515 0.000000 0.000000 0.000000 30.508186 -3.540530 21.975732 -2.909994 -10.110131 3.399462 -25.383766 27.590220 -3.607174 182.245934 160.923745 -143.676904 1.223494 -13.848959 10.048863 0.000000 0.000000 0.000000 -13.478176 12.111533 -0.018840 -5.298411 -1.758422 -0.143088 0.000000 0.000000 0.000000 4.266673 -6.943399 -0.379014 6.348784 9.536940 -0.653609 -10.298194 1.897816 -0.232548 0.000000 0.000000 0.000000 31.524840 -2.977540 70.607675 -257.040499 187.946491 189.973637 -18.607684 24.403189 -105.703465 0.000000 0.000000 0.000000 11.653915 1.907468 18.529715 -6.859531 -0.169159 2.821939 0.000000 0.000000 0.000000 -19.309698 5.201367 60.102094 0.000000 0.000000 0.000000 -39.206714 9.513904 70.440162 9.537825 10.429516 95.139854 -37.942536 -24.593852 64.756745 0.000000 0.000000 0.000000 -12.308352 -0.294107 2.727104 7.443920 0.029619 0.455305 0.000000 0.000000 0.000000 12.481815 8.134993 -23.931261 0.000000 0.000000 0.000000
0.511087 0.882263 0.144096 0.000000 0.000000 0.000000 -27.584883 37.135741 37.492703 6.379792 -41.177114 -12.949234 -33.384569 8.425670 6.283568 19.766807 -10.070479 61.710524 -0.166451 -23.998582 -0.783129 0.000000 0.000000 0.000000 31.146393 -3.294303 22.229751 -4.060786 -9.756607 3.171249 -25.628138 27.018522 -3.470001 182.014649 160.024294 -143.237793 1.271151 -13.968131 10.348747 0.000000 0.000000 0.000000 -12.579358 11.631918 -0.076099 -5.024439 -1.903731 -0.135518 0.000000 0.000000 0.000000 4.151740 -6.637729 -0.376161 6.224903 9.233058 -0.616787 -10.230295 1.476315 -0.260082 0.000000 0.000000 0.000000 32.026749 -2.572899 70.788448 -257.102863 188.816619 191.051104 -19.483934 25.632312 -105.916403 0.000000 0.000000 0.000000 11.234743 1.805642 18.204847 -6.777133 -0.173349 2.927026 0.000000 0.000000 0.000000 -19.388791 5.181292 60.330877 0.000000 0.000000 0.000000 -39.711362 9.267386 70.833823 10.303752 11.225176 94.930318 -38.152840 -25.458721 66.307113 0.000000 0.000000 0.000000 -12.012653 -0.342880 3.257954 7.259678 0.020436 0.322138 0.000000 0.000000 0.000000 12.535562 8.191098 -23.796847 0.000000 0.000000 0.000000
0.505526 0.882977 0.147999 0.000000 0.000000 0.000000 -28.117154 37.114335 37.552253 6.212373 -40.622121 -12.827457 -32.668794 7.909169 5.821416 19.868120 -9.800777 62.418128 -0.130994 -24.142072 -0.612538 0.000000 0.000000 0.000000 31.894351 -2.929695 22.445350 -5.355056 -9.241160 2.887928 -25.662507 25.994273 -3.325767 181.682395 158.790733 -142.634912 1.302367 -13.913008 10.643656 0.000000 0.000000 0.000000 -11.657638 11.081453 -0.131930 -4.714380 -2.036147 -0.125683 0.000000 0.000000 0.000000 4.061305 -6.245988 -0.374108 5.992623 8.962409 -0.583561 -10.219193 1.049907 -0.288925 0.000000 0.000000 0.000000 32.715780 -2.019513 71.100548 -257.126330 189.944980 192.456417 -20.470374 27.121521 -106.363044 0.000000 0.000000 0.000000 10.744281 1.691860 17.846969 -6.704085 -0.180081 3.073842 0.000000 0.000000 0.000000 -19.494875 5.152596 60.644844 0.000000 0.000000 0.000000 -40.450610 8.888625 71.274723 10.797214 11.766458 94.951200 -38.719112 -26.393521 67.435809 0.000000 0.000000 0.000000 -11.799655 -0.369132 3.570979 7.075144 0.017013 0.275193 0.000000 0.000000 0.000000 12.398284 8.097144 -23.821835 0.000000 0.000000 0.000000
0.497019 0.896930 0.150176 0.000000 0.000000 0.000000 -28.941728 37.104424 37.687765 6.088525 -40.028223 -12.673973 -31.723020 7.220085 5.222379 19.925080 -9.338990 63.341528 -0.066972 -24.251784 -0.311710 0.000000 0.000000 0.000000 32.803503 -2.465774 22.683619 -6.885212 -8.482314 2.526025 -25.589596 24.598822 -3.157696 181.261222 157.318224 -141.799793 1.334372 -13.788172 11.002768 0.000000 0.000000 0.000000 -10.658865 10.415566 -0.187644 -4.350397 -2.183753 -0.113145 0.000000 0.000000 0.000000 3.999807 -5.744199 -0.373205 5.607980 8.701180 -0.551610 -10.286637 0.556113 -0.324662 0.000000 0.000000 0.000000 33.577713 -1.326556 71.582957 -257.064813 191.369315 194.249729 -21.745094 29.115393 -107.025482 0.000000 0.000000 0.000000 10.182266 1.556927 17.343005 -6.641293 -0.192239 3.312337 0.000000 0.000000 0.000000 -19.591441 5.119801 60.964340 0.000000 0.000000 0.000000 -41.422348 8.377768 71.824493 11.172481 12.214603 95.138272 -39.754275 -27.508077 68.197754 0.000000 0.000000 0.000000 -11.659066 -0.381705 3.737331 6.855992 0.015151 0.252938 0.000000 0.000000 0.000000 12.116681 7.896422 -23.928309 0.000000 0.000000 0.000000
0.485811 0.895252 0.150225 0.000000 0.000000 0.000000 -29.999249 37.072026 37.829100 6.245710 -39.455942 -12.418210 -30.702724 6.425292 4.560386 19.776996 -8.491584 64.418330 0.025088 -24.492862 0.115582 0.000000 0.000000 0.000000 33.679655 -1.875548 22.748539 -8.375478 -7.695685 2.182454 -25.364935 22.910588 -2.981212 180.731707 155.590284 -140.898507 1.351668 -13.520307 11.365980 0.000000 0.000000 0.000000 -9.775946 9.796831 -0.229091 -3.970541 -2.344133 -0.099106 0.000000 0.000000 0.000000 3.938502 -5.232437 -0.371799 5.272880 8.483849 -0.526350 -10.312778 0.073927 -0.358731 0.000000 0.000000 0.000000 34.668257 -0.423068 72.042072 -256.910874 193.023923 196.358425 -23.406833 31.535891 -107.470458 0.000000 0.000000 0.000000 9.468949 1.410351 16.906075 -6.532284 -0.206051 3.609504 0.000000 0.000000 0.000000 -19.725801 5.064857 61.454802 0.000000 0.000000 0.000000 -42.573029 7.750400 72.337316 11.137082 12.285528 95.653227 -41.127408 -28.529707 68.251573 0.000000 0.000000 0.000000 -11.483853 -0.382173 3.799358 6.653172 0.016222 0.279091 0.000000 0.000000 0.000000 11.821159 7.688796 -24.025433 0.000000 0.000000 0.000000
0.472498 0.929295 0.148202 0.000000 0.000000 0.000000 -31.335855 37.039395 38.028070 6.601381 -38.953121 -12.112605 -29.596056 5.547894 3.857160 19.482599 -7.373023 65.647516 0.141528 -24.788771 0.644001 0.000000 0.000000 0.000000 34.576137 -1.216893 22.743700 -9.905708 -6.752280 1.817174 -25.018676 20.952393 -2.785536 180.115498 153.733766 -139.848487 1.349799 -13.135160 11.683953 0.000000 0.000000 0.000000 -8.935091 9.178251 -0.261351 -3.565696 -2.515634 -0.082976 0.000000 0.000000 0.000000 3.886064 -4.664991 -0.370497 4.906160 8.263694 -0.502043 -10.357249 -0.438260 -0.395805 0.000000 0.000000 0.000000 35.914031 0.626878 72.551358 -256.462109 194.850169 198.786271 -25.146846 34.275755 -108.243609 0.000000 0.000000 0.000000 8.502349 1.237293 16.530204 -6.394717 -0.212990 3.811366 0.000000 0.000000 0.000000 -19.981903 5.045715 61.915509 0.000000 0.000000 0.000000 -43.888512 7.014470 72.870272 10.794916 12.064867 96.401636 -43.000640 -29.640955 67.778471 0.000000 0.000000 0.000000 -11.268781 -0.377933 3.829370 6.463939 0.019145 0.339035 0.000000 0.000000 0.000000 11.476347 7.441043 -24.184459 0.000000 0.000000 0.000000
0.457886 0.936251 0.143197 0.000000 0.000000 0.000000 -32.545724 36.971892 38.139983 6.984917 -38.454874 -11.802434 -28.501827 4.735249 3.225210 19.073889 -6.165109 66.815256 0.279231 -25.137506 1.252367 0.000000 0.000000 0.000000 35.327246 -0.564469 22.612223 -11.272170 -5.850623 1.499473 -24.594330 18.970493 -2.589132 179.477435 151.956823 -138.816424 1.312495 -12.561673 11.882744 0.000000 0.000000 0.000000 -8.190534 8.604269 -0.283681 -3.194594 -2.670330 -0.067127 0.000000 0.000000 0.000000 3.874660 -4.167113 -0.371080 4.557707 8.144629 -0.489341 -10.402204 -0.831265 -0.424978 0.000000 0.000000 0.000000 37.164744 1.705081 72.852699 -255.971508 196.638658 201.212769 -26.932537 36.964287 -108.764300 0.000000 0.000000 0.000000 7.373002 1.047381 16.148678 -6.258107 -0.223220 4.081564 0.000000 0.000000 0.000000 -20.358443 5.045222 62.427908 0.000000 0.000000 0.000000 -45.136032 6.298107 73.218276 10.199462 11.569456 97.245360 -45.209317 -30.532452 66.492516 0.000000 0.000000 0.000000 -11.075596 -0.358802 3.699436 6.313162 0.025326 0.459231 0.000000 0.000000 0.000000 11.079963 7.177838 -24.222759 0.000000 0.000000 0.000000
0.440763 0.963585 0.133612 0.000000 0.000000 0.000000 -33.725944 36.907540 38.254094 7.361425 -38.073891 -11.537519 -27.413866 4.024346 2.685220 18.592499 -4.926231 67.931659 0.442263 -25.398421 1.962421 0.000000 0.000000 0.000000 35.944393 0.019483 22.437453 -12.490903 -4.843404 1.186244 -24.122744 16.923177 -2.376887 178.838315 150.320759 -137.758145 1.239788 -11.809245 11.944741 0.000000 0.000000 0.000000 -7.552073 8.052014 -0.299915 -2.839927 -2.808413 -0.051073 0.000000 0.000000 0.000000 3.922917 -3.673215 -0.375524 4.193803 8.086911 -0.483341 -10.485430 -1.169513 -0.452364 0.000000 0.000000 0.000000 38.333020 2.722193 73.068603 -255.252278 198.336099 203.650921 -28.715797 39.684761 -109.300310 0.000000 0.000000 0.000000 5.956798 0.821115 15.683251 -6.166978 -0.235541 4.370363 0.000000 0.000000 0.000000 -20.956891 5.111394 62.863908 0.000000 0.000000 0.000000 -46.319407 5.607995 73.425672 9.413133 10.859344 98.203343 -47.685317 -31.198260 64.563753 0.000000 0.000000 0.000000 -10.891982 -0.339270 3.557481 6.184925 0.032152 0.595111 0.000000 0.000000 0.000000 10.714920 6.946932 -24.174521 0.000000 0.000000 0.000000
0.422748 0.964226 0.121182 0.000000 0.000000 0.000000 -34.489213 36.781481 38.159552 7.644633 -37.607292 -11.282773 -26.394109 3.488940 2.283245 18.050918 -3.856702 68.607486 0.591214 -25.756376 2.585484 0.000000 0.000000 0.000000 36.258883 0.481649 22.143759 -13.448390 -4.003830 0.945042 -23.588982 15.199314 -2.204423 178.331330 149.076257 -137.052043 1.170435 -11.176271 11.919759 0.000000 0.000000 0.000000 -7.046882 7.648883 -0.306697 -2.539789 -2.908375 -0.036913 0.000000 0.000000 0.000000 3.983420 -3.359509 -0.380629 3.869932 8.123122 -0.486574 -10.528484 -1.344917 -0.466752 0.000000 0.000000 0.000000 39.242344 3.517624 72.969902 -254.695712 199.783998 205.743921 -30.280043 42.059248 -109.726406 0.000000 0.000000 0.000000 4.628080 0.625070 15.375571 -6.142177 -0.251099 4.677544 0.000000 0.000000 0.000000 -21.575154 5.182458 63.277197 0.000000 0.000000 0.000000 -47.182010 5.102675 73.233626 8.777686 10.274664 99.026312 -49.728572 -31.596419 62.810917 0.000000 0.000000 0.000000 -10.755804 -0.326644 3.468770 6.117932 0.039644 0.741840 0.000000 0.000000 0.000000 10.468017 6.800149 -24.067902 0.000000 0.000000 0.000000
0.412694 0.979703 0.110954 0.000000 0.000000 0.000000 -34.928977 36.645408 37.975072 7.770230 -37.108037 -11.077659 -25.439376 3.089167 1.984991 17.549207 -3.033055 68.916079 0.725437 -26.078991 3.131622 0.000000 0.000000 0.000000 36.328339 0.773123 21.845843 -14.196610 -3.151376 0.722031 -23.013298 13.736494 -2.060967 177.989055 148.281094 -136.549284 1.089290 -10.586351 11.716767 0.000000 0.000000 0.000000 -6.669648 7.351660 -0.309239 -2.286013 -2.957745 -0.024804 0.000000 0.000000 0.000000 4.096741 -3.186474 -0.389246 3.541226 8.269967 -0.499705 -10.584428 -1.363897 -0.470746 0.000000 0.000000 0.000000 39.842362 4.038486 72.731968 -254.151497 200.940650 207.486001 -31.395336 43.972634 -110.317574 0.000000 0.000000 0.000000 3.107758 0.412966 15.134894 -6.123420 -0.264190 4.936207 0.000000 0.000000 0.000000 -22.545262 5.359999 63.568304 0.000000 0.000000 0.000000 -47.778512 4.760366 72.681929 8.241679 9.774968 99.768472 -51.321232 -31.790466 61.314311 0.000000 0.000000 0.000000 -10.670358 -0.324400 3.472682 6.142383 0.047334 0.882201 0.000000 0.000000 0.000000 10.394355 6.775711 -23.885074 0.000000 0.000000 0.000000
0.407307 0.985688 0.106801 0.000000 0.000000 0.000000 -34.998752 36.491055 37.676955 7.694403 -36.736023 -10.986336 -24.593748 2.999896 1.896486 17.065998 -2.426487 68.812592 0.834392 -26.481594 3.545022 0.000000 0.000000 0.000000 36.167438 0.945336 21.498568 -14.591444 -2.514237 0.566891 -22.550180 12.618143 -1.944144 177.774862 147.758718 -136.364315 1.032483 -10.203256 11.526319 0.000000 0.000000 0.000000 -6.372832 7.147513 -0.308600 -2.100238 -2.997203 -0.015769 0.000000 0.000000 0.000000 4.122849 -3.120276 -0.391402 3.303196 8.415260 -0.512160 -10.590320 -1.324731 -0.468230 0.000000 0.000000 0.000000 40.134893 4.284392 72.237061 -253.875123 201.824138 208.763770 -32.951279 45.942681 -110.191803 0.000000 0.000000 0.000000 2.265568 0.296666 14.918490 -6.031470 -0.274457 5.205997 0.000000 0.000000 0.000000 -22.888170 5.381911 63.857884 0.000000 0.000000 0.000000 -47.940182 4.675779 72.039144 8.321134 9.910413 100.005612 -51.779927 -31.914185 61.006611 0.000000 0.000000 0.000000 -10.533790 -0.345180 3.743128 6.175983 0.050164 0.929849 0.000000 0.000000 0.000000 10.516847 6.878262 -23.713314 0.000000 0.000000 0.000000
0.403816 0.997545 0.106042 0.000000 0.000000 0.000000 -34.705853 36.337380 37.310862 7.358286 -36.472439 -11.021453 -23.870729 3.208080 1.999921 16.689070 -2.140447 68.300736 0.899735 -26.942423 3.754711 0.000000 0.000000 0.000000 35.778635 0.958649 21.156545 -14.632888 -1.997073 0.449500 -22.193508 11.868098 -1.865698 177.728073 147.614513 -136.424016 0.988991 -9.978236 11.292580 0.000000 0.000000 0.000000 -6.162784 7.004325 -0.307450 -1.984721 -2.997185 -0.010341 0.000000 0.000000 0.000000 4.073692 -3.133978 -0.387836 3.147295 8.554218 -0.523840 -10.546950 -1.212580 -0.458229 0.000000 0.000000 0.000000 40.105182 4.246494 71.476392 -253.807944 202.486872 209.655496 -35.654194 48.257813 -108.647544 0.000000 0.000000 0.000000 2.123957 0.273406 14.668450 -5.891242 -0.287317 5.579331 0.000000 0.000000 0.000000 -22.615650 5.223079 64.301191 0.000000 0.000000 0.000000 -47.630145 4.861059 71.255444 9.097134 10.786213 99.759484 -50.776450 -31.943297 62.186389 0.000000 0.000000 0.000000 -10.333972 -0.395748 4.374365 6.238661 0.046490 0.853068 0.000000 0.000000 0.000000 11.015818 7.220776 -23.603548 0.000000 0.000000 0.000000
0.398872 0.995164 0.109586 0.000000 0.000000 0.000000 -34.196247 36.221590 36.985103 6.838014 -36.362726 -11.170215 -23.334081 3.623595 2.235560 16.480002 -2.201616 67.507606 0.924160 -27.352569 3.796580 0.000000 0.000000 0.000000 35.284731 0.770351 20.975099 -14.401977 -1.512404 0.343601 -21.970104 11.403398 -1.815018 177.871864 147.915751 -136.706237 0.965961 -9.960407 11.050974 0.000000 0.000000 0.000000 -6.065970 6.941036 -0.306636 -1.933022 -2.997795 -0.007905 0.000000 0.000000 0.000000 4.035539 -3.276429 -0.384564 2.988891 8.769299 -0.541717 -10.573124 -1.021500 -0.445825 0.000000 0.000000 0.000000 39.647228 3.851460 70.849935 -254.033818 202.675594 209.782608 -39.896093 50.491655 -104.829330 0.000000 0.000000 0.000000 2.997822 0.372637 14.168190 -5.609713 -0.296354 6.043303 0.000000 0.000000 0.000000 -21.344019 4.839520 64.721697 0.000000 0.000000 0.000000 -47.056207 5.186472 70.511040 10.224838 12.005317 99.215510 -49.128143 -31.802966 63.868607 0.000000 0.000000 0.000000 -10.193553 -0.455159 5.099852 6.361512 0.041992 0.755629 0.000000 0.000000 0.000000 11.631614 7.653723 -23.412118 0.000000 0.000000 0.000000
0.396176 0.994839 0.108143 0.000000 0.000000 0.000000 -33.319510 36.124508 36.637951 6.027230 -36.369901 -11.460300 -22.930588 4.332241 2.651982 16.357693 -2.601688 66.223963 0.888610 -27.793406 3.590490 0.000000 0.000000 0.000000 34.563083 0.343230 20.892802 -13.803844 -1.038104 0.241544 -21.852307 11.221162 -1.797692 178.231704 148.735431 -137.278995 0.961457 -10.180763 10.761879 0.000000 0.000000 0.000000 -6.065754 6.947828 -0.306362 -1.954169 -2.978093 -0.009108 0.000000 0.000000 0.000000 4.003036 -3.564856 -0.381247 2.824980 9.072714 -0.566477 -10.667014 -0.708400 -0.427431 0.000000 0.000000 0.000000 38.668666 3.032063 70.153530 -254.647522 202.328041 209.023874 -45.349375 52.142075 -99.011448 0.000000 0.000000 0.000000 4.835791 0.558750 13.174334 -5.224453 -0.297132 6.505707 0.000000 0.000000 0.000000 -19.236143 4.332308 64.835204 0.000000 0.000000 0.000000 -46.007496 5.760004 69.697490 11.942463 13.742412 98.084235 -46.504258 -31.385216 66.357932 0.000000 0.000000 0.000000 -10.026017 -0.526531 5.997146 6.558133 0.034509 0.602323 0.000000 0.000000 0.000000 12.507569 8.263927 -23.211747 0.000000 0.000000 0.000000
0.398546 0.999425 0.095338 0.000000 0.000000 0.000000 -32.538980 36.090123 36.437470 5.223347 -36.517684 -11.797434 -22.702591 5.068446 3.089147 16.419877 -3.190823 65.128830 0.838679 -28.125937 3.347186 0.000000 0.000000 0.000000 33.974454 -0.087833 20.920303 -13.213476 -0.662895 0.157843 -21.858859 11.242244 -1.800429 178.602156 149.646248 -137.758273 0.967538 -10.479593 10.520852 0.000000 0.000000 0.000000 -6.119666 7.016590 -0.305496 -2.018423 -2.971263 -0.012186 0.000000 0.000000 0.000000 3.906309 -3.851155 -0.373926 2.753016 9.285206 -0.583784 -10.716943 -0.477332 -0.412756 0.000000 0.000000 0.000000 37.729984 2.261851 69.612929 -255.393118 201.847993 208.045418 -50.438631 52.645760 -92.817830 0.000000 0.000000 0.000000 6.467345 0.683244 12.048727 -4.798613 -0.286137 6.820942 0.000000 0.000000 0.000000 -17.300136 3.922692 64.627667 0.000000 0.000000 0.000000 -45.052921 6.267530 69.094366 13.703732 15.404641 96.760456 -43.993841 -30.897859 68.754634 0.000000 0.000000 0.000000 -9.847109 -0.595460 6.904039 6.755580 0.025661 0.434768 0.000000 0.000000 0.000000 13.359365 8.870643 -22.965839 0.000000 0.000000 0.000000
0.403174 1.006104 0.091266 0.000000 0.000000 0.000000 -31.773572 36.101356 36.330640 4.389011 -36.746587 -12.177770 -22.581276 5.832688 3.546955 16.651961 -4.019653 64.093289 0.750615 -28.426357 2.962918 0.000000 0.000000 0.000000 33.466950 -0.563367 21.060786 -12.573209 -0.289633 0.070677 -21.968542 11.392217 -1.813386 179.037372 150.779592 -138.244409 1.005251 -11.000518 10.410964 0.000000 0.000000 0.000000 -6.214119 7.122223 -0.304423 -2.132775 -2.989211 -0.017370 0.000000 0.000000 0.000000 3.791402 -4.212586 -0.365816 2.683995 9.474527 -0.598919 -10.783782 -0.284270 -0.401292 0.000000 0.000000 0.000000 36.807971 1.516149 69.172631 -256.272240 201.243890 206.869010 -54.169485 51.925411 -87.192608 0.000000 0.000000 0.000000 7.947675 0.756174 10.852805 -4.437190 -0.272073 7.014080 0.000000 0.000000 0.000000 -15.713361 3.651024 63.988752 0.000000 0.000000 0.000000 -44.173302 6.726462 68.640797 15.655370 17.111486 95.158736 -41.479603 -30.310154 71.151259 0.000000 0.000000 0.000000 -9.586958 -0.661502 7.876042 6.916801 0.018333 0.303350 0.000000 0.000000 0.000000 14.223185 9.511252 -22.608570 0.000000 0.000000 0.000000
0.412904 1.006669 0.091299 0.000000 0.000000 0.000000 -31.249593 36.156562 36.347799 3.714418 -37.082694 -12.543525 -22.632975 6.440004 3.920721 16.851291 -4.621706 63.468334 0.691938 -28.596933 2.714410 0.000000 0.000000 0.000000 33.180963 -0.890196 21.204879 -12.044274 -0.098838 0.024603 -22.183879 11.556826 -1.817434 179.338520 151.616532 -138.460270 1.021636 -11.282484 10.315111 0.000000 0.000000 0.000000 -6.316395 7.227915 -0.303420 -2.273625 -3.003519 -0.023867 0.000000 0.000000 0.000000 3.590746 -4.468834 -0.353399 2.762416 9.550769 -0.606393 -10.758222 -0.172667 -0.392190 0.000000 0.000000 0.000000 36.064764 0.920073 68.889060 -257.060951 200.597346 205.708201 -55.607611 50.308188 -83.370499 0.000000 0.000000 0.000000 9.017211 0.772288 9.770450 -4.230526 -0.262076 7.086559 0.000000 0.000000 0.000000 -14.705466 3.522618 63.192423 0.000000 0.000000 0.000000 -43.462828 7.096394 68.436183 17.410190 18.545552 93.677159 -39.224011 -29.597218 73.108488 0.000000 0.000000 0.000000 -9.401903 -0.713453 8.659721 7.117394 0.007897 0.126972 0.000000 0.000000 0.000000 15.019141 10.081773 -22.423803 0.000000 0.000000 0.000000
0.425284 1.001487 0.096235 0.000000 0.000000 0.000000 -30.851437 36.210660 36.382946 3.187412 -37.421561 -12.861199 -22.772060 6.885188 4.203607 17.032789 -5.089059 63.080113 0.641503 -28.812939 2.496950 0.000000 0.000000 0.000000 33.049022 -1.060904 21.293169 -11.615344 -0.135976 0.034388 -22.446155 11.741914 -1.819124 179.554117 152.236142 -138.564177 1.050077 -11.600170 10.310040 0.000000 0.000000 0.000000 -6.401999 7.333788 -0.301700 -2.462509 -3.027259 -0.032605 0.000000 0.000000 0.000000 3.293564 -4.670755 -0.336199 2.986639 9.513092 -0.606168 -10.625705 -0.158948 -0.386311 0.000000 0.000000 0.000000 35.506677 0.478611 68.628455 -257.993171 199.952535 204.513514 -55.674498 48.269739 -80.627149 0.000000 0.000000 0.000000 9.790058 0.772778 9.004824 -4.036142 -0.246590 6.989459 0.000000 0.000000 0.000000 -13.862649 3.425335 62.363900 0.000000 0.000000 0.000000 -42.900463 7.391393 68.381411 19.058959 19.815837 92.274116 -37.411814 -28.931304 74.607899 0.000000 0.000000 0.000000 -9.153764 -0.744903 9.284994 7.259149 -0.000705 -0.011113 0.000000 0.000000 0.000000 15.677553 10.569285 -22.208730 0.000000 0.000000 0.000000
0.436616 1.000206 0.101370 0.000000 0.000000 0.000000 -30.900137 36.281375 36.522963 2.966491 -37.773029 -13.072981 -22.902811 7.006344 4.288667 17.162070 -5.163455 63.317344 0.641567 -29.009664 2.479532 0.000000 0.000000 0.000000 33.217637 -0.992471 21.352618 -11.413180 -0.194504 0.049555 -22.747835 11.658985 -1.774675 179.576969 152.350671 -138.319574 1.071613 -11.765112 10.372630 0.000000 0.000000 0.000000 -6.469880 7.367622 -0.302366 -2.622131 -3.073062 -0.039927 0.000000 0.000000 0.000000 3.021745 -4.807515 -0.321146 3.201359 9.461467 -0.604435 -10.470335 -0.205497 -0.383868 0.000000 0.000000 0.000000 35.417429 0.404932 68.652641 -258.712785 199.567499 203.747589 -54.423760 46.076985 -79.185580 0.000000 0.000000 0.000000 10.060794 0.746193 8.461930 -3.922903 -0.233577 6.812306 0.000000 0.000000 0.000000 -13.507136 3.419212 61.707333 0.000000 0.000000 0.000000 -42.854180 7.423987 68.570622 20.081137 20.612720 91.528742 -36.321005 -28.372266 75.237780 0.000000 0.000000 0.000000 -9.195320 -0.776538 9.633783 7.425518 -0.010822 -0.166780 0.000000 0.000000 0.000000 16.076345 10.858228 -22.119296 0.000000 0.000000 0.000000
0.443585 0.999621 0.105327 0.000000 0.000000 0.000000 -31.310964 36.331576 36.687028 3.088525 -38.145037 -13.164198 -23.052335 6.863643 4.213500 17.174132 -4.852909 63.969960 0.700139 -29.307482 2.677124 0.000000 0.000000 0.000000 33.603526 -0.672646 21.299594 -11.430981 -0.343767 0.087526 -23.034742 11.379961 -1.702699 179.446862 152.057583 -137.853591 1.106020 -11.885145 10.595543 0.000000 0.000000 0.000000 -6.487478 7.354781 -0.303461 -2.760955 -3.159740 -0.046231 0.000000 0.000000 0.000000 2.720928 -4.868470 -0.304560 3.464430 9.367651 -0.599263 -10.251582 -0.319900 -0.383559 0.000000 0.000000 0.000000 35.681037 0.610763 68.819966 -259.326367 199.533292 203.456415 -53.397436 43.940955 -77.471079 0.000000 0.000000 0.000000 10.217477 0.722008 8.062799 -3.783775 -0.221771 6.706243 0.000000 0.000000 0.000000 -13.114035 3.357934 61.387745 0.000000 0.000000 0.000000 -43.211410 7.249843 68.959137 20.717115 21.231873 91.437982 -35.765719 -27.842453 75.062962 0.000000 0.000000 0.000000 -9.311321 -0.795243 9.741885 7.531846 -0.017497 -0.265813 0.000000 0.000000 0.000000 16.318829 11.034032 -22.066881 0.000000 0.000000 0.000000
0.445144 0.998985 0.106918 0.000000 0.000000 0.000000 -32.141720 36.407244 36.976336 3.435275 -38.549048 -13.180489 -23.175705 6.422206 3.951662 17.119219 -4.240489 65.050895 0.792429 -29.460189 3.013463 0.000000 0.000000 0.000000 34.255544 -0.115352 21.183657 -11.595266 -0.460439 0.116530 -23.396475 10.901832 -1.595464 179.104239 151.232018 -137.084838 1.132958 -11.807079 10.923932 0.000000 0.000000 0.000000 -6.461304 7.234304 -0.307795 -2.819662 -3.278447 -0.048707 0.000000 0.000000 0.000000 2.436886 -4.830480 -0.288232 3.708087 9.250490 -0.591265 -10.019575 -0.496427 -0.386419 0.000000 0.000000 0.000000 36.394328 1.178588 69.147726 -259.587059 200.039351 203.950808 -53.213578 42.174858 -75.180254 0.000000 0.000000 0.000000 10.267819 0.693264 7.704756 -3.620060 -0.214034 6.765038 0.000000 0.000000 0.000000 -12.686236 3.236614 61.480106 0.000000 0.000000 0.000000 -43.962171 6.867407 69.569575 21.209409 21.813686 91.647807 -35.312643 -27.348606 74.786182 0.000000 0.000000 0.000000 -9.660931 -0.820537 9.686627 7.649698 -0.025019 -0.374218 0.000000 0.000000 0.000000 16.493528 11.097779 -22.332056 0.000000 0.000000 0.000000
0.440041 1.000232 0.108960 0.000000 0.000000 0.000000 -33.423106 36.476025 37.344273 4.081297 -39.009950 -13.099360 -23.275560 5.646788 3.480808 16.967817 -3.286212 66.609538 0.934777 -29.507776 3.548496 0.000000 0.000000 0.000000 35.211191 0.731170 20.961625 -11.956364 -0.560110 0.139879 -23.828436 10.184781 -1.450678 178.512901 149.850908 -135.991726 1.160339 -11.588856 11.397047 0.000000 0.000000 0.000000 -6.349963 6.980718 -0.314805 -2.815058 -3.439250 -0.047977 0.000000 0.000000 0.000000 2.133880 -4.705262 -0.269530 3.951454 9.115202 -0.581033 -9.740824 -0.738092 -0.390799 0.000000 0.000000 0.000000 37.639235 2.188105 69.562478 -259.550154 201.182608 205.320231 -53.860926 40.580752 -72.094195 0.000000 0.000000 0.000000 10.209634 0.663309 7.414896 -3.377317 -0.202624 6.864791 0.000000 0.000000 0.000000 -12.134849 3.020617 62.138229 0.000000 0.000000 0.000000 -45.166797 6.230067 70.435245 21.489482 22.334193 92.263236 -35.192566 -26.966693 74.180407 0.000000 0.000000 0.000000 -10.350538 -0.857123 9.442198 7.803823 -0.033839 -0.496121 0.000000 0.000000 0.000000 16.462167 10.969394 -22.849332 0.000000 0.000000 0.000000
0.434729 1.000673 0.110502 0.000000 0.000000 0.000000 -34.959136 36.488549 37.664104 4.973761 -39.325254 -12.866003 -23.259892 4.587083 2.826234 16.628010 -1.936053 68.580524 1.149955 -29.632969 4.345401 0.000000 0.000000 0.000000 36.336235 1.774077 20.614414 -12.491072 -0.726842 0.177919 -24.120147 9.237758 -1.291153 177.643079 147.947242 -134.579283 1.181252 -11.231717 11.969801 0.000000 0.000000 0.000000 -6.188582 6.628629 -0.323449 -2.773643 -3.607243 -0.045287 0.000000 0.000000 0.000000 1.871365 -4.498767 -0.251322 4.130706 8.989263 -0.570578 -9.462680 -1.035422 -0.397454 0.000000 0.000000 0.000000 39.242892 3.508913 70.040392 -259.173373 202.669114 207.252825 -54.852570 39.036998 -68.673798 0.000000 0.000000 0.000000 9.980885 0.639690 7.315885 -3.046351 -0.186639 7.010195 0.000000 0.000000 0.000000 -11.401003 2.742057 63.034342 0.000000 0.000000 0.000000 -46.815587 5.318887 71.293345 21.130056 22.495460 93.673298 -35.782769 -26.703128 72.646509 0.000000 0.000000 0.000000 -11.296006 -0.887819 8.959107 7.939871 -0.038313 -0.552055 0.000000 0.000000 0.000000 16.143587 10.666146 -23.291770 0.000000 0.000000 0.000000
0.431824 0.995539 0.107796 0.000000 0.000000 0.000000 -36.719535 36.442977 37.923477 6.079940 -39.528295 -12.507005 -23.169835 3.246578 1.996462 16.068054 -0.214960 70.954668 1.434519 -29.651991 5.415728 0.000000 0.000000 0.000000 37.636839 3.003774 20.137356 -13.193091 -0.954190 0.227386 -24.302436 8.152301 -1.125664 176.451245 145.557533 -132.845321 1.190533 -10.720554 12.637379 0.000000 0.000000 0.000000 -5.964704 6.188342 -0.331926 -2.692385 -3.781923 -0.040305 0.000000 0.000000 0.000000 1.645450 -4.220881 -0.233199 4.264221 8.822226 -0.555356 -9.187914 -1.370940 -0.405079 0.000000 0.000000 0.000000 41.187938 5.135701 70.521990 -258.398295 204.472655 209.782800 -55.971470 37.370090 -64.947463 0.000000 0.000000 0.000000 9.632367 0.617792 7.322342 -2.637817 -0.166729 7.232131 0.000000 0.000000 0.000000 -10.412391 2.385299 64.259415 0.000000 0.000000 0.000000 -48.857241 4.149172 72.128902 20.344484 22.419308 95.685977 -36.896662 -26.541949 70.521764 0.000000 0.000000 0.000000 -12.600439 -0.918966 8.309184 8.089450 -0.040259 -0.569338 0.000000 0.000000 0.000000 15.518500 10.148033 -23.820804 0.000000 0.000000 0.000000
0.423635 0.994530 0.099086 0.000000 0.000000 0.000000 -38.499501 36.319454 38.030487 7.308809 -39.562538 -12.042652 -22.896430 1.827739 1.117828 15.114297 1.950162 73.555776 1.836404 -29.701771 6.917775 0.000000 0.000000 0.000000 38.922328 4.362332 19.421246 -13.956027 -1.330656 0.307757 -24.294443 6.829851 -0.943081 174.929360 142.764693 -130.955322 1.170813 -9.968490 13.364508 0.000000 0.000000 0.000000 -5.672768 5.699820 -0.337307 -2.580024 -3.963337 -0.033318 0.000000 0.000000 0.000000 1.432833 -3.930328 -0.214600 4.347074 8.745752 -0.548397 -8.880508 -1.696861 -0.408912 0.000000 0.000000 0.000000 43.425093 7.011561 70.666573 -257.279740 206.537566 212.869888 -57.014214 35.397503 -60.874097 0.000000 0.000000 0.000000 8.987928 0.589751 7.492970 -2.138010 -0.139589 7.470119 0.000000 0.000000 0.000000 -9.383720 2.033336 65.598018 0.000000 0.000000 0.000000 -51.139188 2.808463 72.731932 18.876482 21.820550 98.450258 -38.705309 -26.257464 67.173124 0.000000 0.000000 0.000000 -14.129095 -0.916441 7.384844 8.262241 -0.034206 -0.473595 0.000000 0.000000 0.000000 14.572458 9.458110 -24.193659 0.000000 0.000000 0.000000
0.409439 0.994750 0.086573 0.000000 0.000000 0.000000 -40.554094 36.162760 38.124190 8.756734 -39.539719 -11.477953 -22.524380 0.190084 0.115401 13.682189 4.684036 76.795738 2.377202 -29.515433 9.007008 0.000000 0.000000 0.000000 40.396581 5.919710 18.512696 -14.865408 -1.800272 0.401360 -24.196566 5.245533 -0.728539 172.868138 139.448314 -128.531357 1.111139 -8.931370 14.155299 0.000000 0.000000 0.000000 -5.314796 5.118369 -0.339899 -2.439131 -4.168118 -0.024201 0.000000 0.000000 0.000000 1.230499 -3.601235 -0.194824 4.379397 8.715244 -0.545585 -8.546154 -2.055070 -0.411295 0.000000 0.000000 0.000000 46.129666 9.266835 70.634634 -255.448636 208.829113 216.759452 -57.273958 32.931523 -56.850752 0.000000 0.000000 0.000000 7.867746 0.544976 7.912408 -1.556093 -0.103854 7.636103 0.000000 0.000000 0.000000 -8.470705 1.716204 67.132264 0.000000 0.000000 0.000000 -53.929808 1.138889 73.233653 16.508065 20.336688 102.068076 -41.478199 -25.816521 62.370013 0.000000 0.000000 0.000000 -16.039813 -0.857423 6.079938 8.488514 -0.014241 -0.191898 0.000000 0.000000 0.000000 13.115646 8.471338 -24.416945 0.000000 0.000000 0.000000
0.392754 0.994990 0.070542 0.000000 0.000000 0.000000 -42.511897 35.965550 38.101269 10.180779 -39.376412 -10.884589 -22.085245 -1.475519 -0.888107 11.866467 7.634234 80.397550 3.005690 -29.122680 11.534561 0.000000 0.000000 0.000000 41.879309 7.501802 17.471890 -15.800924 -2.381887 0.510682 -23.951825 3.536824 -0.498741 170.382002 136.064377 -125.650347 0.998202 -7.645595 14.855367 0.000000 0.000000 0.000000 -4.943045 4.534249 -0.338136 -2.311712 -4.357805 -0.015488 0.000000 0.000000 0.000000 1.062065 -3.307212 -0.177038 4.387414 8.776118 -0.551664 -8.238820 -2.380218 -0.411435 0.000000 0.000000 0.000000 49.136793 11.713018 70.229228 -253.111345 211.218011 221.291481 -57.239160 30.210467 -52.639856 0.000000 0.000000 0.000000 6.794045 0.498611 8.385010 -0.956359 -0.065024 7.779029 0.000000 0.000000 0.000000 -7.460204 1.414644 68.554079 0.000000 0.000000 0.000000 -56.952811 -0.676496 73.449371 13.502437 17.857043 106.003903 -44.847860 -25.078456 56.647163 0.000000 0.000000 0.000000 -17.971454 -0.652231 4.122940 8.713072 0.016675 0.218875 0.000000 0.000000 0.000000 11.382979 7.308622 -24.694740 0.000000 0.000000 0.000000
0.378676 0.983808 0.058422 0.000000 0.000000 0.000000 -44.557591 35.776905 38.110233 11.620677 -39.194141 -10.287816 -21.665826 -3.237557 -1.932824 9.499281 10.914174 84.732377 3.658221 -28.137315 14.524457 0.000000 0.000000 0.000000 43.461086 9.147271 16.298154 -16.769693 -3.086946 0.634656 -23.638720 1.657432 -0.238285 167.194193 132.565177 -121.863628 0.819311 -6.051956 15.405702 0.000000 0.000000 0.000000 -4.558534 3.918353 -0.332604 -2.200915 -4.534429 -0.007470 0.000000 0.000000 0.000000 0.913391 -3.013047 -0.159820 4.373796 8.878750 -0.561729 -7.954856 -2.710398 -0.411454 0.000000 0.000000 0.000000 52.526157 14.369435 69.484701 -249.819833 213.611295 226.804335 -56.454498 27.063837 -48.296427 0.000000 0.000000 0.000000 5.655620 0.441131 8.912764 -0.343625 -0.023580 7.850957 0.000000 0.000000 0.000000 -6.489205 1.151706 69.892274 0.000000 0.000000 0.000000 -60.299878 -2.679541 73.453105 9.936764 14.167927 110.051878 -48.399464 -23.631068 49.922378 0.000000 0.000000 0.000000 -19.971597 -0.222608 1.264257 8.978385 0.069369 0.883536 0.000000 0.000000 0.000000 9.349507 5.931998 -25.280903 0.000000 0.000000 0.000000
0.370679 0.980455 0.050829 0.000000 0.000000 0.000000 -46.442868 35.562585 38.009720 13.045172 -38.928042 -9.682719 -21.256335 -4.887261 -2.894701 6.833135 14.012401 89.177661 4.186012 -26.766004 17.465508 0.000000 0.000000 0.000000 45.073871 10.713992 15.138488 -17.781131 -3.800141 0.746470 -23.354573 -0.100241 0.014664 163.652319 129.438830 -117.726033 0.615968 -4.452778 15.744204 0.000000 0.000000 0.000000 -4.200396 3.387002 -0.322764 -2.105285 -4.686977 -0.000273 0.000000 0.000000 0.000000 0.823208 -2.802954 -0.148246 4.335254 9.075210 -0.580816 -7.728689 -2.963721 -0.409853 0.000000 0.000000 0.000000 56.056826 17.009987 68.496271 -245.666044 215.641189 232.963106 -55.635537 23.945176 -43.790282 0.000000 0.000000 0.000000 5.012177 0.413106 9.417454 0.276322 0.018889 7.821257 0.000000 0.000000 0.000000 -5.176030 0.873669 70.850966 0.000000 0.000000 0.000000 -63.867258 -4.730235 72.956810 6.011311 9.248149 114.017916 -51.781086 -21.527619 42.777741 0.000000 0.000000 0.000000 -21.679297 0.403306 -2.106054 9.249640 0.141457 1.748532 0.000000 0.000000 0.000000 7.187011 4.503602 -25.896061 0.000000 0.000000 0.000000
0.366329 0.980891 0.041511 0.000000 0.000000 0.000000 -48.389668 35.361230 37.943369 14.544490 -38.688431 -9.067430 -20.933551 -6.552085 -3.857104 3.713566 17.056228 94.218224 4.503492 -24.726036 20.340509 0.000000 0.000000 0.000000 46.845650 12.261139 14.001887 -18.861487 -4.484184 0.837113 -23.187263 -1.814783 0.268212 159.519223 126.677132 -112.720200 0.385756 -2.780837 15.792255 0.000000 0.000000 0.000000 -3.864297 2.889820 -0.310476 -2.033862 -4.802727 0.005285 0.000000 0.000000 0.000000 0.778378 -2.657974 -0.141381 4.269867 9.378992 -0.610014 -7.563865 -3.159373 -0.408553 0.000000 0.000000 0.000000 59.880128 19.740108 67.334877 -240.308383 217.060813 239.967051 -54.640294 20.811097 -39.138410 0.000000 0.000000 0.000000 4.972174 0.424620 9.756307 0.818338 0.054122 7.567584 0.000000 0.000000 0.000000 -3.608693 0.589740 71.443180 0.000000 0.000000 0.000000 -67.830969 -6.884152 72.005941 1.603820 2.649666 117.633407 -54.501623 -18.477797 35.053872 0.000000 0.000000 0.000000 -22.942881 1.319906 -6.497452 9.591571 0.249133 2.968805 0.000000 0.000000 0.000000 4.936746 3.034535 -26.863003 0.000000 0.000000 0.000000
0.359319 0.982282 0.036403 0.000000 0.000000 0.000000 -49.924535 35.186477 37.838494 15.632580 -38.510010 -8.626197 -20.633149 -7.861480 -4.601678 0.674265 19.512319 98.597367 4.567379 -22.669884 22.503433 0.000000 0.000000 0.000000 48.348478 13.524205 13.005808 -19.718283 -5.082239 0.909600 -22.967440 -3.175940 0.475690 155.508470 124.521480 -108.022775 0.178652 -1.296802 15.687156 0.000000 0.000000 0.000000 -3.560043 2.500956 -0.295800 -1.979562 -4.907069 0.009778 0.000000 0.000000 0.000000 0.765133 -2.591552 -0.138753 4.196264 9.688401 -0.639309 -7.455176 -3.270309 -0.406594 0.000000 0.000000 0.000000 63.260533 21.957659 65.985372 -235.108342 217.661111 246.336424 -53.156578 18.107863 -35.334911 0.000000 0.000000 0.000000 5.522101 0.479050 9.908569 1.040137 0.066451 7.310709 0.000000 0.000000 0.000000 -2.305339 0.371741 71.681928 0.000000 0.000000 0.000000 -71.249181 -8.595454 70.842508 -2.094836 -3.627485 119.999047 -55.560942 -15.623339 29.193507 0.000000 0.000000 0.000000 -23.316886 2.177634 -10.525511 9.718068 0.346930 4.079335 0.000000 0.000000 0.000000 3.187065 1.913578 -28.045445 0.000000 0.000000 0.000000
0.348822 0.984620 0.034851 0.000000 0.000000 0.000000 -51.152088 35.063086 37.792545 16.355398 -38.480834 -8.356924 -20.392947 -8.819999 -5.139344 -2.347734 21.579326 102.460316 4.486096 -20.635623 24.284252 0.000000 0.000000 0.000000 49.663763 14.568853 12.155627 -20.401916 -5.656977 0.977801 -22.758665 -4.130050 0.626402 151.651546 122.841730 -103.583807 -0.001823 0.013430 15.458649 0.000000 0.000000 0.000000 -3.287657 2.230492 -0.279779 -1.959869 -4.981289 0.011817 0.000000 0.000000 0.000000 0.782990 -2.600049 -0.140317 4.105592 10.036363 -0.671657 -7.411187 -3.288739 -0.404589 0.000000 0.000000 0.000000 66.181401 23.725375 64.640387 -230.094246 217.548331 252.064908 -51.465127 15.735716 -31.997302 0.000000 0.000000 0.000000 6.626656 0.568028 9.787894 1.116933 0.068854 7.054910 0.000000 0.000000 0.000000 -0.952572 0.153251 71.721351 0.000000 0.000000 0.000000 -74.132042 -9.904672 69.604375 -5.172023 -9.229368 121.541151 -55.191688 -13.140373 24.853263 0.000000 0.000000 0.000000 -23.124647 2.926940 -14.236113 9.774410 0.436758 5.104614 0.000000 0.000000 0.000000 1.968536 1.151523 -29.351006 0.000000 0.000000 0.000000
0.337262 0.985909 0.029571 0.000000 0.000000 0.000000 -51.830146 34.979194 37.719972 16.540021 -38.537147 -8.303090 -20.238616 -9.344986 -5.429289 -4.678315 22.981757 104.971655 4.304258 -19.010514 25.299595 0.000000 0.000000 0.000000 50.521821 15.222770 11.609104 -20.696861 -5.946823 1.012217 -22.619768 -4.698265 0.718501 149.029097 121.889282 -100.582141 -0.116398 0.873750 15.175876 0.000000 0.000000 0.000000 -3.051797 2.094888 -0.263634 -1.929074 -5.029077 0.014316 0.000000 0.000000 0.000000 0.820590 -2.722233 -0.146110 4.010837 10.342694 -0.699387 -7.378557 -3.210224 -0.399103 0.000000 0.000000 0.000000 68.037217 24.741732 63.620270 -226.524515 217.087935 255.931113 -49.468175 13.968111 -29.783130 0.000000 0.000000 0.000000 7.803964 0.647120 9.465978 1.031853 0.062457 6.927469 0.000000 0.000000 0.000000 -0.199081 0.032207 71.621058 0.000000 0.000000 0.000000 -75.978926 -10.615397 68.527664 -6.927165 -12.647849 122.719036 -53.643344 -11.626405 22.769510 0.000000 0.000000 0.000000 -23.065460 3.460186 -16.840626 9.919965 0.509742 5.868532 0.000000 0.000000 0.000000 1.432273 0.818120 -30.531367 0.000000 0.000000 0.000000
0.318473 0.986883 0.015528 0.000000 0.000000 0.000000 -52.089036 34.949660 37.698649 16.178097 -38.745564 -8.483547 -20.148669 -9.522664 -5.522844 -6.391603 23.943611 106.400156 4.125227 -17.862979 25.814378 0.000000 0.000000 0.000000 51.031326 15.590249 11.309202 -20.665204 -6.044149 1.030532 -22.574412 -4.884830 0.749045 147.447087 121.435518 -98.673486 -0.190974 1.466398 14.839330 0.000000 0.000000 0.000000 -2.830034 2.070386 -0.246854 -1.902807 -5.061172 0.016371 0.000000 0.000000 0.000000 0.883331 -2.951711 -0.156203 3.891709 10.642849 -0.725464 -7.397954 -3.029782 -0.392491 0.000000 0.000000 0.000000 68.979345 25.195359 62.980090 -224.058389 216.508276 258.371313 -47.208296 12.643785 -28.453230 0.000000 0.000000 0.000000 9.100926 0.720529 9.034591 0.776592 0.046982 6.923994 0.000000 0.000000 0.000000 0.072984 -0.011807 71.620875 0.000000 0.000000 0.000000 -76.933766 -10.869537 67.683250 -7.344063 -13.802718 124.132770 -51.196420 -11.046307 22.822335 0.000000 0.000000 0.000000 -23.679726 3.857296 -18.250923 10.376149 0.570650 6.278645 0.000000 0.000000 0.000000 1.541751 0.862005 -31.582208 0.000000 0.000000 0.000000
0.304668 0.991035 0.011885 0.000000 0.000000 0.000000 -52.294316 34.884877 37.561891 15.961360 -38.929544 -8.606532 -19.997474 -9.539206 -5.515674 -8.259608 24.956321 107.539750 3.978072 -16.831973 26.420029 0.000000 0.000000 0.000000 51.385028 15.841694 11.101569 -20.576160 -5.967989 1.022301 -22.396565 -4.979901 0.771558 146.164310 120.979878 -97.348630 -0.243534 1.895325 14.642528 0.000000 0.000000 0.000000 -2.637067 2.085468 -0.231850 -1.857295 -5.076621 0.019506 0.000000 0.000000 0.000000 0.883212 -3.173897 -0.161421 3.788190 10.877218 -0.745131 -7.359020 -2.897636 -0.384391 0.000000 0.000000 0.000000 69.676952 25.479234 62.393441 -221.745441 215.816275 260.559321 -45.121782 11.545673 -27.352951 0.000000 0.000000 0.000000 10.331375 0.756400 8.352252 0.577234 0.035176 6.974496 0.000000 0.000000 0.000000 0.279927 -0.045745 71.437923 0.000000 0.000000 0.000000 -77.732106 -11.023265 66.842184 -7.214612 -13.988295 125.604963 -48.903444 -10.855296 23.605083 0.000000 0.000000 0.000000 -24.434369 4.054887 -18.570912 10.870376 0.609622 6.400525 0.000000 0.000000 0.000000 2.017335 1.110978 -32.318951 0.000000 0.000000 0.000000
0.296264 0.990202 0.012157 0.000000 0.000000 0.000000 -52.250613 34.807426 37.327704 15.590703 -39.121439 -8.789225 -19.794453 -9.317976 -5.365387 -10.058471 25.945602 107.967198 3.890766 -16.058036 27.077968 0.000000 0.000000 0.000000 51.481002 15.935438 10.992867 -20.298517 -5.787824 1.005838 -22.117545 -4.814459 0.757910 145.461733 120.594860 -96.892285 -0.278084 2.172754 14.585192 0.000000 0.000000 0.000000 -2.473576 2.182588 -0.218543 -1.795231 -5.080703 0.023597 0.000000 0.000000 0.000000 0.838797 -3.442963 -0.164706 3.701572 11.074917 -0.761414 -7.258893 -2.732072 -0.371332 0.000000 0.000000 0.000000 69.894196 25.430030 61.865098 -219.873034 215.170203 262.292364 -42.795477 10.575252 -26.577819 0.000000 0.000000 0.000000 11.488923 0.765023 7.593799 0.368840 0.022816 7.079426 0.000000 0.000000 0.000000 0.364549 -0.060541 71.141828 0.000000 0.000000 0.000000 -78.094683 -10.918352 65.977633 -6.122076 -12.365844 127.455711 -46.199394 -11.118607 25.709466 0.000000 0.000000 0.000000 -25.710374 3.969465 -17.269130 11.582959 0.609517 6.004025 0.000000 0.000000 0.000000 2.969431 1.616611 -32.878255 0.000000 0.000000 0.000000
0.292274 0.991346 0.009238 0.000000 0.000000 0.000000 -52.264223 34.704289 37.033286 15.423790 -39.302932 -8.895240 -19.573074 -9.013763 -5.166580 -12.058840 27.026388 108.390021 3.755627 -15.130092 27.734305 0.000000 0.000000 0.000000 51.500793 15.963903 10.951936 -20.050674 -5.417279 0.953429 -21.762177 -4.715255 0.757276 144.888751 120.187675 -96.698916 -0.315049 2.466955 14.553228 0.000000 0.000000 0.000000 -2.340413 2.260809 -0.207914 -1.729217 -5.059761 0.027636 0.000000 0.000000 0.000000 0.735683 -3.647938 -0.162723 3.670364 11.184727 -0.770808 -7.131719 -2.661398 -0.360905 0.000000 0.000000 0.000000 69.971941 25.359355 61.541784 -218.081280 214.428407 263.830129 -40.876473 9.755354 -25.796509 0.000000 0.000000 0.000000 12.505482 0.751457 6.850400 0.211170 0.013376 7.248968 0.000000 0.000000 0.000000 0.433486 -0.072721 70.953759 0.000000 0.000000 0.000000 -78.437053 -10.829191 65.201496 -4.812646 -10.069106 128.996655 -43.603189 -11.415555 28.058851 0.000000 0.000000 0.000000 -27.021980 3.682616 -15.241018 12.370708 0.589133 5.431979 0.000000 0.000000 0.000000 4.183247 2.264901 -33.150915 0.000000 0.000000 0.000000
0.290501 1.007184 0.004726 0.000000 0.000000 0.000000 -52.225410 34.562619 36.616266 15.329385 -39.480563 -8.973900 -19.323973 -8.511809 -4.853598 -14.129040 28.167208 108.480204 3.562471 -14.067973 28.292447 0.000000 0.000000 0.000000 51.388565 15.893485 11.000460 -19.790267 -4.892230 0.872379 -21.257883 -4.523530 0.746897 144.668947 119.756497 -97.121043 -0.353316 2.773438 14.517184 0.000000 0.000000 0.000000 -2.236114 2.338591 -0.199625 -1.654767 -5.008647 0.031797 0.000000 0.000000 0.000000 0.576911 -3.835919 -0.157044 3.673936 11.206212 -0.772914 -6.958585 -2.664840 -0.350911 0.000000 0.000000 0.000000 69.830249 25.197664 61.389239 -216.427747 213.639629 265.146525 -39.094389 9.023791 -25.061163 0.000000 0.000000 0.000000 13.599787 0.723577 6.062612 0.014857 0.000972 7.487740 0.000000 0.000000 0.000000 0.504018 -0.085175 70.816400 0.000000 0.000000 0.000000 -78.706235 -10.706979 64.452939 -3.106849 -6.701786 130.295676 -41.053716 -11.854771 30.996433 0.000000 0.000000 0.000000 -28.152639 2.978025 -11.837179 13.165626 0.507417 4.394902 0.000000 0.000000 0.000000 5.929555 3.209477 -33.179775 0.000000 0.000000 0.000000
0.290860 1.010270 -0.001432 0.000000 0.000000 0.000000 -52.098238 34.372954 36.044391 15.382989 -39.496571 -8.957788 -19.053493 -8.106970 -4.596907 -16.379847 29.397023 108.575069 3.443887 -13.202780 29.123586 0.000000 0.000000 0.000000 51.186888 15.821973 10.976590 -19.569976 -4.412739 0.795550 -20.689044 -4.450826 0.757606 144.323569 119.228768 -97.509720 -0.387056 3.014562 14.629678 0.000000 0.000000 0.000000 -2.131086 2.409905 -0.191452 -1.568336 -4.964929 0.036763 0.000000 0.000000 0.000000 0.371483 -4.014208 -0.148649 3.761510 11.222755 -0.776958 -6.724882 -2.639329 -0.336273 0.000000 0.000000 0.000000 69.770886 25.005551 61.004507 -214.945603 213.014671 266.546365 -37.542862 8.380371 -24.329251 0.000000 0.000000 0.000000 14.281321 0.671191 5.353802 -0.064254 -0.004225 7.523609 0.000000 0.000000 0.000000 0.646690 -0.110745 70.565124 0.000000 0.000000 0.000000 -78.962685 -10.556782 63.652481 -1.622165 -3.574023 131.186754 -38.481327 -12.022873 33.577983 0.000000 0.000000 0.000000 -29.203184 2.284986 -8.755284 13.953211 0.407809 3.331663 0.000000 0.000000 0.000000 7.348293 3.957463 -33.436753 0.000000 0.000000 0.000000
0.291581 1.019781 -0.006801 0.000000 0.000000 0.000000 -51.622952 34.083625 35.128804 15.423051 -39.213206 -8.873616 -18.708791 -7.602854 -4.280311 -18.764659 30.791764 108.109376 3.396142 -12.540376 30.199244 0.000000 0.000000 0.000000 50.695981 15.626330 10.960574 -19.326009 -3.996297 0.729201 -19.873821 -4.268527 0.757844 144.352559 118.541316 -98.763214 -0.420750 3.238187 14.802545 0.000000 0.000000 0.000000 -2.049786 2.473741 -0.185182 -1.464453 -4.863179 0.041911 0.000000 0.000000 0.000000 0.070406 -4.230385 -0.136118 3.997982 11.256309 -0.786940 -6.357153 -2.567012 -0.312348 0.000000 0.000000 0.000000 69.430583 24.568755 60.497957 -214.205328 212.864294 267.572960 -35.888566 7.740985 -23.600356 0.000000 0.000000 0.000000 14.418624 0.609859 4.818431 -0.143282 -0.009384 7.494226 0.000000 0.000000 0.000000 0.494375 -0.086386 70.176768 0.000000 0.000000 0.000000 -78.942303 -10.195127 62.662695 0.083766 0.187464 131.846000 -35.349218 -11.816113 35.982302 0.000000 0.000000 0.000000 -30.375789 1.480903 -5.451371 14.844388 0.267468 2.052949 0.000000 0.000000 0.000000 8.605277 4.599231 -33.818043 0.000000 0.000000 0.000000
